dataset,path,class,skin_fraction,error
SCIN,C:\Users\tishy\Documents\Honors\dataset\SCIN\images\-4119328652026046199.png,Eczema,0.8365478515625,
SCIN,C:\Users\tishy\Documents\Honors\dataset\SCIN\images\1527988518649089970.png,Eczema,0.91375732421875,
SCIN,C:\Users\tishy\Documents\Honors\dataset\SCIN\images\7957037724011770922.png,Eczema,0.66796875,
SCIN,C:\Users\tishy\Documents\Honors\dataset\SCIN\images\-4436877722004252234.png,Eczema,0.91668701171875,
SCIN,C:\Users\tishy\Documents\Honors\dataset\SCIN\images\6675143408858735444.png,Eczema,0.77642822265625,
SCIN,C:\Users\tishy\Documents\Honors\dataset\SCIN\images\9047654489067734884.png,Eczema,0.6845703125,
SCIN,C:\Users\tishy\Documents\Honors\dataset\SCIN\images\-8239529408406365093.png,Eczema,0.99835205078125,
SCIN,C:\Users\tishy\Documents\Honors\dataset\SCIN\images\-3940816727290109028.png,Eczema,0.772216796875,
SCIN,C:\Users\tishy\Documents\Honors\dataset\SCIN\images\-457463002444974882.png,Eczema,0.85345458984375,
SCIN,C:\Users\tishy\Documents\Honors\dataset\SCIN\images\3672035037804163918.png,Eczema,0.97711181640625,
SCIN,C:\Users\tishy\Documents\Honors\dataset\SCIN\images\-1263855921325980066.png,Eczema,0.544189453125,
SCIN,C:\Users\tishy\Documents\Honors\dataset\SCIN\images\-4076782359054286063.png,Eczema,0.00555419921875,
SCIN,C:\Users\tishy\Documents\Honors\dataset\SCIN\images\8187090160093201589.png,Eczema,0.77313232421875,
SCIN,C:\Users\tishy\Documents\Honors\dataset\SCIN\images\5666232087679610822.png,Eczema,0.79339599609375,
SCIN,C:\Users\tishy\Documents\Honors\dataset\SCIN\images\2634903212622073763.png,Eczema,0.353515625,
SCIN,C:\Users\tishy\Documents\Honors\dataset\SCIN\images\5475014386524307360.png,Eczema,0.4495849609375,
SCIN,C:\Users\tishy\Documents\Honors\dataset\SCIN\images\7870109801780410868.png,Eczema,0.5382080078125,
SCIN,C:\Users\tishy\Documents\Honors\dataset\SCIN\images\-2476666525066355593.png,Eczema,0.58428955078125,
SCIN,C:\Users\tishy\Documents\Honors\dataset\SCIN\images\-6512147186058965264.png,Eczema,0.5087890625,
SCIN,C:\Users\tishy\Documents\Honors\dataset\SCIN\images\8043881180069547461.png,Eczema,0.9625244140625,
SCIN,C:\Users\tishy\Documents\Honors\dataset\SCIN\images\1779309246996751578.png,Eczema,0.9315185546875,
SCIN,C:\Users\tishy\Documents\Honors\dataset\SCIN\images\-9186663381072946606.png,Eczema,0.12042236328125,
SCIN,C:\Users\tishy\Documents\Honors\dataset\SCIN\images\-4767504724286041742.png,Eczema,0.945556640625,
SCIN,C:\Users\tishy\Documents\Honors\dataset\SCIN\images\3854838007785418240.png,Eczema,0.453125,
SCIN,C:\Users\tishy\Documents\Honors\dataset\SCIN\images\8020891537658973646.png,Eczema,0.94146728515625,
SCIN,C:\Users\tishy\Documents\Honors\dataset\SCIN\images\-6572623590789008562.png,Eczema,0.384521484375,
SCIN,C:\Users\tishy\Documents\Honors\dataset\SCIN\images\9102222709706846440.png,Eczema,0.90093994140625,
SCIN,C:\Users\tishy\Documents\Honors\dataset\SCIN\images\-4573383150487721045.png,Eczema,0.98138427734375,
SCIN,C:\Users\tishy\Documents\Honors\dataset\SCIN\images\-4315380494523344416.png,Eczema,0.9083251953125,
SCIN,C:\Users\tishy\Documents\Honors\dataset\SCIN\images\8804770671385544837.png,Eczema,0.51434326171875,
SCIN,C:\Users\tishy\Documents\Honors\dataset\SCIN\images\-8054001866397330447.png,Eczema,0.853271484375,
SCIN,C:\Users\tishy\Documents\Honors\dataset\SCIN\images\7791538138327469326.png,Eczema,0.6510009765625,
SCIN,C:\Users\tishy\Documents\Honors\dataset\SCIN\images\-3472013078354125372.png,Eczema,1.0,
SCIN,C:\Users\tishy\Documents\Honors\dataset\SCIN\images\-2497369499064387207.png,Eczema,0.5645751953125,
SCIN,C:\Users\tishy\Documents\Honors\dataset\SCIN\images\7470478986187106035.png,Eczema,0.60675048828125,
SCIN,C:\Users\tishy\Documents\Honors\dataset\SCIN\images\-101827005996397499.png,Eczema,0.87884521484375,
SCIN,C:\Users\tishy\Documents\Honors\dataset\SCIN\images\-1287537139414408239.png,Eczema,0.44677734375,
SCIN,C:\Users\tishy\Documents\Honors\dataset\SCIN\images\9105346707210308949.png,Eczema,0.61993408203125,
SCIN,C:\Users\tishy\Documents\Honors\dataset\SCIN\images\-5786766637950420055.png,Eczema,0.87249755859375,
SCIN,C:\Users\tishy\Documents\Honors\dataset\SCIN\images\-5116461847734141400.png,Eczema,0.99725341796875,
SCIN,C:\Users\tishy\Documents\Honors\dataset\SCIN\images\5604714673774290686.png,Eczema,0.92742919921875,
SCIN,C:\Users\tishy\Documents\Honors\dataset\SCIN\images\3140482091238147853.png,Eczema,0.7650146484375,
SCIN,C:\Users\tishy\Documents\Honors\dataset\SCIN\images\6049746348803202577.png,Eczema,0.8770751953125,
SCIN,C:\Users\tishy\Documents\Honors\dataset\SCIN\images\9033109747957812158.png,Eczema,0.84423828125,
SCIN,C:\Users\tishy\Documents\Honors\dataset\SCIN\images\7696895576315201202.png,Eczema,0.7081298828125,
SCIN,C:\Users\tishy\Documents\Honors\dataset\SCIN\images\-1687786499395222413.png,Eczema,0.83929443359375,
SCIN,C:\Users\tishy\Documents\Honors\dataset\SCIN\images\9154597863499272620.png,Eczema,0.7662353515625,
SCIN,C:\Users\tishy\Documents\Honors\dataset\SCIN\images\1907862242724374121.png,Eczema,0.26824951171875,
SCIN,C:\Users\tishy\Documents\Honors\dataset\SCIN\images\7701107720886548973.png,Eczema,0.60205078125,
SCIN,C:\Users\tishy\Documents\Honors\dataset\SCIN\images\-4603590259708776060.png,Eczema,0.55157470703125,
SCIN,C:\Users\tishy\Documents\Honors\dataset\SCIN\images\-2771384970277456203.png,Eczema,0.68365478515625,
SCIN,C:\Users\tishy\Documents\Honors\dataset\SCIN\images\-6428053927743852697.png,Eczema,0.8868408203125,
SCIN,C:\Users\tishy\Documents\Honors\dataset\SCIN\images\-5409557810550060682.png,Eczema,0.73297119140625,
SCIN,C:\Users\tishy\Documents\Honors\dataset\SCIN\images\-6561484724818123004.png,Eczema,0.80950927734375,
SCIN,C:\Users\tishy\Documents\Honors\dataset\SCIN\images\-4113364670973148735.png,Eczema,0.00457763671875,
SCIN,C:\Users\tishy\Documents\Honors\dataset\SCIN\images\-7675297277521429765.png,Eczema,0.7493896484375,
SCIN,C:\Users\tishy\Documents\Honors\dataset\SCIN\images\-4680035242121105254.png,Eczema,0.524658203125,
SCIN,C:\Users\tishy\Documents\Honors\dataset\SCIN\images\-7445662782263265515.png,Eczema,0.89569091796875,
SCIN,C:\Users\tishy\Documents\Honors\dataset\SCIN\images\-736839246514769800.png,Eczema,0.9561767578125,
SCIN,C:\Users\tishy\Documents\Honors\dataset\SCIN\images\70450900473269645.png,Eczema,0.653076171875,
SCIN,C:\Users\tishy\Documents\Honors\dataset\SCIN\images\5816442523665549473.png,Eczema,0.65509033203125,
SCIN,C:\Users\tishy\Documents\Honors\dataset\SCIN\images\-429900437128686382.png,Eczema,0.64093017578125,
SCIN,C:\Users\tishy\Documents\Honors\dataset\SCIN\images\3846988567346853286.png,Eczema,0.98822021484375,
SCIN,C:\Users\tishy\Documents\Honors\dataset\SCIN\images\-8617284865077803152.png,Eczema,0.58526611328125,
SCIN,C:\Users\tishy\Documents\Honors\dataset\SCIN\images\2562611754724897853.png,Eczema,0.70123291015625,
SCIN,C:\Users\tishy\Documents\Honors\dataset\SCIN\images\8876568324686727458.png,Eczema,0.76898193359375,
SCIN,C:\Users\tishy\Documents\Honors\dataset\SCIN\images\-560232169955476365.png,Eczema,0.9161376953125,
SCIN,C:\Users\tishy\Documents\Honors\dataset\SCIN\images\7852465164599698161.png,Eczema,0.96441650390625,
SCIN,C:\Users\tishy\Documents\Honors\dataset\SCIN\images\6868042259667551510.png,Eczema,0.45416259765625,
SCIN,C:\Users\tishy\Documents\Honors\dataset\SCIN\images\-5094266838669858826.png,Eczema,0.8780517578125,
SCIN,C:\Users\tishy\Documents\Honors\dataset\SCIN\images\6997401234513151920.png,Eczema,0.9737548828125,
SCIN,C:\Users\tishy\Documents\Honors\dataset\SCIN\images\-7743291557587090042.png,Eczema,0.6171875,
SCIN,C:\Users\tishy\Documents\Honors\dataset\SCIN\images\-4136834548903834195.png,Eczema,0.51263427734375,
SCIN,C:\Users\tishy\Documents\Honors\dataset\SCIN\images\-4306378996274164926.png,Eczema,0.753173828125,
SCIN,C:\Users\tishy\Documents\Honors\dataset\SCIN\images\-7955175484125975778.png,Eczema,0.4415283203125,
SCIN,C:\Users\tishy\Documents\Honors\dataset\SCIN\images\7777133227591406533.png,Eczema,0.8521728515625,
SCIN,C:\Users\tishy\Documents\Honors\dataset\SCIN\images\3625927970563316170.png,Eczema,0.9097900390625,
SCIN,C:\Users\tishy\Documents\Honors\dataset\SCIN\images\-5585920928490955201.png,Eczema,0.72259521484375,
SCIN,C:\Users\tishy\Documents\Honors\dataset\SCIN\images\227927129134706308.png,Eczema,0.708251953125,
SCIN,C:\Users\tishy\Documents\Honors\dataset\SCIN\images\-845380407717415265.png,Eczema,0.85040283203125,
SCIN,C:\Users\tishy\Documents\Honors\dataset\SCIN\images\4308656549168040797.png,Eczema,0.40533447265625,
SCIN,C:\Users\tishy\Documents\Honors\dataset\SCIN\images\3377584127732041409.png,Eczema,0.806396484375,
SCIN,C:\Users\tishy\Documents\Honors\dataset\SCIN\images\-790136595695714665.png,Eczema,0.86553955078125,
SCIN,C:\Users\tishy\Documents\Honors\dataset\SCIN\images\7492234621272268742.png,Eczema,0.91058349609375,
SCIN,C:\Users\tishy\Documents\Honors\dataset\SCIN\images\-4151350569016626448.png,Eczema,0.92327880859375,
SCIN,C:\Users\tishy\Documents\Honors\dataset\SCIN\images\7722204000693864047.png,Eczema,0.81707763671875,
SCIN,C:\Users\tishy\Documents\Honors\dataset\SCIN\images\-1489554259511957542.png,Eczema,0.42095947265625,
SCIN,C:\Users\tishy\Documents\Honors\dataset\SCIN\images\2694548651684997841.png,Eczema,0.538330078125,
SCIN,C:\Users\tishy\Documents\Honors\dataset\SCIN\images\5837921410652230755.png,Eczema,0.55535888671875,
SCIN,C:\Users\tishy\Documents\Honors\dataset\SCIN\images\-177741761654665523.png,Eczema,0.80816650390625,
SCIN,C:\Users\tishy\Documents\Honors\dataset\SCIN\images\3927167794563159897.png,Eczema,0.76568603515625,
SCIN,C:\Users\tishy\Documents\Honors\dataset\SCIN\images\4133668967666016070.png,Eczema,0.75994873046875,
SCIN,C:\Users\tishy\Documents\Honors\dataset\SCIN\images\-3481793704947608790.png,Eczema,0.85394287109375,
SCIN,C:\Users\tishy\Documents\Honors\dataset\SCIN\images\-9109824565676367958.png,Eczema,0.9910888671875,
SCIN,C:\Users\tishy\Documents\Honors\dataset\SCIN\images\-9212359218854294582.png,Eczema,0.52484130859375,
SCIN,C:\Users\tishy\Documents\Honors\dataset\SCIN\images\4045630925436019833.png,Eczema,0.001708984375,
SCIN,C:\Users\tishy\Documents\Honors\dataset\SCIN\images\6628616317931292707.png,Eczema,0.7606201171875,
SCIN,C:\Users\tishy\Documents\Honors\dataset\SCIN\images\6631843639016190189.png,Eczema,0.69140625,
SCIN,C:\Users\tishy\Documents\Honors\dataset\SCIN\images\7168721207638666394.png,Eczema,0.95819091796875,
SCIN,C:\Users\tishy\Documents\Honors\dataset\SCIN\images\3899516695780399983.png,Eczema,0.74969482421875,
SCIN,C:\Users\tishy\Documents\Honors\dataset\SCIN\images\-2109737640141340092.png,Eczema,0.70343017578125,
SCIN,C:\Users\tishy\Documents\Honors\dataset\SCIN\images\-9150805037763734176.png,Eczema,0.939453125,
SCIN,C:\Users\tishy\Documents\Honors\dataset\SCIN\images\3397875770673970206.png,Eczema,0.662841796875,
SCIN,C:\Users\tishy\Documents\Honors\dataset\SCIN\images\1180361584407188093.png,Eczema,0.85968017578125,
SCIN,C:\Users\tishy\Documents\Honors\dataset\SCIN\images\8775541043281471206.png,Eczema,0.7724609375,
SCIN,C:\Users\tishy\Documents\Honors\dataset\SCIN\images\-2929036763099166629.png,Eczema,0.255859375,
SCIN,C:\Users\tishy\Documents\Honors\dataset\SCIN\images\8353361916006195791.png,Eczema,0.19110107421875,
SCIN,C:\Users\tishy\Documents\Honors\dataset\SCIN\images\7869205072791433100.png,Eczema,0.50860595703125,
SCIN,C:\Users\tishy\Documents\Honors\dataset\SCIN\images\7417464969081725029.png,Eczema,0.61395263671875,
SCIN,C:\Users\tishy\Documents\Honors\dataset\SCIN\images\3318646782389326114.png,Eczema,0.709716796875,
SCIN,C:\Users\tishy\Documents\Honors\dataset\SCIN\images\-8933122876369538878.png,Eczema,0.76495361328125,
SCIN,C:\Users\tishy\Documents\Honors\dataset\SCIN\images\6495810299188613611.png,Eczema,0.63311767578125,
SCIN,C:\Users\tishy\Documents\Honors\dataset\SCIN\images\-8309061698872621287.png,Eczema,0.37451171875,
SCIN,C:\Users\tishy\Documents\Honors\dataset\SCIN\images\5885480633888728240.png,Eczema,0.80657958984375,
SCIN,C:\Users\tishy\Documents\Honors\dataset\SCIN\images\3947352846309906865.png,Eczema,0.8358154296875,
SCIN,C:\Users\tishy\Documents\Honors\dataset\SCIN\images\-2033066751549921721.png,Eczema,0.7919921875,
SCIN,C:\Users\tishy\Documents\Honors\dataset\SCIN\images\395621552216449334.png,Eczema,0.90216064453125,
SCIN,C:\Users\tishy\Documents\Honors\dataset\SCIN\images\-3059654233454543811.png,Eczema,0.65325927734375,
SCIN,C:\Users\tishy\Documents\Honors\dataset\SCIN\images\-2489398836625963530.png,Eczema,0.80657958984375,
SCIN,C:\Users\tishy\Documents\Honors\dataset\SCIN\images\-5376888133703495985.png,Eczema,0.7235107421875,
SCIN,C:\Users\tishy\Documents\Honors\dataset\SCIN\images\-6107847576493924285.png,Eczema,0.774658203125,
SCIN,C:\Users\tishy\Documents\Honors\dataset\SCIN\images\7120026547390926334.png,Eczema,0.84521484375,
SCIN,C:\Users\tishy\Documents\Honors\dataset\SCIN\images\8542477226677637987.png,Eczema,0.50518798828125,
SCIN,C:\Users\tishy\Documents\Honors\dataset\SCIN\images\-5732857245539407305.png,Eczema,0.83258056640625,
SCIN,C:\Users\tishy\Documents\Honors\dataset\SCIN\images\-3578549284921191146.png,Eczema,0.9091796875,
SCIN,C:\Users\tishy\Documents\Honors\dataset\SCIN\images\-7625656626952816481.png,Eczema,0.92169189453125,
SCIN,C:\Users\tishy\Documents\Honors\dataset\SCIN\images\393661975178714315.png,Eczema,0.8466796875,
SCIN,C:\Users\tishy\Documents\Honors\dataset\SCIN\images\7002508655843923344.png,Eczema,0.52435302734375,
SCIN,C:\Users\tishy\Documents\Honors\dataset\SCIN\images\-2079383910052664228.png,Eczema,0.98809814453125,
SCIN,C:\Users\tishy\Documents\Honors\dataset\SCIN\images\-1647208460985153529.png,Eczema,0.7841796875,
SCIN,C:\Users\tishy\Documents\Honors\dataset\SCIN\images\4164337558517481425.png,Eczema,0.566650390625,
SCIN,C:\Users\tishy\Documents\Honors\dataset\SCIN\images\-4071768868495766495.png,Eczema,0.684814453125,
SCIN,C:\Users\tishy\Documents\Honors\dataset\SCIN\images\-859326882085129131.png,Eczema,0.9669189453125,
SCIN,C:\Users\tishy\Documents\Honors\dataset\SCIN\images\-6118687420139087611.png,Eczema,0.67742919921875,
SCIN,C:\Users\tishy\Documents\Honors\dataset\SCIN\images\-4880647203781624346.png,Eczema,0.53558349609375,
SCIN,C:\Users\tishy\Documents\Honors\dataset\SCIN\images\-953727545596279641.png,Eczema,0.26092529296875,
SCIN,C:\Users\tishy\Documents\Honors\dataset\SCIN\images\1643819065600517653.png,Eczema,0.9989013671875,
SCIN,C:\Users\tishy\Documents\Honors\dataset\SCIN\images\-2064087285742963892.png,Eczema,0.853759765625,
SCIN,C:\Users\tishy\Documents\Honors\dataset\SCIN\images\-8545507601606408653.png,Eczema,0.8494873046875,
SCIN,C:\Users\tishy\Documents\Honors\dataset\SCIN\images\1970249032025055411.png,Eczema,0.8905029296875,
SCIN,C:\Users\tishy\Documents\Honors\dataset\SCIN\images\9079077127826406933.png,Eczema,0.71527099609375,
SCIN,C:\Users\tishy\Documents\Honors\dataset\SCIN\images\-1160477743339353280.png,Eczema,0.94268798828125,
SCIN,C:\Users\tishy\Documents\Honors\dataset\SCIN\images\-5390403732124632941.png,Eczema,1.0,
SCIN,C:\Users\tishy\Documents\Honors\dataset\SCIN\images\-3053256628485862140.png,Eczema,0.87115478515625,
SCIN,C:\Users\tishy\Documents\Honors\dataset\SCIN\images\-1634812113032318983.png,Eczema,0.8006591796875,
SCIN,C:\Users\tishy\Documents\Honors\dataset\SCIN\images\8190999976849585619.png,Eczema,0.90020751953125,
SCIN,C:\Users\tishy\Documents\Honors\dataset\SCIN\images\4851798629512515375.png,Eczema,0.8812255859375,
SCIN,C:\Users\tishy\Documents\Honors\dataset\SCIN\images\-1120481478267460560.png,Eczema,0.9036865234375,
SCIN,C:\Users\tishy\Documents\Honors\dataset\SCIN\images\7303749197675363359.png,Eczema,0.43121337890625,
SCIN,C:\Users\tishy\Documents\Honors\dataset\SCIN\images\-7389159419784489894.png,Eczema,0.9959716796875,
SCIN,C:\Users\tishy\Documents\Honors\dataset\SCIN\images\-3836665857980310045.png,Eczema,0.8743896484375,
SCIN,C:\Users\tishy\Documents\Honors\dataset\SCIN\images\-5296431265976524306.png,Eczema,0.7685546875,
SCIN,C:\Users\tishy\Documents\Honors\dataset\SCIN\images\3871578790621255671.png,Eczema,0.52508544921875,
SCIN,C:\Users\tishy\Documents\Honors\dataset\SCIN\images\8725423739996957959.png,Eczema,0.45458984375,
SCIN,C:\Users\tishy\Documents\Honors\dataset\SCIN\images\-2398859378888320661.png,Eczema,0.85467529296875,
SCIN,C:\Users\tishy\Documents\Honors\dataset\SCIN\images\8055771025691084393.png,Eczema,0.5606689453125,
SCIN,C:\Users\tishy\Documents\Honors\dataset\SCIN\images\-7609697586211899286.png,Eczema,0.666259765625,
SCIN,C:\Users\tishy\Documents\Honors\dataset\SCIN\images\-2219827066341789081.png,Eczema,0.88262939453125,
SCIN,C:\Users\tishy\Documents\Honors\dataset\SCIN\images\-1176139745215707994.png,Eczema,0.9527587890625,
SCIN,C:\Users\tishy\Documents\Honors\dataset\SCIN\images\8534614443021283236.png,Eczema,0.74212646484375,
SCIN,C:\Users\tishy\Documents\Honors\dataset\SCIN\images\-5256429932634187395.png,Eczema,0.57708740234375,
SCIN,C:\Users\tishy\Documents\Honors\dataset\SCIN\images\-2694778364670578365.png,Eczema,0.72882080078125,
SCIN,C:\Users\tishy\Documents\Honors\dataset\SCIN\images\-6706328135925294711.png,Eczema,0.753662109375,
SCIN,C:\Users\tishy\Documents\Honors\dataset\SCIN\images\8366685296281366557.png,Eczema,0.49688720703125,
SCIN,C:\Users\tishy\Documents\Honors\dataset\SCIN\images\-5448632209165507782.png,Eczema,0.8392333984375,
SCIN,C:\Users\tishy\Documents\Honors\dataset\SCIN\images\-5382881724534486828.png,Eczema,0.885986328125,
SCIN,C:\Users\tishy\Documents\Honors\dataset\SCIN\images\-7508592580409408491.png,Eczema,0.83453369140625,
SCIN,C:\Users\tishy\Documents\Honors\dataset\SCIN\images\6497616863106691573.png,Eczema,0.38494873046875,
SCIN,C:\Users\tishy\Documents\Honors\dataset\SCIN\images\-6289833455905228029.png,Eczema,0.6103515625,
SCIN,C:\Users\tishy\Documents\Honors\dataset\SCIN\images\5336018037169319124.png,Eczema,0.7757568359375,
SCIN,C:\Users\tishy\Documents\Honors\dataset\SCIN\images\5632157492123174629.png,Eczema,0.75897216796875,
SCIN,C:\Users\tishy\Documents\Honors\dataset\SCIN\images\-9221035133244224964.png,Eczema,0.23028564453125,
SCIN,C:\Users\tishy\Documents\Honors\dataset\SCIN\images\2359176550304599261.png,Eczema,0.54296875,
SCIN,C:\Users\tishy\Documents\Honors\dataset\SCIN\images\-8327688402916422319.png,Eczema,0.8140869140625,
SCIN,C:\Users\tishy\Documents\Honors\dataset\SCIN\images\9198500737462176368.png,Eczema,0.26507568359375,
SCIN,C:\Users\tishy\Documents\Honors\dataset\SCIN\images\-6161162331612535164.png,Eczema,0.8746337890625,
SCIN,C:\Users\tishy\Documents\Honors\dataset\SCIN\images\5133096466979662132.png,Eczema,0.83221435546875,
SCIN,C:\Users\tishy\Documents\Honors\dataset\SCIN\images\-4075310940141929102.png,Eczema,0.808837890625,
SCIN,C:\Users\tishy\Documents\Honors\dataset\SCIN\images\4276313574827699447.png,Eczema,0.606201171875,
SCIN,C:\Users\tishy\Documents\Honors\dataset\SCIN\images\-7277514071091705587.png,Eczema,0.41668701171875,
SCIN,C:\Users\tishy\Documents\Honors\dataset\SCIN\images\5586321102989632118.png,Eczema,0.74151611328125,
SCIN,C:\Users\tishy\Documents\Honors\dataset\SCIN\images\7658702570302360524.png,Eczema,0.59051513671875,
SCIN,C:\Users\tishy\Documents\Honors\dataset\SCIN\images\6411099091037930319.png,Eczema,0.793701171875,
SCIN,C:\Users\tishy\Documents\Honors\dataset\SCIN\images\-5259460570876140361.png,Eczema,0.981201171875,
SCIN,C:\Users\tishy\Documents\Honors\dataset\SCIN\images\8334000853689515147.png,Eczema,0.652099609375,
SCIN,C:\Users\tishy\Documents\Honors\dataset\SCIN\images\-6297664799169832787.png,Eczema,0.76385498046875,
SCIN,C:\Users\tishy\Documents\Honors\dataset\SCIN\images\6055835778532338513.png,Eczema,0.98956298828125,
SCIN,C:\Users\tishy\Documents\Honors\dataset\SCIN\images\-6500687472185879574.png,Eczema,0.935302734375,
SCIN,C:\Users\tishy\Documents\Honors\dataset\SCIN\images\4415183841130068283.png,Eczema,0.72998046875,
SCIN,C:\Users\tishy\Documents\Honors\dataset\SCIN\images\6657145439277621297.png,Eczema,0.7279052734375,
SCIN,C:\Users\tishy\Documents\Honors\dataset\SCIN\images\-4574517859891367319.png,Eczema,0.942626953125,
SCIN,C:\Users\tishy\Documents\Honors\dataset\SCIN\images\1339647873939722982.png,Eczema,0.88885498046875,
SCIN,C:\Users\tishy\Documents\Honors\dataset\SCIN\images\-7110334037625264755.png,Eczema,0.90167236328125,
SCIN,C:\Users\tishy\Documents\Honors\dataset\SCIN\images\1590085795051217125.png,Eczema,0.48974609375,
SCIN,C:\Users\tishy\Documents\Honors\dataset\SCIN\images\5086266645616326579.png,Eczema,0.8255615234375,
SCIN,C:\Users\tishy\Documents\Honors\dataset\SCIN\images\-41508743784102671.png,Eczema,0.57562255859375,
SCIN,C:\Users\tishy\Documents\Honors\dataset\SCIN\images\3592193595988016117.png,Eczema,0.86053466796875,
SCIN,C:\Users\tishy\Documents\Honors\dataset\SCIN\images\6811082803205502222.png,Eczema,0.6348876953125,
SCIN,C:\Users\tishy\Documents\Honors\dataset\SCIN\images\1330382506320065118.png,Eczema,0.2720947265625,
SCIN,C:\Users\tishy\Documents\Honors\dataset\SCIN\images\-5473654302560810311.png,Eczema,0.33184814453125,
SCIN,C:\Users\tishy\Documents\Honors\dataset\SCIN\images\8879508306621168977.png,Eczema,0.5364990234375,
SCIN,C:\Users\tishy\Documents\Honors\dataset\SCIN\images\868711849758505110.png,Eczema,0.78076171875,
SCIN,C:\Users\tishy\Documents\Honors\dataset\SCIN\images\3998476769988018648.png,Eczema,0.7974853515625,
SCIN,C:\Users\tishy\Documents\Honors\dataset\SCIN\images\466560589572785229.png,Eczema,0.75347900390625,
SCIN,C:\Users\tishy\Documents\Honors\dataset\SCIN\images\638722916707851230.png,Eczema,0.66143798828125,
SCIN,C:\Users\tishy\Documents\Honors\dataset\SCIN\images\8013060069192910653.png,Eczema,0.145263671875,
SCIN,C:\Users\tishy\Documents\Honors\dataset\SCIN\images\2718854131676367612.png,Eczema,0.7801513671875,
SCIN,C:\Users\tishy\Documents\Honors\dataset\SCIN\images\5655540960364786102.png,Eczema,0.41748046875,
SCIN,C:\Users\tishy\Documents\Honors\dataset\SCIN\images\2426005272291842267.png,Eczema,0.89801025390625,
SCIN,C:\Users\tishy\Documents\Honors\dataset\SCIN\images\-2615067672343817892.png,Eczema,0.654052734375,
SCIN,C:\Users\tishy\Documents\Honors\dataset\SCIN\images\-8100602937335660438.png,Eczema,0.87066650390625,
SCIN,C:\Users\tishy\Documents\Honors\dataset\SCIN\images\-611262731968854358.png,Eczema,0.52655029296875,
SCIN,C:\Users\tishy\Documents\Honors\dataset\SCIN\images\5100815424449862591.png,Eczema,0.5828857421875,
SCIN,C:\Users\tishy\Documents\Honors\dataset\SCIN\images\-998965366567233636.png,Eczema,0.61968994140625,
SCIN,C:\Users\tishy\Documents\Honors\dataset\SCIN\images\6148765009257671062.png,Eczema,0.37347412109375,
SCIN,C:\Users\tishy\Documents\Honors\dataset\SCIN\images\3048596608278672157.png,Eczema,0.6490478515625,
SCIN,C:\Users\tishy\Documents\Honors\dataset\SCIN\images\-3729405817702330277.png,Eczema,0.6614990234375,
SCIN,C:\Users\tishy\Documents\Honors\dataset\SCIN\images\-5311088105871258453.png,Eczema,0.77288818359375,
SCIN,C:\Users\tishy\Documents\Honors\dataset\SCIN\images\1585280233209265033.png,Eczema,0.71356201171875,
SCIN,C:\Users\tishy\Documents\Honors\dataset\SCIN\images\5866868960471089698.png,Eczema,0.7130126953125,
SCIN,C:\Users\tishy\Documents\Honors\dataset\SCIN\images\-1175252715545111648.png,Eczema,0.8829345703125,
SCIN,C:\Users\tishy\Documents\Honors\dataset\SCIN\images\5016025779516745101.png,Eczema,0.709228515625,
SCIN,C:\Users\tishy\Documents\Honors\dataset\SCIN\images\436139237363385762.png,Eczema,0.463623046875,
SCIN,C:\Users\tishy\Documents\Honors\dataset\SCIN\images\4199977277685459132.png,Eczema,0.84320068359375,
SCIN,C:\Users\tishy\Documents\Honors\dataset\SCIN\images\-6715006302962078444.png,Eczema,0.75201416015625,
SCIN,C:\Users\tishy\Documents\Honors\dataset\SCIN\images\-6470193107247201070.png,Eczema,0.58880615234375,
SCIN,C:\Users\tishy\Documents\Honors\dataset\SCIN\images\-7532348811139560177.png,Eczema,0.73992919921875,
SCIN,C:\Users\tishy\Documents\Honors\dataset\SCIN\images\7510144370582011689.png,Eczema,0.58837890625,
SCIN,C:\Users\tishy\Documents\Honors\dataset\SCIN\images\-7721876733224782628.png,Eczema,0.656494140625,
SCIN,C:\Users\tishy\Documents\Honors\dataset\SCIN\images\2845801414848619921.png,Eczema,0.73919677734375,
SCIN,C:\Users\tishy\Documents\Honors\dataset\SCIN\images\-1272269089515966092.png,Eczema,0.95330810546875,
SCIN,C:\Users\tishy\Documents\Honors\dataset\SCIN\images\8875069263151459186.png,Eczema,0.4149169921875,
SCIN,C:\Users\tishy\Documents\Honors\dataset\SCIN\images\-5113427845298536558.png,Eczema,0.68316650390625,
SCIN,C:\Users\tishy\Documents\Honors\dataset\SCIN\images\-4572573838215927835.png,Eczema,0.56787109375,
SCIN,C:\Users\tishy\Documents\Honors\dataset\SCIN\images\-2720193912587488455.png,Eczema,0.7127685546875,
SCIN,C:\Users\tishy\Documents\Honors\dataset\SCIN\images\9032393467447326209.png,Eczema,0.4176025390625,
SCIN,C:\Users\tishy\Documents\Honors\dataset\SCIN\images\-7196750938559076046.png,Eczema,0.56085205078125,
SCIN,C:\Users\tishy\Documents\Honors\dataset\SCIN\images\849421289568872090.png,Eczema,0.34356689453125,
SCIN,C:\Users\tishy\Documents\Honors\dataset\SCIN\images\3331028455841202440.png,Eczema,0.8231201171875,
SCIN,C:\Users\tishy\Documents\Honors\dataset\SCIN\images\3229128760845230044.png,Eczema,0.1287841796875,
SCIN,C:\Users\tishy\Documents\Honors\dataset\SCIN\images\-8117626302996219311.png,Eczema,0.80963134765625,
SCIN,C:\Users\tishy\Documents\Honors\dataset\SCIN\images\3334880499001633627.png,Eczema,0.80120849609375,
SCIN,C:\Users\tishy\Documents\Honors\dataset\SCIN\images\1678281205783001740.png,Eczema,0.46954345703125,
SCIN,C:\Users\tishy\Documents\Honors\dataset\SCIN\images\2402315738072109658.png,Eczema,0.54669189453125,
SCIN,C:\Users\tishy\Documents\Honors\dataset\SCIN\images\-8045978879867751489.png,Eczema,0.66546630859375,
SCIN,C:\Users\tishy\Documents\Honors\dataset\SCIN\images\-4676568845416213475.png,Eczema,0.85540771484375,
SCIN,C:\Users\tishy\Documents\Honors\dataset\SCIN\images\-6339271426910265089.png,Eczema,0.4488525390625,
SCIN,C:\Users\tishy\Documents\Honors\dataset\SCIN\images\-6969933999634072117.png,Eczema,0.61358642578125,
SCIN,C:\Users\tishy\Documents\Honors\dataset\SCIN\images\2279889461199857040.png,Eczema,0.42803955078125,
SCIN,C:\Users\tishy\Documents\Honors\dataset\SCIN\images\-6375765052595417188.png,Eczema,0.61663818359375,
SCIN,C:\Users\tishy\Documents\Honors\dataset\SCIN\images\-1079717215777778516.png,Eczema,0.55169677734375,
SCIN,C:\Users\tishy\Documents\Honors\dataset\SCIN\images\-4717786449227921352.png,Eczema,0.29132080078125,
SCIN,C:\Users\tishy\Documents\Honors\dataset\SCIN\images\6270182421348040739.png,Eczema,0.6795654296875,
SCIN,C:\Users\tishy\Documents\Honors\dataset\SCIN\images\-4091616041066838543.png,Eczema,0.6666259765625,
SCIN,C:\Users\tishy\Documents\Honors\dataset\SCIN\images\3054184823275693364.png,Eczema,0.9737548828125,
SCIN,C:\Users\tishy\Documents\Honors\dataset\SCIN\images\-5551577784945548161.png,Eczema,0.55413818359375,
SCIN,C:\Users\tishy\Documents\Honors\dataset\SCIN\images\5307689170346550364.png,Eczema,0.90625,
SCIN,C:\Users\tishy\Documents\Honors\dataset\SCIN\images\-4941904797314668780.png,Eczema,0.64617919921875,
SCIN,C:\Users\tishy\Documents\Honors\dataset\SCIN\images\-625835598370286992.png,Eczema,0.85333251953125,
SCIN,C:\Users\tishy\Documents\Honors\dataset\SCIN\images\1345721193150322031.png,Eczema,0.5213623046875,
SCIN,C:\Users\tishy\Documents\Honors\dataset\SCIN\images\3215944651782994554.png,Eczema,0.336181640625,
SCIN,C:\Users\tishy\Documents\Honors\dataset\SCIN\images\-4949778095225877346.png,Eczema,0.540771484375,
SCIN,C:\Users\tishy\Documents\Honors\dataset\SCIN\images\4543630614433208219.png,Eczema,0.88031005859375,
SCIN,C:\Users\tishy\Documents\Honors\dataset\SCIN\images\-55453462805346412.png,Eczema,0.954345703125,
SCIN,C:\Users\tishy\Documents\Honors\dataset\SCIN\images\-7706133768652999375.png,Eczema,0.922607421875,
SCIN,C:\Users\tishy\Documents\Honors\dataset\SCIN\images\-8299809889773574040.png,Eczema,0.91046142578125,
SCIN,C:\Users\tishy\Documents\Honors\dataset\SCIN\images\1589466904862954952.png,Eczema,0.93597412109375,
SCIN,C:\Users\tishy\Documents\Honors\dataset\SCIN\images\3456891911232930877.png,Eczema,0.88861083984375,
SCIN,C:\Users\tishy\Documents\Honors\dataset\SCIN\images\5069127474605540768.png,Eczema,1.0,
SCIN,C:\Users\tishy\Documents\Honors\dataset\SCIN\images\5644095110238638291.png,Eczema,0.920166015625,
SCIN,C:\Users\tishy\Documents\Honors\dataset\SCIN\images\335846587626430311.png,Eczema,0.30279541015625,
SCIN,C:\Users\tishy\Documents\Honors\dataset\SCIN\images\868807442562617827.png,Eczema,0.780029296875,
SCIN,C:\Users\tishy\Documents\Honors\dataset\SCIN\images\2853336252422395826.png,Eczema,0.7869873046875,
SCIN,C:\Users\tishy\Documents\Honors\dataset\SCIN\images\-5586973041467401195.png,Eczema,0.485107421875,
SCIN,C:\Users\tishy\Documents\Honors\dataset\SCIN\images\3376933189734741448.png,Eczema,0.87713623046875,
SCIN,C:\Users\tishy\Documents\Honors\dataset\SCIN\images\-915732041706879208.png,Eczema,0.989501953125,
SCIN,C:\Users\tishy\Documents\Honors\dataset\SCIN\images\7016150648147062029.png,Eczema,0.4703369140625,
SCIN,C:\Users\tishy\Documents\Honors\dataset\SCIN\images\-8941823298969324677.png,Eczema,0.6170654296875,
SCIN,C:\Users\tishy\Documents\Honors\dataset\SCIN\images\-5688515675906851592.png,Eczema,0.59478759765625,
SCIN,C:\Users\tishy\Documents\Honors\dataset\SCIN\images\7083058950886636454.png,Eczema,0.7811279296875,
SCIN,C:\Users\tishy\Documents\Honors\dataset\SCIN\images\8456900441247810900.png,Eczema,0.6580810546875,
SCIN,C:\Users\tishy\Documents\Honors\dataset\SCIN\images\4002464241643143788.png,Eczema,0.71209716796875,
SCIN,C:\Users\tishy\Documents\Honors\dataset\SCIN\images\5590334184534809504.png,Eczema,0.87615966796875,
SCIN,C:\Users\tishy\Documents\Honors\dataset\SCIN\images\6940377893753972358.png,Eczema,0.12213134765625,
SCIN,C:\Users\tishy\Documents\Honors\dataset\SCIN\images\4759270076463111761.png,Eczema,0.98394775390625,
SCIN,C:\Users\tishy\Documents\Honors\dataset\SCIN\images\6171313367386993843.png,Eczema,0.7615966796875,
SCIN,C:\Users\tishy\Documents\Honors\dataset\SCIN\images\5134227833320335008.png,Eczema,0.3221435546875,
SCIN,C:\Users\tishy\Documents\Honors\dataset\SCIN\images\4270831411478633884.png,Eczema,0.72723388671875,
SCIN,C:\Users\tishy\Documents\Honors\dataset\SCIN\images\-5314922026795305282.png,Eczema,0.58831787109375,
SCIN,C:\Users\tishy\Documents\Honors\dataset\SCIN\images\-756461656416054762.png,Eczema,0.68853759765625,
SCIN,C:\Users\tishy\Documents\Honors\dataset\SCIN\images\3508096970709139981.png,Eczema,0.72161865234375,
SCIN,C:\Users\tishy\Documents\Honors\dataset\SCIN\images\4211680797398835347.png,Eczema,0.892333984375,
SCIN,C:\Users\tishy\Documents\Honors\dataset\SCIN\images\4025578086861637599.png,Eczema,0.7181396484375,
SCIN,C:\Users\tishy\Documents\Honors\dataset\SCIN\images\8791668255122016953.png,Eczema,0.7886962890625,
SCIN,C:\Users\tishy\Documents\Honors\dataset\SCIN\images\4887966460252262963.png,Eczema,0.530029296875,
SCIN,C:\Users\tishy\Documents\Honors\dataset\SCIN\images\1163886050326602708.png,Eczema,0.9764404296875,
SCIN,C:\Users\tishy\Documents\Honors\dataset\SCIN\images\3640029505808518192.png,Eczema,0.88653564453125,
SCIN,C:\Users\tishy\Documents\Honors\dataset\SCIN\images\-7054949893558793493.png,Eczema,0.7822265625,
SCIN,C:\Users\tishy\Documents\Honors\dataset\SCIN\images\-6079599096718517393.png,Eczema,0.48541259765625,
SCIN,C:\Users\tishy\Documents\Honors\dataset\SCIN\images\-8111125152560753978.png,Eczema,0.776611328125,
SCIN,C:\Users\tishy\Documents\Honors\dataset\SCIN\images\2042799682642232358.png,Eczema,0.82537841796875,
SCIN,C:\Users\tishy\Documents\Honors\dataset\SCIN\images\1017795787212437294.png,Eczema,0.5609130859375,
SCIN,C:\Users\tishy\Documents\Honors\dataset\SCIN\images\-5386001319667999365.png,Eczema,0.44366455078125,
SCIN,C:\Users\tishy\Documents\Honors\dataset\SCIN\images\-5499150212420647396.png,Eczema,0.7572021484375,
SCIN,C:\Users\tishy\Documents\Honors\dataset\SCIN\images\4494188320061426697.png,Eczema,0.808349609375,
SCIN,C:\Users\tishy\Documents\Honors\dataset\SCIN\images\-9170630501376990389.png,Eczema,0.90704345703125,
SCIN,C:\Users\tishy\Documents\Honors\dataset\SCIN\images\6455730641986061089.png,Eczema,0.71759033203125,
SCIN,C:\Users\tishy\Documents\Honors\dataset\SCIN\images\890140358870966492.png,Eczema,0.67633056640625,
SCIN,C:\Users\tishy\Documents\Honors\dataset\SCIN\images\-5617567426295287720.png,Eczema,0.49737548828125,
SCIN,C:\Users\tishy\Documents\Honors\dataset\SCIN\images\3168026545757928619.png,Eczema,0.8114013671875,
SCIN,C:\Users\tishy\Documents\Honors\dataset\SCIN\images\6724188328298483199.png,Eczema,0.7701416015625,
SCIN,C:\Users\tishy\Documents\Honors\dataset\SCIN\images\-5188110530184167935.png,Eczema,0.55438232421875,
SCIN,C:\Users\tishy\Documents\Honors\dataset\SCIN\images\535980245642543346.png,Eczema,0.85272216796875,
SCIN,C:\Users\tishy\Documents\Honors\dataset\SCIN\images\799511949408239093.png,Eczema,1.0,
SCIN,C:\Users\tishy\Documents\Honors\dataset\SCIN\images\-5885784853012441829.png,Eczema,0.1859130859375,
SCIN,C:\Users\tishy\Documents\Honors\dataset\SCIN\images\5097931092695947304.png,Eczema,0.59375,
SCIN,C:\Users\tishy\Documents\Honors\dataset\SCIN\images\-3011928481980409600.png,Eczema,0.4073486328125,
SCIN,C:\Users\tishy\Documents\Honors\dataset\SCIN\images\8185817949093870006.png,Eczema,0.73260498046875,
SCIN,C:\Users\tishy\Documents\Honors\dataset\SCIN\images\-3986748508757622431.png,Eczema,0.8043212890625,
SCIN,C:\Users\tishy\Documents\Honors\dataset\SCIN\images\3131320081296493845.png,Eczema,0.3441162109375,
SCIN,C:\Users\tishy\Documents\Honors\dataset\SCIN\images\-4577983223895221996.png,Eczema,0.2723388671875,
SCIN,C:\Users\tishy\Documents\Honors\dataset\SCIN\images\1505125040846659152.png,Eczema,0.44317626953125,
SCIN,C:\Users\tishy\Documents\Honors\dataset\SCIN\images\-7757142060888362193.png,Eczema,0.518310546875,
SCIN,C:\Users\tishy\Documents\Honors\dataset\SCIN\images\-6734422466158182964.png,Eczema,0.8997802734375,
SCIN,C:\Users\tishy\Documents\Honors\dataset\SCIN\images\-130215202506383973.png,Eczema,0.85211181640625,
SCIN,C:\Users\tishy\Documents\Honors\dataset\SCIN\images\-261461048310202211.png,Eczema,0.43603515625,
SCIN,C:\Users\tishy\Documents\Honors\dataset\SCIN\images\-2305175233838037269.png,Eczema,0.52874755859375,
SCIN,C:\Users\tishy\Documents\Honors\dataset\SCIN\images\-7363628596772178963.png,Eczema,0.5716552734375,
SCIN,C:\Users\tishy\Documents\Honors\dataset\SCIN\images\-620363894904676897.png,Eczema,0.53912353515625,
SCIN,C:\Users\tishy\Documents\Honors\dataset\SCIN\images\6214718438034320879.png,Eczema,0.7069091796875,
SCIN,C:\Users\tishy\Documents\Honors\dataset\SCIN\images\4296604084486352915.png,Eczema,0.81903076171875,
SCIN,C:\Users\tishy\Documents\Honors\dataset\SCIN\images\-9121690728078156914.png,Eczema,0.860107421875,
SCIN,C:\Users\tishy\Documents\Honors\dataset\SCIN\images\-4931676201516783432.png,Eczema,0.5262451171875,
SCIN,C:\Users\tishy\Documents\Honors\dataset\SCIN\images\-3334867013813268088.png,Eczema,0.77606201171875,
SCIN,C:\Users\tishy\Documents\Honors\dataset\SCIN\images\1405292427261128343.png,Eczema,0.6556396484375,
SCIN,C:\Users\tishy\Documents\Honors\dataset\SCIN\images\5429197013372191565.png,Eczema,0.44482421875,
SCIN,C:\Users\tishy\Documents\Honors\dataset\SCIN\images\5608217381673437767.png,Eczema,0.71380615234375,
SCIN,C:\Users\tishy\Documents\Honors\dataset\SCIN\images\-75535091576112971.png,Eczema,0.8858642578125,
SCIN,C:\Users\tishy\Documents\Honors\dataset\SCIN\images\-2923974706399124170.png,Eczema,0.7283935546875,
SCIN,C:\Users\tishy\Documents\Honors\dataset\SCIN\images\5918680068331976877.png,Eczema,0.4888916015625,
SCIN,C:\Users\tishy\Documents\Honors\dataset\SCIN\images\-8370388471688037375.png,Eczema,0.7376708984375,
SCIN,C:\Users\tishy\Documents\Honors\dataset\SCIN\images\3083550471820565612.png,Eczema,0.883056640625,
SCIN,C:\Users\tishy\Documents\Honors\dataset\SCIN\images\1969398346152019890.png,Eczema,0.73858642578125,
SCIN,C:\Users\tishy\Documents\Honors\dataset\SCIN\images\6771283846992121722.png,Eczema,0.8377685546875,
SCIN,C:\Users\tishy\Documents\Honors\dataset\SCIN\images\-1131745754224368828.png,Eczema,0.9129638671875,
SCIN,C:\Users\tishy\Documents\Honors\dataset\SCIN\images\2000497523759018449.png,Eczema,0.92779541015625,
SCIN,C:\Users\tishy\Documents\Honors\dataset\SCIN\images\7983361504090468022.png,Eczema,0.8990478515625,
SCIN,C:\Users\tishy\Documents\Honors\dataset\SCIN\images\-5053547823727699517.png,Eczema,0.5609130859375,
SCIN,C:\Users\tishy\Documents\Honors\dataset\SCIN\images\-919660371744832007.png,Eczema,0.81622314453125,
SCIN,C:\Users\tishy\Documents\Honors\dataset\SCIN\images\7346307195670230922.png,Eczema,0.5517578125,
SCIN,C:\Users\tishy\Documents\Honors\dataset\SCIN\images\-8808510258616563225.png,Eczema,0.8236083984375,
SCIN,C:\Users\tishy\Documents\Honors\dataset\SCIN\images\-7364311670007978282.png,Eczema,0.56939697265625,
SCIN,C:\Users\tishy\Documents\Honors\dataset\SCIN\images\-5007684126286758763.png,Eczema,0.46539306640625,
SCIN,C:\Users\tishy\Documents\Honors\dataset\SCIN\images\3338941119938065346.png,Eczema,0.68341064453125,
SCIN,C:\Users\tishy\Documents\Honors\dataset\SCIN\images\-887349597372827539.png,Eczema,0.3773193359375,
SCIN,C:\Users\tishy\Documents\Honors\dataset\SCIN\images\-3841091253724337986.png,Eczema,0.79156494140625,
SCIN,C:\Users\tishy\Documents\Honors\dataset\SCIN\images\-3165884193421554204.png,Eczema,0.8470458984375,
SCIN,C:\Users\tishy\Documents\Honors\dataset\SCIN\images\-2494478177641295044.png,Eczema,0.456298828125,
SCIN,C:\Users\tishy\Documents\Honors\dataset\SCIN\images\2415409301696334628.png,Eczema,0.4114990234375,
SCIN,C:\Users\tishy\Documents\Honors\dataset\SCIN\images\4150814201378985637.png,Eczema,0.7218017578125,
SCIN,C:\Users\tishy\Documents\Honors\dataset\SCIN\images\-8246849979434358139.png,Eczema,0.88909912109375,
SCIN,C:\Users\tishy\Documents\Honors\dataset\SCIN\images\7925347571055295954.png,Eczema,0.89849853515625,
SCIN,C:\Users\tishy\Documents\Honors\dataset\SCIN\images\-2264019987022902025.png,Eczema,0.97283935546875,
SCIN,C:\Users\tishy\Documents\Honors\dataset\SCIN\images\5897554782896604191.png,Eczema,0.60980224609375,
SCIN,C:\Users\tishy\Documents\Honors\dataset\SCIN\images\-975795300119644647.png,Eczema,0.65423583984375,
SCIN,C:\Users\tishy\Documents\Honors\dataset\SCIN\images\2093973831515705574.png,Eczema,0.70086669921875,
SCIN,C:\Users\tishy\Documents\Honors\dataset\SCIN\images\3250783061261436457.png,Eczema,0.63702392578125,
SCIN,C:\Users\tishy\Documents\Honors\dataset\SCIN\images\-6969050153229908945.png,Eczema,0.88189697265625,
SCIN,C:\Users\tishy\Documents\Honors\dataset\SCIN\images\7176461562946921192.png,Eczema,0.83843994140625,
SCIN,C:\Users\tishy\Documents\Honors\dataset\SCIN\images\-6108620396561569682.png,Eczema,0.98553466796875,
SCIN,C:\Users\tishy\Documents\Honors\dataset\SCIN\images\-3902972343084754168.png,Eczema,0.6260986328125,
SCIN,C:\Users\tishy\Documents\Honors\dataset\SCIN\images\-6003166513555222439.png,Eczema,0.74298095703125,
SCIN,C:\Users\tishy\Documents\Honors\dataset\SCIN\images\-5629003537657501292.png,Eczema,0.99298095703125,
SCIN,C:\Users\tishy\Documents\Honors\dataset\SCIN\images\8725392052071370350.png,Eczema,0.63555908203125,
SCIN,C:\Users\tishy\Documents\Honors\dataset\SCIN\images\-1212770266425026516.png,Eczema,0.991455078125,
SCIN,C:\Users\tishy\Documents\Honors\dataset\SCIN\images\4148131065686866883.png,Eczema,0.3515625,
SCIN,C:\Users\tishy\Documents\Honors\dataset\SCIN\images\8247963897596952626.png,Eczema,1.0,
SCIN,C:\Users\tishy\Documents\Honors\dataset\SCIN\images\-3973645630723503011.png,Eczema,0.9661865234375,
SCIN,C:\Users\tishy\Documents\Honors\dataset\SCIN\images\3489401261164777258.png,Eczema,0.26947021484375,
SCIN,C:\Users\tishy\Documents\Honors\dataset\SCIN\images\-1440607007617551864.png,Eczema,0.90521240234375,
SCIN,C:\Users\tishy\Documents\Honors\dataset\SCIN\images\-6597839206640248226.png,Eczema,0.5509033203125,
SCIN,C:\Users\tishy\Documents\Honors\dataset\SCIN\images\-2898323631069162057.png,Eczema,0.65374755859375,
SCIN,C:\Users\tishy\Documents\Honors\dataset\SCIN\images\5871690704476569950.png,Eczema,0.88812255859375,
SCIN,C:\Users\tishy\Documents\Honors\dataset\SCIN\images\8136796216840452126.png,Eczema,0.78125,
SCIN,C:\Users\tishy\Documents\Honors\dataset\SCIN\images\6477963367939070379.png,Eczema,0.99603271484375,
SCIN,C:\Users\tishy\Documents\Honors\dataset\SCIN\images\-8876395430508694988.png,Eczema,0.268798828125,
SCIN,C:\Users\tishy\Documents\Honors\dataset\SCIN\images\2935100902537927469.png,Eczema,0.548095703125,
SCIN,C:\Users\tishy\Documents\Honors\dataset\SCIN\images\7530181678510252673.png,Eczema,0.07843017578125,
SCIN,C:\Users\tishy\Documents\Honors\dataset\SCIN\images\7438689171480306120.png,Eczema,0.2857666015625,
SCIN,C:\Users\tishy\Documents\Honors\dataset\SCIN\images\4328837998610979078.png,Eczema,0.70501708984375,
SCIN,C:\Users\tishy\Documents\Honors\dataset\SCIN\images\1315451198768282216.png,Eczema,0.86053466796875,
SCIN,C:\Users\tishy\Documents\Honors\dataset\SCIN\images\-8414794342252143130.png,Eczema,0.838623046875,
SCIN,C:\Users\tishy\Documents\Honors\dataset\SCIN\images\-8724002829883390371.png,Eczema,0.49945068359375,
SCIN,C:\Users\tishy\Documents\Honors\dataset\SCIN\images\3370360084614360577.png,Eczema,0.37115478515625,
SCIN,C:\Users\tishy\Documents\Honors\dataset\SCIN\images\8112259532965094414.png,Eczema,0.40167236328125,
SCIN,C:\Users\tishy\Documents\Honors\dataset\SCIN\images\1849272957809101239.png,Eczema,0.7142333984375,
SCIN,C:\Users\tishy\Documents\Honors\dataset\SCIN\images\8996459521035623846.png,Eczema,0.88751220703125,
SCIN,C:\Users\tishy\Documents\Honors\dataset\SCIN\images\8112286852583517886.png,Eczema,0.4962158203125,
SCIN,C:\Users\tishy\Documents\Honors\dataset\SCIN\images\3593913499071005849.png,Eczema,0.38482666015625,
SCIN,C:\Users\tishy\Documents\Honors\dataset\SCIN\images\4860454162307932240.png,Eczema,0.73291015625,
SCIN,C:\Users\tishy\Documents\Honors\dataset\SCIN\images\2497680448814826742.png,Eczema,0.8372802734375,
SCIN,C:\Users\tishy\Documents\Honors\dataset\SCIN\images\-8282822010344771025.png,Eczema,0.53570556640625,
SCIN,C:\Users\tishy\Documents\Honors\dataset\SCIN\images\-691637008285254955.png,Eczema,0.8094482421875,
SCIN,C:\Users\tishy\Documents\Honors\dataset\SCIN\images\-2945789635680872312.png,Eczema,0.94635009765625,
SCIN,C:\Users\tishy\Documents\Honors\dataset\SCIN\images\-89247052115172663.png,Eczema,0.7049560546875,
SCIN,C:\Users\tishy\Documents\Honors\dataset\SCIN\images\6659219792759639831.png,Eczema,0.4456787109375,
SCIN,C:\Users\tishy\Documents\Honors\dataset\SCIN\images\-7851195646036204419.png,Eczema,0.81109619140625,
SCIN,C:\Users\tishy\Documents\Honors\dataset\SCIN\images\3751140674205808783.png,Eczema,0.99114990234375,
SCIN,C:\Users\tishy\Documents\Honors\dataset\SCIN\images\2084462406497898667.png,Eczema,0.5535888671875,
SCIN,C:\Users\tishy\Documents\Honors\dataset\SCIN\images\-5122446773279036270.png,Eczema,0.57940673828125,
SCIN,C:\Users\tishy\Documents\Honors\dataset\SCIN\images\-3368700702387238612.png,Eczema,0.30224609375,
SCIN,C:\Users\tishy\Documents\Honors\dataset\SCIN\images\6178225972489337883.png,Eczema,0.9051513671875,
SCIN,C:\Users\tishy\Documents\Honors\dataset\SCIN\images\-1031911667791094656.png,Eczema,0.3154296875,
SCIN,C:\Users\tishy\Documents\Honors\dataset\SCIN\images\7839050789133028498.png,Eczema,0.1416015625,
SCIN,C:\Users\tishy\Documents\Honors\dataset\SCIN\images\8798291220737138704.png,Eczema,0.25152587890625,
SCIN,C:\Users\tishy\Documents\Honors\dataset\SCIN\images\-3243187411530979991.png,Eczema,0.6175537109375,
SCIN,C:\Users\tishy\Documents\Honors\dataset\SCIN\images\-4459173836602163235.png,Eczema,0.076416015625,
SCIN,C:\Users\tishy\Documents\Honors\dataset\SCIN\images\-8353405475093469225.png,Eczema,0.5096435546875,
SCIN,C:\Users\tishy\Documents\Honors\dataset\SCIN\images\-2568835947642432686.png,Eczema,0.7000732421875,
SCIN,C:\Users\tishy\Documents\Honors\dataset\SCIN\images\2301761837727789269.png,Eczema,0.7520751953125,
SCIN,C:\Users\tishy\Documents\Honors\dataset\SCIN\images\5530574831873823780.png,Eczema,0.743408203125,
SCIN,C:\Users\tishy\Documents\Honors\dataset\SCIN\images\-4716082422192681275.png,Eczema,0.58111572265625,
SCIN,C:\Users\tishy\Documents\Honors\dataset\SCIN\images\4401153446611786293.png,Eczema,0.90521240234375,
SCIN,C:\Users\tishy\Documents\Honors\dataset\SCIN\images\8657197209682938293.png,Eczema,0.8095703125,
SCIN,C:\Users\tishy\Documents\Honors\dataset\SCIN\images\-3342777860023762750.png,Eczema,0.74853515625,
SCIN,C:\Users\tishy\Documents\Honors\dataset\SCIN\images\4639578100401351922.png,Eczema,0.489990234375,
SCIN,C:\Users\tishy\Documents\Honors\dataset\SCIN\images\2350839091844504831.png,Eczema,0.5230712890625,
SCIN,C:\Users\tishy\Documents\Honors\dataset\SCIN\images\1444216325514343990.png,Eczema,0.4171142578125,
SCIN,C:\Users\tishy\Documents\Honors\dataset\SCIN\images\-13131843686168963.png,Eczema,0.68212890625,
SCIN,C:\Users\tishy\Documents\Honors\dataset\SCIN\images\3914126473410086984.png,Eczema,0.8997802734375,
SCIN,C:\Users\tishy\Documents\Honors\dataset\SCIN\images\-4676367052308783677.png,Eczema,0.6451416015625,
SCIN,C:\Users\tishy\Documents\Honors\dataset\SCIN\images\6165277088916834017.png,Eczema,0.52862548828125,
SCIN,C:\Users\tishy\Documents\Honors\dataset\SCIN\images\266503187712568557.png,Eczema,0.21026611328125,
SCIN,C:\Users\tishy\Documents\Honors\dataset\SCIN\images\-7178041833489571545.png,Eczema,0.7890625,
SCIN,C:\Users\tishy\Documents\Honors\dataset\SCIN\images\4163743239541170511.png,Eczema,0.622802734375,
SCIN,C:\Users\tishy\Documents\Honors\dataset\SCIN\images\9055010458301656007.png,Eczema,0.5758056640625,
SCIN,C:\Users\tishy\Documents\Honors\dataset\SCIN\images\-5950615716792877384.png,Eczema,0.81915283203125,
SCIN,C:\Users\tishy\Documents\Honors\dataset\SCIN\images\3664056088050397807.png,Eczema,0.302490234375,
SCIN,C:\Users\tishy\Documents\Honors\dataset\SCIN\images\8787441570285298487.png,Eczema,0.96270751953125,
SCIN,C:\Users\tishy\Documents\Honors\dataset\SCIN\images\3950839687124807995.png,Eczema,0.22119140625,
SCIN,C:\Users\tishy\Documents\Honors\dataset\SCIN\images\151752990746265297.png,Eczema,0.57281494140625,
SCIN,C:\Users\tishy\Documents\Honors\dataset\SCIN\images\-3426382639481624876.png,Eczema,0.1953125,
SCIN,C:\Users\tishy\Documents\Honors\dataset\SCIN\images\5361080985667681926.png,Eczema,0.85931396484375,
SCIN,C:\Users\tishy\Documents\Honors\dataset\SCIN\images\-3322391844184846931.png,Eczema,0.29278564453125,
SCIN,C:\Users\tishy\Documents\Honors\dataset\SCIN\images\-7395152923232922456.png,Eczema,0.351318359375,
SCIN,C:\Users\tishy\Documents\Honors\dataset\SCIN\images\8071773760767575918.png,Eczema,0.54608154296875,
SCIN,C:\Users\tishy\Documents\Honors\dataset\SCIN\images\-7848471858286366472.png,Eczema,0.5771484375,
SCIN,C:\Users\tishy\Documents\Honors\dataset\SCIN\images\9138173567729098672.png,Eczema,0.8133544921875,
SCIN,C:\Users\tishy\Documents\Honors\dataset\SCIN\images\-7776857652459777696.png,Eczema,0.20782470703125,
SCIN,C:\Users\tishy\Documents\Honors\dataset\SCIN\images\-7343857484856629879.png,Eczema,0.87030029296875,
SCIN,C:\Users\tishy\Documents\Honors\dataset\SCIN\images\-358285866955788405.png,Eczema,0.31939697265625,
SCIN,C:\Users\tishy\Documents\Honors\dataset\SCIN\images\-3240044829540479265.png,Eczema,0.9735107421875,
SCIN,C:\Users\tishy\Documents\Honors\dataset\SCIN\images\4617799262476322488.png,Eczema,0.43017578125,
SCIN,C:\Users\tishy\Documents\Honors\dataset\SCIN\images\1182601550504235386.png,Eczema,0.41241455078125,
SCIN,C:\Users\tishy\Documents\Honors\dataset\SCIN\images\1850198155303184343.png,Eczema,0.81817626953125,
SCIN,C:\Users\tishy\Documents\Honors\dataset\SCIN\images\-1909214615567585672.png,Eczema,0.611083984375,
SCIN,C:\Users\tishy\Documents\Honors\dataset\SCIN\images\388953548978652366.png,Eczema,0.8192138671875,
SCIN,C:\Users\tishy\Documents\Honors\dataset\SCIN\images\-6882671634270429823.png,Eczema,0.74609375,
SCIN,C:\Users\tishy\Documents\Honors\dataset\SCIN\images\2819561673735466170.png,Eczema,0.58880615234375,
SCIN,C:\Users\tishy\Documents\Honors\dataset\SCIN\images\8054432318903874721.png,Eczema,0.55999755859375,
SCIN,C:\Users\tishy\Documents\Honors\dataset\SCIN\images\-7888514233246015969.png,Eczema,0.96038818359375,
SCIN,C:\Users\tishy\Documents\Honors\dataset\SCIN\images\6090377301690995036.png,Eczema,0.61962890625,
SCIN,C:\Users\tishy\Documents\Honors\dataset\SCIN\images\334358841782839450.png,Eczema,0.88031005859375,
SCIN,C:\Users\tishy\Documents\Honors\dataset\SCIN\images\7109119023737070922.png,Eczema,0.89215087890625,
SCIN,C:\Users\tishy\Documents\Honors\dataset\SCIN\images\461344679725709543.png,Eczema,0.54876708984375,
SCIN,C:\Users\tishy\Documents\Honors\dataset\SCIN\images\2032126799370161520.png,Eczema,0.95758056640625,
SCIN,C:\Users\tishy\Documents\Honors\dataset\SCIN\images\3732279676631518342.png,Eczema,0.51214599609375,
SCIN,C:\Users\tishy\Documents\Honors\dataset\SCIN\images\-6445954516415456798.png,Eczema,0.49713134765625,
SCIN,C:\Users\tishy\Documents\Honors\dataset\SCIN\images\-5699778175892675344.png,Eczema,1.0,
SCIN,C:\Users\tishy\Documents\Honors\dataset\SCIN\images\-6475391666688358422.png,Eczema,0.46905517578125,
SCIN,C:\Users\tishy\Documents\Honors\dataset\SCIN\images\5275181661240813075.png,Eczema,0.72479248046875,
SCIN,C:\Users\tishy\Documents\Honors\dataset\SCIN\images\-5037214955734403674.png,Eczema,0.60760498046875,
SCIN,C:\Users\tishy\Documents\Honors\dataset\SCIN\images\5638485555901716918.png,Eczema,0.759033203125,
SCIN,C:\Users\tishy\Documents\Honors\dataset\SCIN\images\-4662194556963063742.png,Eczema,0.775634765625,
SCIN,C:\Users\tishy\Documents\Honors\dataset\SCIN\images\8514226637880851044.png,Eczema,0.74554443359375,
SCIN,C:\Users\tishy\Documents\Honors\dataset\SCIN\images\4189491602742739164.png,Eczema,0.9034423828125,
SCIN,C:\Users\tishy\Documents\Honors\dataset\SCIN\images\-8839332483113442176.png,Eczema,0.74737548828125,
SCIN,C:\Users\tishy\Documents\Honors\dataset\SCIN\images\8754620610807755838.png,Eczema,0.64141845703125,
SCIN,C:\Users\tishy\Documents\Honors\dataset\SCIN\images\-5514159851754006416.png,Eczema,0.9979248046875,
SCIN,C:\Users\tishy\Documents\Honors\dataset\SCIN\images\95226461955873076.png,Eczema,0.436767578125,
SCIN,C:\Users\tishy\Documents\Honors\dataset\SCIN\images\-1867477807071653688.png,Eczema,0.729248046875,
SCIN,C:\Users\tishy\Documents\Honors\dataset\SCIN\images\-7819133539519710397.png,Eczema,0.6668701171875,
SCIN,C:\Users\tishy\Documents\Honors\dataset\SCIN\images\-4118522682722481510.png,Eczema,0.44476318359375,
SCIN,C:\Users\tishy\Documents\Honors\dataset\SCIN\images\-5133268150886787662.png,Eczema,0.1365966796875,
SCIN,C:\Users\tishy\Documents\Honors\dataset\SCIN\images\2524919753535614451.png,Eczema,0.8577880859375,
SCIN,C:\Users\tishy\Documents\Honors\dataset\SCIN\images\4847767520813607841.png,Eczema,0.987060546875,
SCIN,C:\Users\tishy\Documents\Honors\dataset\SCIN\images\7900792660563069769.png,Eczema,0.74676513671875,
SCIN,C:\Users\tishy\Documents\Honors\dataset\SCIN\images\-5110480118605969654.png,Eczema,0.78338623046875,
SCIN,C:\Users\tishy\Documents\Honors\dataset\SCIN\images\-841389195695948010.png,Other,0.81842041015625,
SCIN,C:\Users\tishy\Documents\Honors\dataset\SCIN\images\2745337923083433502.png,Other,0.38861083984375,
SCIN,C:\Users\tishy\Documents\Honors\dataset\SCIN\images\-4271485527478856255.png,Other,0.56683349609375,
SCIN,C:\Users\tishy\Documents\Honors\dataset\SCIN\images\3907804873656496630.png,Other,0.72821044921875,
SCIN,C:\Users\tishy\Documents\Honors\dataset\SCIN\images\-5197414973622050223.png,Other,0.73406982421875,
SCIN,C:\Users\tishy\Documents\Honors\dataset\SCIN\images\-5883827712630904012.png,Other,0.80181884765625,
SCIN,C:\Users\tishy\Documents\Honors\dataset\SCIN\images\-260055633387024300.png,Other,0.6641845703125,
SCIN,C:\Users\tishy\Documents\Honors\dataset\SCIN\images\686385894502278518.png,Other,0.492919921875,
SCIN,C:\Users\tishy\Documents\Honors\dataset\SCIN\images\-871000789648050928.png,Other,0.957275390625,
SCIN,C:\Users\tishy\Documents\Honors\dataset\SCIN\images\213882643680582545.png,Other,0.79443359375,
SCIN,C:\Users\tishy\Documents\Honors\dataset\SCIN\images\8121385052783914937.png,Other,0.40972900390625,
SCIN,C:\Users\tishy\Documents\Honors\dataset\SCIN\images\-6400490417142716553.png,Other,0.8690185546875,
SCIN,C:\Users\tishy\Documents\Honors\dataset\SCIN\images\-9191737838881778403.png,Other,0.2529296875,
SCIN,C:\Users\tishy\Documents\Honors\dataset\SCIN\images\-6485947403303154678.png,Other,0.98968505859375,
SCIN,C:\Users\tishy\Documents\Honors\dataset\SCIN\images\3283837635863557272.png,Other,0.8758544921875,
SCIN,C:\Users\tishy\Documents\Honors\dataset\SCIN\images\-7207936904591577531.png,Other,0.4930419921875,
SCIN,C:\Users\tishy\Documents\Honors\dataset\SCIN\images\1824804369047094023.png,Other,0.5858154296875,
SCIN,C:\Users\tishy\Documents\Honors\dataset\SCIN\images\-4417227845828733613.png,Other,0.6669921875,
SCIN,C:\Users\tishy\Documents\Honors\dataset\SCIN\images\2620539304203771862.png,Other,0.84869384765625,
SCIN,C:\Users\tishy\Documents\Honors\dataset\SCIN\images\8301101971574944385.png,Other,0.882080078125,
SCIN,C:\Users\tishy\Documents\Honors\dataset\SCIN\images\-8031615515835519136.png,Other,0.7296142578125,
SCIN,C:\Users\tishy\Documents\Honors\dataset\SCIN\images\-5156441036700827606.png,Other,0.83905029296875,
SCIN,C:\Users\tishy\Documents\Honors\dataset\SCIN\images\-7030360920237166714.png,Other,0.6656494140625,
SCIN,C:\Users\tishy\Documents\Honors\dataset\SCIN\images\7184684249603937869.png,Other,0.4869384765625,
SCIN,C:\Users\tishy\Documents\Honors\dataset\SCIN\images\-6583417470281864105.png,Other,0.9666748046875,
SCIN,C:\Users\tishy\Documents\Honors\dataset\SCIN\images\963694477603925530.png,Other,0.616943359375,
SCIN,C:\Users\tishy\Documents\Honors\dataset\SCIN\images\-1489059460537780682.png,Other,0.87359619140625,
SCIN,C:\Users\tishy\Documents\Honors\dataset\SCIN\images\-1412400779946112751.png,Other,0.71392822265625,
SCIN,C:\Users\tishy\Documents\Honors\dataset\SCIN\images\2696483249312319396.png,Other,0.95709228515625,
SCIN,C:\Users\tishy\Documents\Honors\dataset\SCIN\images\6776816012413103041.png,Other,0.42913818359375,
SCIN,C:\Users\tishy\Documents\Honors\dataset\SCIN\images\8742876008128325626.png,Other,0.56201171875,
SCIN,C:\Users\tishy\Documents\Honors\dataset\SCIN\images\7547636948083772648.png,Other,0.633544921875,
SCIN,C:\Users\tishy\Documents\Honors\dataset\SCIN\images\-422726985230604591.png,Other,0.704345703125,
SCIN,C:\Users\tishy\Documents\Honors\dataset\SCIN\images\-5091992507627486589.png,Other,0.46875,
SCIN,C:\Users\tishy\Documents\Honors\dataset\SCIN\images\4088138694893149839.png,Other,0.77899169921875,
SCIN,C:\Users\tishy\Documents\Honors\dataset\SCIN\images\-6781948527342850071.png,Other,0.81597900390625,
SCIN,C:\Users\tishy\Documents\Honors\dataset\SCIN\images\6451418131792518135.png,Other,0.9022216796875,
SCIN,C:\Users\tishy\Documents\Honors\dataset\SCIN\images\-967068005932630983.png,Other,0.27325439453125,
SCIN,C:\Users\tishy\Documents\Honors\dataset\SCIN\images\-1285017031068666038.png,Other,0.79437255859375,
SCIN,C:\Users\tishy\Documents\Honors\dataset\SCIN\images\686705128871525960.png,Other,0.5067138671875,
SCIN,C:\Users\tishy\Documents\Honors\dataset\SCIN\images\6788446465238429287.png,Other,0.88031005859375,
SCIN,C:\Users\tishy\Documents\Honors\dataset\SCIN\images\4612431587689030172.png,Other,0.357421875,
SCIN,C:\Users\tishy\Documents\Honors\dataset\SCIN\images\-1981350712289441637.png,Other,0.69085693359375,
SCIN,C:\Users\tishy\Documents\Honors\dataset\SCIN\images\-2091950744963898567.png,Other,0.44183349609375,
SCIN,C:\Users\tishy\Documents\Honors\dataset\SCIN\images\-2095318270100924228.png,Other,0.90771484375,
SCIN,C:\Users\tishy\Documents\Honors\dataset\SCIN\images\479227693216973845.png,Other,0.7904052734375,
SCIN,C:\Users\tishy\Documents\Honors\dataset\SCIN\images\-3087483495101459323.png,Other,0.69329833984375,
SCIN,C:\Users\tishy\Documents\Honors\dataset\SCIN\images\-8131609900086309493.png,Other,0.8775634765625,
SCIN,C:\Users\tishy\Documents\Honors\dataset\SCIN\images\-2055586599615361813.png,Other,0.71856689453125,
SCIN,C:\Users\tishy\Documents\Honors\dataset\SCIN\images\-8476269231064776989.png,Other,0.88824462890625,
SCIN,C:\Users\tishy\Documents\Honors\dataset\SCIN\images\-3298664804979000976.png,Other,0.53338623046875,
SCIN,C:\Users\tishy\Documents\Honors\dataset\SCIN\images\6555279555410165741.png,Other,0.490478515625,
SCIN,C:\Users\tishy\Documents\Honors\dataset\SCIN\images\1287635320480750567.png,Other,0.874755859375,
SCIN,C:\Users\tishy\Documents\Honors\dataset\SCIN\images\-7657236532842762375.png,Other,0.70367431640625,
SCIN,C:\Users\tishy\Documents\Honors\dataset\SCIN\images\1394308459147109933.png,Other,0.80450439453125,
SCIN,C:\Users\tishy\Documents\Honors\dataset\SCIN\images\-397368205082120789.png,Other,0.66656494140625,
SCIN,C:\Users\tishy\Documents\Honors\dataset\SCIN\images\1310534854433007924.png,Other,0.8463134765625,
SCIN,C:\Users\tishy\Documents\Honors\dataset\SCIN\images\5237006312106515211.png,Other,0.74169921875,
SCIN,C:\Users\tishy\Documents\Honors\dataset\SCIN\images\6273424339491271562.png,Other,0.906494140625,
SCIN,C:\Users\tishy\Documents\Honors\dataset\SCIN\images\-8503409389836429709.png,Other,0.7930908203125,
SCIN,C:\Users\tishy\Documents\Honors\dataset\SCIN\images\7463553353557413034.png,Other,0.669677734375,
SCIN,C:\Users\tishy\Documents\Honors\dataset\SCIN\images\8300936379710203134.png,Other,0.67694091796875,
SCIN,C:\Users\tishy\Documents\Honors\dataset\SCIN\images\-1493032202640361702.png,Other,0.527099609375,
SCIN,C:\Users\tishy\Documents\Honors\dataset\SCIN\images\-7061003704301409540.png,Other,0.55889892578125,
SCIN,C:\Users\tishy\Documents\Honors\dataset\SCIN\images\2546805609403797552.png,Other,0.5767822265625,
SCIN,C:\Users\tishy\Documents\Honors\dataset\SCIN\images\2428548180168795187.png,Other,0.7662353515625,
SCIN,C:\Users\tishy\Documents\Honors\dataset\SCIN\images\-3709647468490574581.png,Other,0.8973388671875,
SCIN,C:\Users\tishy\Documents\Honors\dataset\SCIN\images\-5781127683500413767.png,Other,0.26318359375,
SCIN,C:\Users\tishy\Documents\Honors\dataset\SCIN\images\7327821802957291496.png,Other,0.47418212890625,
SCIN,C:\Users\tishy\Documents\Honors\dataset\SCIN\images\7270064598218888944.png,Other,0.89776611328125,
SCIN,C:\Users\tishy\Documents\Honors\dataset\SCIN\images\-4752985713674166359.png,Other,0.69598388671875,
SCIN,C:\Users\tishy\Documents\Honors\dataset\SCIN\images\5889346702438178384.png,Other,0.8917236328125,
SCIN,C:\Users\tishy\Documents\Honors\dataset\SCIN\images\8311841844356422293.png,Other,0.46722412109375,
SCIN,C:\Users\tishy\Documents\Honors\dataset\SCIN\images\-4898178120650529170.png,Other,0.7236328125,
SCIN,C:\Users\tishy\Documents\Honors\dataset\SCIN\images\-7420459089758397581.png,Other,0.74658203125,
SCIN,C:\Users\tishy\Documents\Honors\dataset\SCIN\images\573388956415217169.png,Other,0.8182373046875,
SCIN,C:\Users\tishy\Documents\Honors\dataset\SCIN\images\2277312965706901390.png,Other,0.6624755859375,
SCIN,C:\Users\tishy\Documents\Honors\dataset\SCIN\images\226406777299452208.png,Other,1.0,
SCIN,C:\Users\tishy\Documents\Honors\dataset\SCIN\images\5206521494202002386.png,Other,0.62493896484375,
SCIN,C:\Users\tishy\Documents\Honors\dataset\SCIN\images\-4201974541515122921.png,Other,0.6424560546875,
SCIN,C:\Users\tishy\Documents\Honors\dataset\SCIN\images\-6766127603332781164.png,Other,0.9498291015625,
SCIN,C:\Users\tishy\Documents\Honors\dataset\SCIN\images\-3108375201572495508.png,Other,0.455810546875,
SCIN,C:\Users\tishy\Documents\Honors\dataset\SCIN\images\7847072988135265602.png,Other,0.68756103515625,
SCIN,C:\Users\tishy\Documents\Honors\dataset\SCIN\images\-2312184597252970115.png,Other,0.718017578125,
SCIN,C:\Users\tishy\Documents\Honors\dataset\SCIN\images\6317542003263234425.png,Other,0.1597900390625,
SCIN,C:\Users\tishy\Documents\Honors\dataset\SCIN\images\4902156049186817329.png,Other,0.468017578125,
SCIN,C:\Users\tishy\Documents\Honors\dataset\SCIN\images\-4462019083055293639.png,Other,0.71923828125,
SCIN,C:\Users\tishy\Documents\Honors\dataset\SCIN\images\-2518265086444700975.png,Other,0.759765625,
SCIN,C:\Users\tishy\Documents\Honors\dataset\SCIN\images\-6082920407891630286.png,Other,0.81988525390625,
SCIN,C:\Users\tishy\Documents\Honors\dataset\SCIN\images\998890198757718998.png,Other,0.1226806640625,
SCIN,C:\Users\tishy\Documents\Honors\dataset\SCIN\images\8560361655526093467.png,Other,0.93438720703125,
SCIN,C:\Users\tishy\Documents\Honors\dataset\SCIN\images\6435209656777242644.png,Other,0.47528076171875,
SCIN,C:\Users\tishy\Documents\Honors\dataset\SCIN\images\-1262951599314161924.png,Other,0.95306396484375,
SCIN,C:\Users\tishy\Documents\Honors\dataset\SCIN\images\9028506565042482784.png,Other,0.81524658203125,
SCIN,C:\Users\tishy\Documents\Honors\dataset\SCIN\images\-9090002530881354580.png,Other,0.91424560546875,
SCIN,C:\Users\tishy\Documents\Honors\dataset\SCIN\images\454592664438590294.png,Other,0.86871337890625,
SCIN,C:\Users\tishy\Documents\Honors\dataset\SCIN\images\-6200583977661299719.png,Other,0.5831298828125,
SCIN,C:\Users\tishy\Documents\Honors\dataset\SCIN\images\792402490224297680.png,Other,0.7313232421875,
SCIN,C:\Users\tishy\Documents\Honors\dataset\SCIN\images\2389185407987087869.png,Other,0.59783935546875,
SCIN,C:\Users\tishy\Documents\Honors\dataset\SCIN\images\1346211989287877189.png,Other,0.99493408203125,
SCIN,C:\Users\tishy\Documents\Honors\dataset\SCIN\images\-2941189066721502335.png,Other,0.72113037109375,
SCIN,C:\Users\tishy\Documents\Honors\dataset\SCIN\images\-7300017047423236412.png,Other,0.4920654296875,
SCIN,C:\Users\tishy\Documents\Honors\dataset\SCIN\images\-7674316249478774899.png,Other,0.51336669921875,
SCIN,C:\Users\tishy\Documents\Honors\dataset\SCIN\images\1564407101673129162.png,Other,0.89239501953125,
SCIN,C:\Users\tishy\Documents\Honors\dataset\SCIN\images\7144842245725764407.png,Other,0.85662841796875,
SCIN,C:\Users\tishy\Documents\Honors\dataset\SCIN\images\-1951833005437976629.png,Other,0.6075439453125,
SCIN,C:\Users\tishy\Documents\Honors\dataset\SCIN\images\2421179795965115329.png,Other,0.66693115234375,
SCIN,C:\Users\tishy\Documents\Honors\dataset\SCIN\images\-4011783081314495315.png,Other,0.9359130859375,
SCIN,C:\Users\tishy\Documents\Honors\dataset\SCIN\images\331186914439624061.png,Other,0.7794189453125,
SCIN,C:\Users\tishy\Documents\Honors\dataset\SCIN\images\-8894705295203367911.png,Other,0.83624267578125,
SCIN,C:\Users\tishy\Documents\Honors\dataset\SCIN\images\3120047862086982372.png,Other,0.34033203125,
SCIN,C:\Users\tishy\Documents\Honors\dataset\SCIN\images\3001411411444146079.png,Other,0.56378173828125,
SCIN,C:\Users\tishy\Documents\Honors\dataset\SCIN\images\5189441889815675325.png,Other,0.499755859375,
SCIN,C:\Users\tishy\Documents\Honors\dataset\SCIN\images\6105762061926218614.png,Other,0.994384765625,
SCIN,C:\Users\tishy\Documents\Honors\dataset\SCIN\images\1644871908460717533.png,Other,0.658935546875,
SCIN,C:\Users\tishy\Documents\Honors\dataset\SCIN\images\3623323873565698897.png,Other,0.8970947265625,
SCIN,C:\Users\tishy\Documents\Honors\dataset\SCIN\images\6609314029368749758.png,Other,0.6610107421875,
SCIN,C:\Users\tishy\Documents\Honors\dataset\SCIN\images\543166546984254596.png,Other,0.3897705078125,
SCIN,C:\Users\tishy\Documents\Honors\dataset\SCIN\images\-4536036201686482819.png,Other,0.7686767578125,
SCIN,C:\Users\tishy\Documents\Honors\dataset\SCIN\images\-3768594983498155183.png,Other,0.99847412109375,
SCIN,C:\Users\tishy\Documents\Honors\dataset\SCIN\images\6155949970537549254.png,Other,0.92950439453125,
SCIN,C:\Users\tishy\Documents\Honors\dataset\SCIN\images\1198052867941196873.png,Other,0.9122314453125,
SCIN,C:\Users\tishy\Documents\Honors\dataset\SCIN\images\-4998326269769441287.png,Other,0.672607421875,
SCIN,C:\Users\tishy\Documents\Honors\dataset\SCIN\images\6084095101367283122.png,Other,0.404541015625,
SCIN,C:\Users\tishy\Documents\Honors\dataset\SCIN\images\1263906762770950345.png,Other,1.0,
SCIN,C:\Users\tishy\Documents\Honors\dataset\SCIN\images\-4468688474789172461.png,Other,0.7003173828125,
SCIN,C:\Users\tishy\Documents\Honors\dataset\SCIN\images\-3508263302029113573.png,Other,0.44317626953125,
SCIN,C:\Users\tishy\Documents\Honors\dataset\SCIN\images\-6126300786849773025.png,Other,0.9949951171875,
SCIN,C:\Users\tishy\Documents\Honors\dataset\SCIN\images\-7859891256408094461.png,Other,0.84942626953125,
SCIN,C:\Users\tishy\Documents\Honors\dataset\SCIN\images\-6413100458548426751.png,Other,0.86981201171875,
SCIN,C:\Users\tishy\Documents\Honors\dataset\SCIN\images\1697641502182789644.png,Other,0.48150634765625,
SCIN,C:\Users\tishy\Documents\Honors\dataset\SCIN\images\-2931209707897506268.png,Other,0.9635009765625,
SCIN,C:\Users\tishy\Documents\Honors\dataset\SCIN\images\-521328877742525221.png,Other,0.98681640625,
SCIN,C:\Users\tishy\Documents\Honors\dataset\SCIN\images\1417824861669892091.png,Other,0.83502197265625,
SCIN,C:\Users\tishy\Documents\Honors\dataset\SCIN\images\-6944302951685734951.png,Other,0.646484375,
SCIN,C:\Users\tishy\Documents\Honors\dataset\SCIN\images\-3060263520815794413.png,Other,0.8392333984375,
SCIN,C:\Users\tishy\Documents\Honors\dataset\SCIN\images\3252058551465992298.png,Other,0.77880859375,
SCIN,C:\Users\tishy\Documents\Honors\dataset\SCIN\images\7525581487594756530.png,Other,0.5174560546875,
SCIN,C:\Users\tishy\Documents\Honors\dataset\SCIN\images\4606296336773557421.png,Other,0.866943359375,
SCIN,C:\Users\tishy\Documents\Honors\dataset\SCIN\images\-6127435219858267063.png,Other,0.9874267578125,
SCIN,C:\Users\tishy\Documents\Honors\dataset\SCIN\images\5805001344477274084.png,Other,0.52874755859375,
SCIN,C:\Users\tishy\Documents\Honors\dataset\SCIN\images\-8490024681950036495.png,Other,0.70611572265625,
SCIN,C:\Users\tishy\Documents\Honors\dataset\SCIN\images\8042347174036829785.png,Other,0.61376953125,
SCIN,C:\Users\tishy\Documents\Honors\dataset\SCIN\images\3703025959306724787.png,Other,0.322509765625,
SCIN,C:\Users\tishy\Documents\Honors\dataset\SCIN\images\8376081099122980433.png,Other,0.94342041015625,
SCIN,C:\Users\tishy\Documents\Honors\dataset\SCIN\images\425171764735655858.png,Other,0.8585205078125,
SCIN,C:\Users\tishy\Documents\Honors\dataset\SCIN\images\-159306299408086544.png,Other,0.9305419921875,
SCIN,C:\Users\tishy\Documents\Honors\dataset\SCIN\images\-223509246511414690.png,Other,0.9996337890625,
SCIN,C:\Users\tishy\Documents\Honors\dataset\SCIN\images\4686243363648561486.png,Other,0.68414306640625,
SCIN,C:\Users\tishy\Documents\Honors\dataset\SCIN\images\-5717029763094567826.png,Other,0.57000732421875,
SCIN,C:\Users\tishy\Documents\Honors\dataset\SCIN\images\-1994784874419458634.png,Other,0.8775634765625,
SCIN,C:\Users\tishy\Documents\Honors\dataset\SCIN\images\-1801773442347821171.png,Other,0.9776611328125,
SCIN,C:\Users\tishy\Documents\Honors\dataset\SCIN\images\4122224617524604252.png,Other,0.8074951171875,
SCIN,C:\Users\tishy\Documents\Honors\dataset\SCIN\images\-5764542088182767381.png,Other,0.56488037109375,
SCIN,C:\Users\tishy\Documents\Honors\dataset\SCIN\images\5420139034833530457.png,Other,0.718505859375,
SCIN,C:\Users\tishy\Documents\Honors\dataset\SCIN\images\8581055912873173590.png,Other,0.5423583984375,
SCIN,C:\Users\tishy\Documents\Honors\dataset\SCIN\images\159823969875349519.png,Other,0.21575927734375,
SCIN,C:\Users\tishy\Documents\Honors\dataset\SCIN\images\5835162322438525871.png,Other,0.017822265625,
SCIN,C:\Users\tishy\Documents\Honors\dataset\SCIN\images\-8060348661588746462.png,Other,0.766357421875,
SCIN,C:\Users\tishy\Documents\Honors\dataset\SCIN\images\7920406759212723280.png,Other,0.75341796875,
SCIN,C:\Users\tishy\Documents\Honors\dataset\SCIN\images\-8122241562606851224.png,Other,0.67742919921875,
SCIN,C:\Users\tishy\Documents\Honors\dataset\SCIN\images\1689387674613114667.png,Other,0.8887939453125,
SCIN,C:\Users\tishy\Documents\Honors\dataset\SCIN\images\-3914623735036915534.png,Other,0.9852294921875,
SCIN,C:\Users\tishy\Documents\Honors\dataset\SCIN\images\-6119073655701836066.png,Other,0.59613037109375,
SCIN,C:\Users\tishy\Documents\Honors\dataset\SCIN\images\6493256759329924144.png,Other,0.73150634765625,
SCIN,C:\Users\tishy\Documents\Honors\dataset\SCIN\images\-4333533543825496331.png,Other,0.800537109375,
SCIN,C:\Users\tishy\Documents\Honors\dataset\SCIN\images\-408534567856996060.png,Other,0.67242431640625,
SCIN,C:\Users\tishy\Documents\Honors\dataset\SCIN\images\5804402476916294581.png,Other,0.99237060546875,
SCIN,C:\Users\tishy\Documents\Honors\dataset\SCIN\images\902212744597119124.png,Other,0.68084716796875,
SCIN,C:\Users\tishy\Documents\Honors\dataset\SCIN\images\-1964801097019886136.png,Other,0.7528076171875,
SCIN,C:\Users\tishy\Documents\Honors\dataset\SCIN\images\-5181467906878483990.png,Other,0.9432373046875,
SCIN,C:\Users\tishy\Documents\Honors\dataset\SCIN\images\2544728617164619888.png,Other,0.71649169921875,
SCIN,C:\Users\tishy\Documents\Honors\dataset\SCIN\images\4412120753157054552.png,Other,0.293212890625,
SCIN,C:\Users\tishy\Documents\Honors\dataset\SCIN\images\444763995685007646.png,Other,0.41851806640625,
SCIN,C:\Users\tishy\Documents\Honors\dataset\SCIN\images\8772419845553308049.png,Other,0.84075927734375,
SCIN,C:\Users\tishy\Documents\Honors\dataset\SCIN\images\-2407319126554877039.png,Other,0.8995361328125,
SCIN,C:\Users\tishy\Documents\Honors\dataset\SCIN\images\-5759983830642479138.png,Other,0.98040771484375,
SCIN,C:\Users\tishy\Documents\Honors\dataset\SCIN\images\8142922305296725414.png,Other,0.97491455078125,
SCIN,C:\Users\tishy\Documents\Honors\dataset\SCIN\images\6592267744694757863.png,Other,0.986328125,
SCIN,C:\Users\tishy\Documents\Honors\dataset\SCIN\images\8611402840751124787.png,Other,0.78778076171875,
SCIN,C:\Users\tishy\Documents\Honors\dataset\SCIN\images\6296216387720846689.png,Other,0.74169921875,
SCIN,C:\Users\tishy\Documents\Honors\dataset\SCIN\images\-8578005713261816070.png,Other,0.9620361328125,
SCIN,C:\Users\tishy\Documents\Honors\dataset\SCIN\images\6383063947856657975.png,Other,0.736572265625,
SCIN,C:\Users\tishy\Documents\Honors\dataset\SCIN\images\7113197141520215257.png,Other,0.4539794921875,
SCIN,C:\Users\tishy\Documents\Honors\dataset\SCIN\images\4140410826185492876.png,Other,0.8211669921875,
SCIN,C:\Users\tishy\Documents\Honors\dataset\SCIN\images\1636645679666658249.png,Other,0.66204833984375,
SCIN,C:\Users\tishy\Documents\Honors\dataset\SCIN\images\8435198682736521622.png,Other,0.63348388671875,
SCIN,C:\Users\tishy\Documents\Honors\dataset\SCIN\images\7248955316252325726.png,Other,0.85687255859375,
SCIN,C:\Users\tishy\Documents\Honors\dataset\SCIN\images\-194017562508969044.png,Other,0.6890869140625,
SCIN,C:\Users\tishy\Documents\Honors\dataset\SCIN\images\1537613128125100545.png,Other,0.99615478515625,
SCIN,C:\Users\tishy\Documents\Honors\dataset\SCIN\images\-71846644280357894.png,Other,0.266845703125,
SCIN,C:\Users\tishy\Documents\Honors\dataset\SCIN\images\5395886735511287776.png,Other,0.95916748046875,
SCIN,C:\Users\tishy\Documents\Honors\dataset\SCIN\images\7997336758556521282.png,Other,0.90252685546875,
SCIN,C:\Users\tishy\Documents\Honors\dataset\SCIN\images\5300459600634597424.png,Other,0.554443359375,
SCIN,C:\Users\tishy\Documents\Honors\dataset\SCIN\images\3140661908326414602.png,Other,0.50604248046875,
SCIN,C:\Users\tishy\Documents\Honors\dataset\SCIN\images\-2885771906506928784.png,Other,0.7789306640625,
SCIN,C:\Users\tishy\Documents\Honors\dataset\SCIN\images\5858206430170814591.png,Other,0.4927978515625,
SCIN,C:\Users\tishy\Documents\Honors\dataset\SCIN\images\5515455349045471891.png,Other,0.7322998046875,
SCIN,C:\Users\tishy\Documents\Honors\dataset\SCIN\images\-8678694517436562147.png,Other,0.7803955078125,
SCIN,C:\Users\tishy\Documents\Honors\dataset\SCIN\images\-7963004189436208876.png,Other,0.269287109375,
SCIN,C:\Users\tishy\Documents\Honors\dataset\SCIN\images\1971278460267998653.png,Other,0.3765869140625,
SCIN,C:\Users\tishy\Documents\Honors\dataset\SCIN\images\7591093086010333707.png,Other,0.9100341796875,
SCIN,C:\Users\tishy\Documents\Honors\dataset\SCIN\images\3618741684615071172.png,Other,0.603759765625,
SCIN,C:\Users\tishy\Documents\Honors\dataset\SCIN\images\-1698000878108568001.png,Other,0.75152587890625,
SCIN,C:\Users\tishy\Documents\Honors\dataset\SCIN\images\-2215364224764240066.png,Other,0.60760498046875,
SCIN,C:\Users\tishy\Documents\Honors\dataset\SCIN\images\-9168553883581693079.png,Other,0.83880615234375,
SCIN,C:\Users\tishy\Documents\Honors\dataset\SCIN\images\4175580618962077841.png,Other,0.967529296875,
SCIN,C:\Users\tishy\Documents\Honors\dataset\SCIN\images\1217802956545325355.png,Other,0.8209228515625,
SCIN,C:\Users\tishy\Documents\Honors\dataset\SCIN\images\2522251872979086140.png,Other,0.98699951171875,
SCIN,C:\Users\tishy\Documents\Honors\dataset\SCIN\images\-2458386020616457489.png,Other,0.676513671875,
SCIN,C:\Users\tishy\Documents\Honors\dataset\SCIN\images\-1369732580479712253.png,Other,0.91168212890625,
SCIN,C:\Users\tishy\Documents\Honors\dataset\SCIN\images\4794220152608035550.png,Other,0.83502197265625,
SCIN,C:\Users\tishy\Documents\Honors\dataset\SCIN\images\-4429934516902201548.png,Other,0.88836669921875,
SCIN,C:\Users\tishy\Documents\Honors\dataset\SCIN\images\8418262465064552927.png,Other,0.71514892578125,
SCIN,C:\Users\tishy\Documents\Honors\dataset\SCIN\images\-3983029521824557953.png,Other,0.48046875,
SCIN,C:\Users\tishy\Documents\Honors\dataset\SCIN\images\-59153319075421114.png,Other,0.9443359375,
SCIN,C:\Users\tishy\Documents\Honors\dataset\SCIN\images\2958782824593955943.png,Other,0.80609130859375,
SCIN,C:\Users\tishy\Documents\Honors\dataset\SCIN\images\2642674397494652844.png,Other,0.87255859375,
SCIN,C:\Users\tishy\Documents\Honors\dataset\SCIN\images\4029104988964587991.png,Other,0.25604248046875,
SCIN,C:\Users\tishy\Documents\Honors\dataset\SCIN\images\2698648866798676998.png,Other,0.8193359375,
SCIN,C:\Users\tishy\Documents\Honors\dataset\SCIN\images\7513738175913196155.png,Other,0.4093017578125,
SCIN,C:\Users\tishy\Documents\Honors\dataset\SCIN\images\1341491376911672914.png,Other,0.4833984375,
SCIN,C:\Users\tishy\Documents\Honors\dataset\SCIN\images\7754333012238295111.png,Other,0.6234130859375,
SCIN,C:\Users\tishy\Documents\Honors\dataset\SCIN\images\-2257423882813548775.png,Other,0.0745849609375,
SCIN,C:\Users\tishy\Documents\Honors\dataset\SCIN\images\5304169411078336610.png,Other,0.71429443359375,
SCIN,C:\Users\tishy\Documents\Honors\dataset\SCIN\images\8182366432507098658.png,Other,0.7205810546875,
SCIN,C:\Users\tishy\Documents\Honors\dataset\SCIN\images\-761325943535501462.png,Other,0.979248046875,
SCIN,C:\Users\tishy\Documents\Honors\dataset\SCIN\images\4981924219389224217.png,Other,0.84173583984375,
SCIN,C:\Users\tishy\Documents\Honors\dataset\SCIN\images\8742983234551726539.png,Other,0.95562744140625,
SCIN,C:\Users\tishy\Documents\Honors\dataset\SCIN\images\-3643248167198411501.png,Other,0.9239501953125,
SCIN,C:\Users\tishy\Documents\Honors\dataset\SCIN\images\320301340771274565.png,Other,0.76727294921875,
SCIN,C:\Users\tishy\Documents\Honors\dataset\SCIN\images\-7585848697354186063.png,Other,0.8826904296875,
SCIN,C:\Users\tishy\Documents\Honors\dataset\SCIN\images\-6759195629084095044.png,Other,0.9954833984375,
SCIN,C:\Users\tishy\Documents\Honors\dataset\SCIN\images\-568386322973258434.png,Other,0.69256591796875,
SCIN,C:\Users\tishy\Documents\Honors\dataset\SCIN\images\-7434393217742175295.png,Other,0.59027099609375,
SCIN,C:\Users\tishy\Documents\Honors\dataset\SCIN\images\-694718296081673949.png,Other,0.67071533203125,
SCIN,C:\Users\tishy\Documents\Honors\dataset\SCIN\images\-2298741642819106068.png,Other,0.593994140625,
SCIN,C:\Users\tishy\Documents\Honors\dataset\SCIN\images\5761914208822394205.png,Other,0.2291259765625,
SCIN,C:\Users\tishy\Documents\Honors\dataset\SCIN\images\4526601686447943043.png,Other,0.77264404296875,
SCIN,C:\Users\tishy\Documents\Honors\dataset\SCIN\images\-9154253420651784881.png,Other,0.86737060546875,
SCIN,C:\Users\tishy\Documents\Honors\dataset\SCIN\images\-4695767486983535562.png,Other,0.60443115234375,
SCIN,C:\Users\tishy\Documents\Honors\dataset\SCIN\images\6699917053211603119.png,Other,0.9998779296875,
SCIN,C:\Users\tishy\Documents\Honors\dataset\SCIN\images\-8531554322625259799.png,Other,0.8232421875,
SCIN,C:\Users\tishy\Documents\Honors\dataset\SCIN\images\-6825931676608812283.png,Other,0.93658447265625,
SCIN,C:\Users\tishy\Documents\Honors\dataset\SCIN\images\3224954486122489674.png,Other,0.810791015625,
SCIN,C:\Users\tishy\Documents\Honors\dataset\SCIN\images\-6549975853582307930.png,Other,0.79376220703125,
SCIN,C:\Users\tishy\Documents\Honors\dataset\SCIN\images\1686314235700177799.png,Other,0.7125244140625,
SCIN,C:\Users\tishy\Documents\Honors\dataset\SCIN\images\8199317997534897211.png,Other,0.8228759765625,
SCIN,C:\Users\tishy\Documents\Honors\dataset\SCIN\images\2108600103580272561.png,Other,0.59442138671875,
SCIN,C:\Users\tishy\Documents\Honors\dataset\SCIN\images\2541250792157192084.png,Other,0.69366455078125,
SCIN,C:\Users\tishy\Documents\Honors\dataset\SCIN\images\-7999991740162950505.png,Other,0.30267333984375,
SCIN,C:\Users\tishy\Documents\Honors\dataset\SCIN\images\-7711091231416269014.png,Other,0.7401123046875,
SCIN,C:\Users\tishy\Documents\Honors\dataset\SCIN\images\-9070912914309175936.png,Other,0.59716796875,
SCIN,C:\Users\tishy\Documents\Honors\dataset\SCIN\images\-3871839807525937167.png,Other,0.77813720703125,
SCIN,C:\Users\tishy\Documents\Honors\dataset\SCIN\images\1744488958958347097.png,Other,0.55206298828125,
SCIN,C:\Users\tishy\Documents\Honors\dataset\SCIN\images\-6212289614446036131.png,Other,0.836669921875,
SCIN,C:\Users\tishy\Documents\Honors\dataset\SCIN\images\-3385663672767697299.png,Other,0.99835205078125,
SCIN,C:\Users\tishy\Documents\Honors\dataset\SCIN\images\2588243673258291167.png,Other,0.99749755859375,
SCIN,C:\Users\tishy\Documents\Honors\dataset\SCIN\images\4232801340904799559.png,Other,0.5718994140625,
SCIN,C:\Users\tishy\Documents\Honors\dataset\SCIN\images\9114737540227929305.png,Other,0.8453369140625,
SCIN,C:\Users\tishy\Documents\Honors\dataset\SCIN\images\-7783236188066925348.png,Other,0.309326171875,
SCIN,C:\Users\tishy\Documents\Honors\dataset\SCIN\images\813985591513517003.png,Other,0.63421630859375,
SCIN,C:\Users\tishy\Documents\Honors\dataset\SCIN\images\-3534410300979499809.png,Other,0.7210693359375,
SCIN,C:\Users\tishy\Documents\Honors\dataset\SCIN\images\-2642479472977208242.png,Other,0.94329833984375,
SCIN,C:\Users\tishy\Documents\Honors\dataset\SCIN\images\-1615996741063613277.png,Other,0.85052490234375,
SCIN,C:\Users\tishy\Documents\Honors\dataset\SCIN\images\-256867940930929101.png,Other,0.5501708984375,
SCIN,C:\Users\tishy\Documents\Honors\dataset\SCIN\images\7992099817197638769.png,Other,0.41064453125,
SCIN,C:\Users\tishy\Documents\Honors\dataset\SCIN\images\8858580079281238438.png,Other,0.84405517578125,
SCIN,C:\Users\tishy\Documents\Honors\dataset\SCIN\images\8397404777462654458.png,Other,0.88165283203125,
SCIN,C:\Users\tishy\Documents\Honors\dataset\SCIN\images\1818532041670121872.png,Other,0.98779296875,
SCIN,C:\Users\tishy\Documents\Honors\dataset\SCIN\images\-4402576625178936977.png,Other,0.59295654296875,
SCIN,C:\Users\tishy\Documents\Honors\dataset\SCIN\images\5994641254627791878.png,Other,0.8724365234375,
SCIN,C:\Users\tishy\Documents\Honors\dataset\SCIN\images\519765777751190850.png,Other,0.92730712890625,
SCIN,C:\Users\tishy\Documents\Honors\dataset\SCIN\images\6816620786682316431.png,Other,0.945556640625,
SCIN,C:\Users\tishy\Documents\Honors\dataset\SCIN\images\-6124289799481016838.png,Other,0.1939697265625,
SCIN,C:\Users\tishy\Documents\Honors\dataset\SCIN\images\-7526888085066357479.png,Other,0.99945068359375,
SCIN,C:\Users\tishy\Documents\Honors\dataset\SCIN\images\1169372227657991111.png,Other,0.84716796875,
SCIN,C:\Users\tishy\Documents\Honors\dataset\SCIN\images\-2825268606715146676.png,Other,1.0,
SCIN,C:\Users\tishy\Documents\Honors\dataset\SCIN\images\-4460944419727821614.png,Other,0.25311279296875,
SCIN,C:\Users\tishy\Documents\Honors\dataset\SCIN\images\-3385850542697500626.png,Other,0.88861083984375,
SCIN,C:\Users\tishy\Documents\Honors\dataset\SCIN\images\-906582537993925966.png,Other,0.97088623046875,
SCIN,C:\Users\tishy\Documents\Honors\dataset\SCIN\images\8097381513172060282.png,Other,0.81005859375,
SCIN,C:\Users\tishy\Documents\Honors\dataset\SCIN\images\-534112584840590399.png,Other,0.52581787109375,
SCIN,C:\Users\tishy\Documents\Honors\dataset\SCIN\images\-4059737581854300157.png,Other,0.58355712890625,
SCIN,C:\Users\tishy\Documents\Honors\dataset\SCIN\images\5304541662818362266.png,Other,0.80645751953125,
SCIN,C:\Users\tishy\Documents\Honors\dataset\SCIN\images\-4749402405697711787.png,Other,0.5072021484375,
SCIN,C:\Users\tishy\Documents\Honors\dataset\SCIN\images\-7734606889662811774.png,Other,0.906005859375,
SCIN,C:\Users\tishy\Documents\Honors\dataset\SCIN\images\-5297033553821408234.png,Other,0.52288818359375,
SCIN,C:\Users\tishy\Documents\Honors\dataset\SCIN\images\-1207834327352514621.png,Other,0.79425048828125,
SCIN,C:\Users\tishy\Documents\Honors\dataset\SCIN\images\15358710622059889.png,Other,0.2916259765625,
SCIN,C:\Users\tishy\Documents\Honors\dataset\SCIN\images\818614089115218339.png,Other,0.04827880859375,
SCIN,C:\Users\tishy\Documents\Honors\dataset\SCIN\images\8661840158842335589.png,Other,0.9227294921875,
SCIN,C:\Users\tishy\Documents\Honors\dataset\SCIN\images\-9215921701035518354.png,Other,0.92071533203125,
SCIN,C:\Users\tishy\Documents\Honors\dataset\SCIN\images\-67819177160008715.png,Other,0.6475830078125,
SCIN,C:\Users\tishy\Documents\Honors\dataset\SCIN\images\-6228624570959443618.png,Other,0.927490234375,
SCIN,C:\Users\tishy\Documents\Honors\dataset\SCIN\images\3217705513716567869.png,Other,0.9774169921875,
SCIN,C:\Users\tishy\Documents\Honors\dataset\SCIN\images\13835625549189005.png,Other,0.30670166015625,
SCIN,C:\Users\tishy\Documents\Honors\dataset\SCIN\images\-7288421822363632426.png,Other,0.7958984375,
SCIN,C:\Users\tishy\Documents\Honors\dataset\SCIN\images\-6775132432553159541.png,Other,0.57476806640625,
SCIN,C:\Users\tishy\Documents\Honors\dataset\SCIN\images\-4593099640126869162.png,Other,0.4271240234375,
SCIN,C:\Users\tishy\Documents\Honors\dataset\SCIN\images\5258645229346156312.png,Other,0.79718017578125,
SCIN,C:\Users\tishy\Documents\Honors\dataset\SCIN\images\4381718773613306732.png,Other,0.74176025390625,
SCIN,C:\Users\tishy\Documents\Honors\dataset\SCIN\images\-2435035923412360662.png,Other,0.64227294921875,
SCIN,C:\Users\tishy\Documents\Honors\dataset\SCIN\images\-1688996550472163044.png,Other,0.720947265625,
SCIN,C:\Users\tishy\Documents\Honors\dataset\SCIN\images\4004541750295193825.png,Other,0.64483642578125,
SCIN,C:\Users\tishy\Documents\Honors\dataset\SCIN\images\587943405049675191.png,Other,0.69732666015625,
SCIN,C:\Users\tishy\Documents\Honors\dataset\SCIN\images\-7589195234367125654.png,Other,0.38824462890625,
SCIN,C:\Users\tishy\Documents\Honors\dataset\SCIN\images\8921106678900434918.png,Other,0.83441162109375,
SCIN,C:\Users\tishy\Documents\Honors\dataset\SCIN\images\-2593270997761285390.png,Other,0.8309326171875,
SCIN,C:\Users\tishy\Documents\Honors\dataset\SCIN\images\5395629424458057084.png,Other,0.37103271484375,
SCIN,C:\Users\tishy\Documents\Honors\dataset\SCIN\images\-8760666669816564693.png,Other,0.94439697265625,
SCIN,C:\Users\tishy\Documents\Honors\dataset\SCIN\images\8078665794653560810.png,Other,0.64788818359375,
SCIN,C:\Users\tishy\Documents\Honors\dataset\SCIN\images\8410079725892876702.png,Other,0.6627197265625,
SCIN,C:\Users\tishy\Documents\Honors\dataset\SCIN\images\8882862791433721722.png,Other,0.88958740234375,
SCIN,C:\Users\tishy\Documents\Honors\dataset\SCIN\images\-6078552801183548619.png,Other,0.49365234375,
SCIN,C:\Users\tishy\Documents\Honors\dataset\SCIN\images\-5878473243646267604.png,Other,0.5128173828125,
SCIN,C:\Users\tishy\Documents\Honors\dataset\SCIN\images\1227935601011414523.png,Other,0.70751953125,
SCIN,C:\Users\tishy\Documents\Honors\dataset\SCIN\images\2287632164695684571.png,Other,0.9835205078125,
SCIN,C:\Users\tishy\Documents\Honors\dataset\SCIN\images\-8239179538315697833.png,Other,0.5054931640625,
SCIN,C:\Users\tishy\Documents\Honors\dataset\SCIN\images\-5641194784721271250.png,Other,0.93817138671875,
SCIN,C:\Users\tishy\Documents\Honors\dataset\SCIN\images\9149077865725302027.png,Other,0.9229736328125,
SCIN,C:\Users\tishy\Documents\Honors\dataset\SCIN\images\-3706986546510711962.png,Other,0.5335693359375,
SCIN,C:\Users\tishy\Documents\Honors\dataset\SCIN\images\5936306006842485858.png,Other,0.73236083984375,
SCIN,C:\Users\tishy\Documents\Honors\dataset\SCIN\images\5264767833936062007.png,Other,0.76861572265625,
SCIN,C:\Users\tishy\Documents\Honors\dataset\SCIN\images\6227747699238901445.png,Other,0.72247314453125,
SCIN,C:\Users\tishy\Documents\Honors\dataset\SCIN\images\7256574457305750487.png,Other,0.4420166015625,
SCIN,C:\Users\tishy\Documents\Honors\dataset\SCIN\images\7759314623352732303.png,Other,0.7772216796875,
SCIN,C:\Users\tishy\Documents\Honors\dataset\SCIN\images\7636687047776991161.png,Other,0.67816162109375,
SCIN,C:\Users\tishy\Documents\Honors\dataset\SCIN\images\-6410481587765281395.png,Other,0.4591064453125,
SCIN,C:\Users\tishy\Documents\Honors\dataset\SCIN\images\-7923370243531317753.png,Other,0.84423828125,
SCIN,C:\Users\tishy\Documents\Honors\dataset\SCIN\images\-7696969096166286881.png,Other,0.89337158203125,
SCIN,C:\Users\tishy\Documents\Honors\dataset\SCIN\images\4170369505238565188.png,Other,0.7918701171875,
SCIN,C:\Users\tishy\Documents\Honors\dataset\SCIN\images\5551028479981095625.png,Other,0.1153564453125,
SCIN,C:\Users\tishy\Documents\Honors\dataset\SCIN\images\8172216046510123797.png,Other,0.6976318359375,
SCIN,C:\Users\tishy\Documents\Honors\dataset\SCIN\images\-1636484005075863505.png,Other,0.80029296875,
SCIN,C:\Users\tishy\Documents\Honors\dataset\SCIN\images\-3753220776898215006.png,Other,0.9031982421875,
SCIN,C:\Users\tishy\Documents\Honors\dataset\SCIN\images\2614257351541522232.png,Other,0.73480224609375,
SCIN,C:\Users\tishy\Documents\Honors\dataset\SCIN\images\-2656805594284374401.png,Other,0.618408203125,
SCIN,C:\Users\tishy\Documents\Honors\dataset\SCIN\images\-3837747594652952379.png,Other,0.69281005859375,
SCIN,C:\Users\tishy\Documents\Honors\dataset\SCIN\images\-5554498179567141518.png,Other,0.79730224609375,
SCIN,C:\Users\tishy\Documents\Honors\dataset\SCIN\images\5771554111956214513.png,Other,0.8350830078125,
SCIN,C:\Users\tishy\Documents\Honors\dataset\SCIN\images\8751100562164689123.png,Other,0.80487060546875,
SCIN,C:\Users\tishy\Documents\Honors\dataset\SCIN\images\-2005856048520510588.png,Other,0.79010009765625,
SCIN,C:\Users\tishy\Documents\Honors\dataset\SCIN\images\4336168799610000274.png,Other,0.93316650390625,
SCIN,C:\Users\tishy\Documents\Honors\dataset\SCIN\images\8083716419169064278.png,Other,0.761962890625,
SCIN,C:\Users\tishy\Documents\Honors\dataset\SCIN\images\7750207607646915521.png,Other,0.79345703125,
SCIN,C:\Users\tishy\Documents\Honors\dataset\SCIN\images\-6526281835697499699.png,Other,0.90765380859375,
SCIN,C:\Users\tishy\Documents\Honors\dataset\SCIN\images\7065103690130891995.png,Other,1.0,
SCIN,C:\Users\tishy\Documents\Honors\dataset\SCIN\images\5333597754332194335.png,Other,0.8955078125,
SCIN,C:\Users\tishy\Documents\Honors\dataset\SCIN\images\8041619602634449159.png,Other,0.75103759765625,
SCIN,C:\Users\tishy\Documents\Honors\dataset\SCIN\images\-5023871482662842756.png,Other,0.9525146484375,
SCIN,C:\Users\tishy\Documents\Honors\dataset\SCIN\images\-8409059137252391480.png,Other,0.94256591796875,
SCIN,C:\Users\tishy\Documents\Honors\dataset\SCIN\images\-2901403481133969902.png,Other,0.9991455078125,
SCIN,C:\Users\tishy\Documents\Honors\dataset\SCIN\images\-1829482998281419916.png,Other,0.57806396484375,
SCIN,C:\Users\tishy\Documents\Honors\dataset\SCIN\images\-4189733889619361017.png,Other,0.55023193359375,
SCIN,C:\Users\tishy\Documents\Honors\dataset\SCIN\images\-7917987345757592250.png,Other,0.41424560546875,
SCIN,C:\Users\tishy\Documents\Honors\dataset\SCIN\images\-8262765470602082655.png,Other,0.906982421875,
SCIN,C:\Users\tishy\Documents\Honors\dataset\SCIN\images\-4188278916483896062.png,Other,0.51171875,
SCIN,C:\Users\tishy\Documents\Honors\dataset\SCIN\images\-4220030543036090110.png,Other,0.27630615234375,
SCIN,C:\Users\tishy\Documents\Honors\dataset\SCIN\images\6359749307485054893.png,Other,0.5552978515625,
SCIN,C:\Users\tishy\Documents\Honors\dataset\SCIN\images\-7157869548539822982.png,Other,0.9261474609375,
SCIN,C:\Users\tishy\Documents\Honors\dataset\SCIN\images\8424488974574883789.png,Other,0.51336669921875,
SCIN,C:\Users\tishy\Documents\Honors\dataset\SCIN\images\3607019658166796007.png,Other,0.7222900390625,
SCIN,C:\Users\tishy\Documents\Honors\dataset\SCIN\images\5648339779171772545.png,Other,0.99664306640625,
SCIN,C:\Users\tishy\Documents\Honors\dataset\SCIN\images\344220635633407294.png,Other,0.9298095703125,
SCIN,C:\Users\tishy\Documents\Honors\dataset\SCIN\images\6890284886068672473.png,Other,0.43841552734375,
SCIN,C:\Users\tishy\Documents\Honors\dataset\SCIN\images\-2521833375555935228.png,Other,0.67742919921875,
SCIN,C:\Users\tishy\Documents\Honors\dataset\SCIN\images\-8684573061351687299.png,Other,0.9744873046875,
SCIN,C:\Users\tishy\Documents\Honors\dataset\SCIN\images\117775236047780534.png,Other,0.99493408203125,
SCIN,C:\Users\tishy\Documents\Honors\dataset\SCIN\images\-5350220404862050225.png,Other,0.6290283203125,
SCIN,C:\Users\tishy\Documents\Honors\dataset\SCIN\images\2606087520572543875.png,Other,0.76434326171875,
SCIN,C:\Users\tishy\Documents\Honors\dataset\SCIN\images\-7800004629114489202.png,Other,0.7462158203125,
SCIN,C:\Users\tishy\Documents\Honors\dataset\SCIN\images\-3258250159325961476.png,Other,0.82305908203125,
SCIN,C:\Users\tishy\Documents\Honors\dataset\SCIN\images\7999126737267845902.png,Other,0.9986572265625,
SCIN,C:\Users\tishy\Documents\Honors\dataset\SCIN\images\-8341283864171645385.png,Other,0.90447998046875,
SCIN,C:\Users\tishy\Documents\Honors\dataset\SCIN\images\-1204349630028029673.png,Other,0.40289306640625,
SCIN,C:\Users\tishy\Documents\Honors\dataset\SCIN\images\4653155751315316339.png,Other,0.96014404296875,
SCIN,C:\Users\tishy\Documents\Honors\dataset\SCIN\images\-5831953969475490038.png,Other,0.2850341796875,
SCIN,C:\Users\tishy\Documents\Honors\dataset\SCIN\images\1610643527361135382.png,Other,0.086669921875,
SCIN,C:\Users\tishy\Documents\Honors\dataset\SCIN\images\-500789885194928068.png,Other,0.644287109375,
SCIN,C:\Users\tishy\Documents\Honors\dataset\SCIN\images\-4696067359335613302.png,Other,0.59906005859375,
SCIN,C:\Users\tishy\Documents\Honors\dataset\SCIN\images\2560969760533689549.png,Other,0.873046875,
SCIN,C:\Users\tishy\Documents\Honors\dataset\SCIN\images\-4343637859112366862.png,Other,0.8349609375,
SCIN,C:\Users\tishy\Documents\Honors\dataset\SCIN\images\-1885006961985571245.png,Other,0.9427490234375,
SCIN,C:\Users\tishy\Documents\Honors\dataset\SCIN\images\8471914181416373823.png,Other,0.0625,
SCIN,C:\Users\tishy\Documents\Honors\dataset\SCIN\images\8983095038435956093.png,Other,0.8673095703125,
SCIN,C:\Users\tishy\Documents\Honors\dataset\SCIN\images\2360024598720355886.png,Other,0.44659423828125,
SCIN,C:\Users\tishy\Documents\Honors\dataset\SCIN\images\-4999461920169777167.png,Other,0.85260009765625,
SCIN,C:\Users\tishy\Documents\Honors\dataset\SCIN\images\-495867650501344143.png,Other,0.84478759765625,
SCIN,C:\Users\tishy\Documents\Honors\dataset\SCIN\images\-3182809862860496086.png,Other,0.35882568359375,
SCIN,C:\Users\tishy\Documents\Honors\dataset\SCIN\images\-3912193448916036992.png,Other,0.98748779296875,
SCIN,C:\Users\tishy\Documents\Honors\dataset\SCIN\images\-8115629007813437794.png,Other,0.72406005859375,
SCIN,C:\Users\tishy\Documents\Honors\dataset\SCIN\images\1830225513860057803.png,Other,0.6766357421875,
SCIN,C:\Users\tishy\Documents\Honors\dataset\SCIN\images\-3736850922923665026.png,Other,1.0,
SCIN,C:\Users\tishy\Documents\Honors\dataset\SCIN\images\3045078359659881554.png,Other,0.8370361328125,
SCIN,C:\Users\tishy\Documents\Honors\dataset\SCIN\images\1606523083856481740.png,Other,0.95379638671875,
SCIN,C:\Users\tishy\Documents\Honors\dataset\SCIN\images\-3292291018048264526.png,Other,0.06182861328125,
SCIN,C:\Users\tishy\Documents\Honors\dataset\SCIN\images\5098291625066706400.png,Other,0.6065673828125,
SCIN,C:\Users\tishy\Documents\Honors\dataset\SCIN\images\-218355838670686470.png,Other,0.7349853515625,
SCIN,C:\Users\tishy\Documents\Honors\dataset\SCIN\images\4716235809681478742.png,Other,0.6348876953125,
SCIN,C:\Users\tishy\Documents\Honors\dataset\SCIN\images\5588993206815623210.png,Other,0.97344970703125,
SCIN,C:\Users\tishy\Documents\Honors\dataset\SCIN\images\8011623754421324446.png,Other,0.59228515625,
SCIN,C:\Users\tishy\Documents\Honors\dataset\SCIN\images\6264627799884048451.png,Other,0.307373046875,
SCIN,C:\Users\tishy\Documents\Honors\dataset\SCIN\images\5642859456660035960.png,Other,0.3524169921875,
SCIN,C:\Users\tishy\Documents\Honors\dataset\SCIN\images\-8859705766164733610.png,Other,0.857177734375,
SCIN,C:\Users\tishy\Documents\Honors\dataset\SCIN\images\-9117223290429749335.png,Other,0.8043212890625,
SCIN,C:\Users\tishy\Documents\Honors\dataset\SCIN\images\-861934705126105157.png,Other,0.87542724609375,
SCIN,C:\Users\tishy\Documents\Honors\dataset\SCIN\images\-141393122114413977.png,Other,0.7515869140625,
SCIN,C:\Users\tishy\Documents\Honors\dataset\SCIN\images\2476186720631597836.png,Other,0.47149658203125,
SCIN,C:\Users\tishy\Documents\Honors\dataset\SCIN\images\-4680173445753225482.png,Other,0.92333984375,
SCIN,C:\Users\tishy\Documents\Honors\dataset\SCIN\images\3753247232154325059.png,Other,0.7813720703125,
SCIN,C:\Users\tishy\Documents\Honors\dataset\SCIN\images\-4291115963826712170.png,Other,0.67181396484375,
SCIN,C:\Users\tishy\Documents\Honors\dataset\SCIN\images\-2110024220741452514.png,Other,0.86993408203125,
SCIN,C:\Users\tishy\Documents\Honors\dataset\SCIN\images\-236025651594313549.png,Other,0.84521484375,
SCIN,C:\Users\tishy\Documents\Honors\dataset\SCIN\images\-629575726793199555.png,Other,0.78240966796875,
SCIN,C:\Users\tishy\Documents\Honors\dataset\SCIN\images\7956606283659714888.png,Other,0.951171875,
SCIN,C:\Users\tishy\Documents\Honors\dataset\SCIN\images\12608478152982826.png,Other,0.36395263671875,
SCIN,C:\Users\tishy\Documents\Honors\dataset\SCIN\images\3332282818279676290.png,Other,0.67486572265625,
SCIN,C:\Users\tishy\Documents\Honors\dataset\SCIN\images\2741826476838224878.png,Other,0.9996337890625,
SCIN,C:\Users\tishy\Documents\Honors\dataset\SCIN\images\1253335730598037146.png,Other,0.547119140625,
SCIN,C:\Users\tishy\Documents\Honors\dataset\SCIN\images\-3046320679056492616.png,Other,0.5216064453125,
SCIN,C:\Users\tishy\Documents\Honors\dataset\SCIN\images\1132259258464565374.png,Other,0.6502685546875,
SCIN,C:\Users\tishy\Documents\Honors\dataset\SCIN\images\7089137012855627786.png,Other,0.32305908203125,
SCIN,C:\Users\tishy\Documents\Honors\dataset\SCIN\images\-7499915852185793628.png,Other,0.44403076171875,
SCIN,C:\Users\tishy\Documents\Honors\dataset\SCIN\images\1206534235782283889.png,Other,0.8902587890625,
SCIN,C:\Users\tishy\Documents\Honors\dataset\SCIN\images\-1480302206820013284.png,Other,0.9151611328125,
SCIN,C:\Users\tishy\Documents\Honors\dataset\SCIN\images\868379715655855009.png,Other,0.87823486328125,
SCIN,C:\Users\tishy\Documents\Honors\dataset\SCIN\images\-3860721172757189154.png,Other,0.429931640625,
SCIN,C:\Users\tishy\Documents\Honors\dataset\SCIN\images\-1805033066219157454.png,Other,0.5633544921875,
SCIN,C:\Users\tishy\Documents\Honors\dataset\SCIN\images\6050019040579522081.png,Other,0.7957763671875,
SCIN,C:\Users\tishy\Documents\Honors\dataset\SCIN\images\1187753109034656543.png,Other,0.4908447265625,
SCIN,C:\Users\tishy\Documents\Honors\dataset\SCIN\images\-4892774047319269882.png,Other,0.78515625,
SCIN,C:\Users\tishy\Documents\Honors\dataset\SCIN\images\920332081415138775.png,Other,0.33660888671875,
SCIN,C:\Users\tishy\Documents\Honors\dataset\SCIN\images\4454220196027957228.png,Other,0.7891845703125,
SCIN,C:\Users\tishy\Documents\Honors\dataset\SCIN\images\-2385705523120200972.png,Other,0.37127685546875,
SCIN,C:\Users\tishy\Documents\Honors\dataset\SCIN\images\7290196445019508039.png,Other,0.86346435546875,
SCIN,C:\Users\tishy\Documents\Honors\dataset\SCIN\images\3747196333779670104.png,Other,0.5574951171875,
SCIN,C:\Users\tishy\Documents\Honors\dataset\SCIN\images\-4709766520417447153.png,Other,0.4501953125,
SCIN,C:\Users\tishy\Documents\Honors\dataset\SCIN\images\-6957259172476906779.png,Other,0.659423828125,
SCIN,C:\Users\tishy\Documents\Honors\dataset\SCIN\images\2233777768793961921.png,Other,0.63470458984375,
SCIN,C:\Users\tishy\Documents\Honors\dataset\SCIN\images\-5789923592774240858.png,Other,0.6435546875,
SCIN,C:\Users\tishy\Documents\Honors\dataset\SCIN\images\4093757242794260092.png,Other,0.90142822265625,
SCIN,C:\Users\tishy\Documents\Honors\dataset\SCIN\images\619560592679624349.png,Other,0.17291259765625,
SCIN,C:\Users\tishy\Documents\Honors\dataset\SCIN\images\4533974333835475534.png,Other,0.99871826171875,
SCIN,C:\Users\tishy\Documents\Honors\dataset\SCIN\images\2263627624101810444.png,Other,0.9931640625,
SCIN,C:\Users\tishy\Documents\Honors\dataset\SCIN\images\-8465535858543016384.png,Other,0.5201416015625,
SCIN,C:\Users\tishy\Documents\Honors\dataset\SCIN\images\-2773247639729699222.png,Other,0.7794189453125,
SCIN,C:\Users\tishy\Documents\Honors\dataset\SCIN\images\-4446781597684126903.png,Other,0.60089111328125,
SCIN,C:\Users\tishy\Documents\Honors\dataset\SCIN\images\-6554787190715943588.png,Other,0.5390625,
SCIN,C:\Users\tishy\Documents\Honors\dataset\SCIN\images\8730804164258534802.png,Other,0.81964111328125,
SCIN,C:\Users\tishy\Documents\Honors\dataset\SCIN\images\-4333750609008930141.png,Other,0.6436767578125,
SCIN,C:\Users\tishy\Documents\Honors\dataset\SCIN\images\5563974652543586138.png,Other,0.8443603515625,
SCIN,C:\Users\tishy\Documents\Honors\dataset\SCIN\images\3769301197196891122.png,Other,0.715576171875,
SCIN,C:\Users\tishy\Documents\Honors\dataset\SCIN\images\-3090505443132884990.png,Other,0.82550048828125,
SCIN,C:\Users\tishy\Documents\Honors\dataset\SCIN\images\1274997395678793494.png,Other,0.20654296875,
SCIN,C:\Users\tishy\Documents\Honors\dataset\SCIN\images\782573551119636259.png,Other,0.9622802734375,
SCIN,C:\Users\tishy\Documents\Honors\dataset\SCIN\images\4270768758324371575.png,Other,0.31353759765625,
SCIN,C:\Users\tishy\Documents\Honors\dataset\SCIN\images\9204674379234810196.png,Other,0.83734130859375,
SCIN,C:\Users\tishy\Documents\Honors\dataset\SCIN\images\-6590463591976682777.png,Other,0.84881591796875,
SCIN,C:\Users\tishy\Documents\Honors\dataset\SCIN\images\-2618609792423828453.png,Other,0.51214599609375,
SCIN,C:\Users\tishy\Documents\Honors\dataset\SCIN\images\-3643424839908502589.png,Other,0.69970703125,
SCIN,C:\Users\tishy\Documents\Honors\dataset\SCIN\images\7874847100107059813.png,Other,0.73663330078125,
SCIN,C:\Users\tishy\Documents\Honors\dataset\SCIN\images\-3946666640559977975.png,Other,0.48773193359375,
SCIN,C:\Users\tishy\Documents\Honors\dataset\SCIN\images\-1502911455314184658.png,Other,0.6517333984375,
SCIN,C:\Users\tishy\Documents\Honors\dataset\SCIN\images\6774801511328718789.png,Other,0.69329833984375,
SCIN,C:\Users\tishy\Documents\Honors\dataset\SCIN\images\5176607633929812465.png,Other,0.62884521484375,
SCIN,C:\Users\tishy\Documents\Honors\dataset\SCIN\images\6950900937525391031.png,Other,0.67596435546875,
SCIN,C:\Users\tishy\Documents\Honors\dataset\SCIN\images\-6570374421183223936.png,Other,0.6903076171875,
SCIN,C:\Users\tishy\Documents\Honors\dataset\SCIN\images\-7986800110786369520.png,Other,0.59173583984375,
SCIN,C:\Users\tishy\Documents\Honors\dataset\SCIN\images\7917317025299323107.png,Other,0.90203857421875,
SCIN,C:\Users\tishy\Documents\Honors\dataset\SCIN\images\-8017427787429318421.png,Other,0.45111083984375,
SCIN,C:\Users\tishy\Documents\Honors\dataset\SCIN\images\-6688159904599548249.png,Other,0.937255859375,
SCIN,C:\Users\tishy\Documents\Honors\dataset\SCIN\images\3041625618307629217.png,Other,0.96612548828125,
SCIN,C:\Users\tishy\Documents\Honors\dataset\SCIN\images\-8967762494989283219.png,Other,0.77581787109375,
SCIN,C:\Users\tishy\Documents\Honors\dataset\SCIN\images\-1855876897354133713.png,Other,0.76239013671875,
SCIN,C:\Users\tishy\Documents\Honors\dataset\SCIN\images\-4100557201656682452.png,Other,0.2855224609375,
SCIN,C:\Users\tishy\Documents\Honors\dataset\SCIN\images\-8993301341457206031.png,Other,0.9122314453125,
SCIN,C:\Users\tishy\Documents\Honors\dataset\SCIN\images\7384973860134767193.png,Other,0.76531982421875,
SCIN,C:\Users\tishy\Documents\Honors\dataset\SCIN\images\6938731351808612684.png,Other,0.99810791015625,
SCIN,C:\Users\tishy\Documents\Honors\dataset\SCIN\images\2934759313746076779.png,Other,0.2882080078125,
SCIN,C:\Users\tishy\Documents\Honors\dataset\SCIN\images\-5849003007820672255.png,Other,0.48590087890625,
SCIN,C:\Users\tishy\Documents\Honors\dataset\SCIN\images\406519606411366771.png,Other,0.53045654296875,
SCIN,C:\Users\tishy\Documents\Honors\dataset\SCIN\images\-8551593375485997846.png,Other,0.61407470703125,
SCIN,C:\Users\tishy\Documents\Honors\dataset\SCIN\images\-4920504467922873434.png,Other,0.40081787109375,
SCIN,C:\Users\tishy\Documents\Honors\dataset\SCIN\images\-5244772256282491166.png,Other,0.57611083984375,
SCIN,C:\Users\tishy\Documents\Honors\dataset\SCIN\images\-3942913842354643977.png,Other,0.64117431640625,
SCIN,C:\Users\tishy\Documents\Honors\dataset\SCIN\images\-4196980931732398666.png,Other,0.7322998046875,
SCIN,C:\Users\tishy\Documents\Honors\dataset\SCIN\images\-4056611902312817215.png,Other,0.39642333984375,
SkinDisNet,C:\Users\tishy\Documents\Honors\SkinDisNet\Preprocessed\Eczema (EC)\EC (1).jpg,Eczema,0.99981689453125,
SkinDisNet,C:\Users\tishy\Documents\Honors\SkinDisNet\Preprocessed\Eczema (EC)\EC (10).jpg,Eczema,0.70379638671875,
SkinDisNet,C:\Users\tishy\Documents\Honors\SkinDisNet\Preprocessed\Eczema (EC)\EC (100).jpg,Eczema,0.66278076171875,
SkinDisNet,C:\Users\tishy\Documents\Honors\SkinDisNet\Preprocessed\Eczema (EC)\EC (101).jpg,Eczema,0.73956298828125,
SkinDisNet,C:\Users\tishy\Documents\Honors\SkinDisNet\Preprocessed\Eczema (EC)\EC (102).jpg,Eczema,0.6988525390625,
SkinDisNet,C:\Users\tishy\Documents\Honors\SkinDisNet\Preprocessed\Eczema (EC)\EC (103).jpg,Eczema,0.6099853515625,
SkinDisNet,C:\Users\tishy\Documents\Honors\SkinDisNet\Preprocessed\Eczema (EC)\EC (104).jpg,Eczema,0.99810791015625,
SkinDisNet,C:\Users\tishy\Documents\Honors\SkinDisNet\Preprocessed\Eczema (EC)\EC (105).jpg,Eczema,0.993896484375,
SkinDisNet,C:\Users\tishy\Documents\Honors\SkinDisNet\Preprocessed\Eczema (EC)\EC (106).jpg,Eczema,1.0,
SkinDisNet,C:\Users\tishy\Documents\Honors\SkinDisNet\Preprocessed\Eczema (EC)\EC (107).jpg,Eczema,0.9998779296875,
SkinDisNet,C:\Users\tishy\Documents\Honors\SkinDisNet\Preprocessed\Eczema (EC)\EC (108).jpg,Eczema,0.99981689453125,
SkinDisNet,C:\Users\tishy\Documents\Honors\SkinDisNet\Preprocessed\Eczema (EC)\EC (109).jpg,Eczema,0.896240234375,
SkinDisNet,C:\Users\tishy\Documents\Honors\SkinDisNet\Preprocessed\Eczema (EC)\EC (11).jpg,Eczema,0.40411376953125,
SkinDisNet,C:\Users\tishy\Documents\Honors\SkinDisNet\Preprocessed\Eczema (EC)\EC (110).jpg,Eczema,0.987060546875,
SkinDisNet,C:\Users\tishy\Documents\Honors\SkinDisNet\Preprocessed\Eczema (EC)\EC (111).jpg,Eczema,0.9998779296875,
SkinDisNet,C:\Users\tishy\Documents\Honors\SkinDisNet\Preprocessed\Eczema (EC)\EC (112).jpg,Eczema,0.5958251953125,
SkinDisNet,C:\Users\tishy\Documents\Honors\SkinDisNet\Preprocessed\Eczema (EC)\EC (113).jpg,Eczema,0.99847412109375,
SkinDisNet,C:\Users\tishy\Documents\Honors\SkinDisNet\Preprocessed\Eczema (EC)\EC (114).jpg,Eczema,0.9964599609375,
SkinDisNet,C:\Users\tishy\Documents\Honors\SkinDisNet\Preprocessed\Eczema (EC)\EC (115).jpg,Eczema,0.90625,
SkinDisNet,C:\Users\tishy\Documents\Honors\SkinDisNet\Preprocessed\Eczema (EC)\EC (116).jpg,Eczema,1.0,
SkinDisNet,C:\Users\tishy\Documents\Honors\SkinDisNet\Preprocessed\Eczema (EC)\EC (117).jpg,Eczema,0.98040771484375,
SkinDisNet,C:\Users\tishy\Documents\Honors\SkinDisNet\Preprocessed\Eczema (EC)\EC (118).jpg,Eczema,0.98681640625,
SkinDisNet,C:\Users\tishy\Documents\Honors\SkinDisNet\Preprocessed\Eczema (EC)\EC (119).jpg,Eczema,0.9378662109375,
SkinDisNet,C:\Users\tishy\Documents\Honors\SkinDisNet\Preprocessed\Eczema (EC)\EC (12).jpg,Eczema,0.38751220703125,
SkinDisNet,C:\Users\tishy\Documents\Honors\SkinDisNet\Preprocessed\Eczema (EC)\EC (120).jpg,Eczema,0.70703125,
SkinDisNet,C:\Users\tishy\Documents\Honors\SkinDisNet\Preprocessed\Eczema (EC)\EC (121).jpg,Eczema,0.67620849609375,
SkinDisNet,C:\Users\tishy\Documents\Honors\SkinDisNet\Preprocessed\Eczema (EC)\EC (122).jpg,Eczema,0.750244140625,
SkinDisNet,C:\Users\tishy\Documents\Honors\SkinDisNet\Preprocessed\Eczema (EC)\EC (123).jpg,Eczema,1.0,
SkinDisNet,C:\Users\tishy\Documents\Honors\SkinDisNet\Preprocessed\Eczema (EC)\EC (124).jpg,Eczema,0.51971435546875,
SkinDisNet,C:\Users\tishy\Documents\Honors\SkinDisNet\Preprocessed\Eczema (EC)\EC (125).jpg,Eczema,1.0,
SkinDisNet,C:\Users\tishy\Documents\Honors\SkinDisNet\Preprocessed\Eczema (EC)\EC (126).jpg,Eczema,0.98974609375,
SkinDisNet,C:\Users\tishy\Documents\Honors\SkinDisNet\Preprocessed\Eczema (EC)\EC (127).jpg,Eczema,0.94927978515625,
SkinDisNet,C:\Users\tishy\Documents\Honors\SkinDisNet\Preprocessed\Eczema (EC)\EC (128).jpg,Eczema,0.8343505859375,
SkinDisNet,C:\Users\tishy\Documents\Honors\SkinDisNet\Preprocessed\Eczema (EC)\EC (129).jpg,Eczema,0.51214599609375,
SkinDisNet,C:\Users\tishy\Documents\Honors\SkinDisNet\Preprocessed\Eczema (EC)\EC (13).jpg,Eczema,0.74810791015625,
SkinDisNet,C:\Users\tishy\Documents\Honors\SkinDisNet\Preprocessed\Eczema (EC)\EC (130).jpg,Eczema,0.55584716796875,
SkinDisNet,C:\Users\tishy\Documents\Honors\SkinDisNet\Preprocessed\Eczema (EC)\EC (131).jpg,Eczema,0.58587646484375,
SkinDisNet,C:\Users\tishy\Documents\Honors\SkinDisNet\Preprocessed\Eczema (EC)\EC (132).jpg,Eczema,0.7857666015625,
SkinDisNet,C:\Users\tishy\Documents\Honors\SkinDisNet\Preprocessed\Eczema (EC)\EC (133).jpg,Eczema,1.0,
SkinDisNet,C:\Users\tishy\Documents\Honors\SkinDisNet\Preprocessed\Eczema (EC)\EC (134).jpg,Eczema,0.613525390625,
SkinDisNet,C:\Users\tishy\Documents\Honors\SkinDisNet\Preprocessed\Eczema (EC)\EC (135).jpg,Eczema,0.996337890625,
SkinDisNet,C:\Users\tishy\Documents\Honors\SkinDisNet\Preprocessed\Eczema (EC)\EC (136).jpg,Eczema,0.99993896484375,
SkinDisNet,C:\Users\tishy\Documents\Honors\SkinDisNet\Preprocessed\Eczema (EC)\EC (137).jpg,Eczema,0.99267578125,
SkinDisNet,C:\Users\tishy\Documents\Honors\SkinDisNet\Preprocessed\Eczema (EC)\EC (138).jpg,Eczema,0.6982421875,
SkinDisNet,C:\Users\tishy\Documents\Honors\SkinDisNet\Preprocessed\Eczema (EC)\EC (139).jpg,Eczema,0.6409912109375,
SkinDisNet,C:\Users\tishy\Documents\Honors\SkinDisNet\Preprocessed\Eczema (EC)\EC (14).jpg,Eczema,0.59747314453125,
SkinDisNet,C:\Users\tishy\Documents\Honors\SkinDisNet\Preprocessed\Eczema (EC)\EC (140).jpg,Eczema,0.5794677734375,
SkinDisNet,C:\Users\tishy\Documents\Honors\SkinDisNet\Preprocessed\Eczema (EC)\EC (141).jpg,Eczema,0.4759521484375,
SkinDisNet,C:\Users\tishy\Documents\Honors\SkinDisNet\Preprocessed\Eczema (EC)\EC (142).jpg,Eczema,0.17413330078125,
SkinDisNet,C:\Users\tishy\Documents\Honors\SkinDisNet\Preprocessed\Eczema (EC)\EC (143).jpg,Eczema,0.89227294921875,
SkinDisNet,C:\Users\tishy\Documents\Honors\SkinDisNet\Preprocessed\Eczema (EC)\EC (144).jpg,Eczema,1.0,
SkinDisNet,C:\Users\tishy\Documents\Honors\SkinDisNet\Preprocessed\Eczema (EC)\EC (145).jpg,Eczema,0.8624267578125,
SkinDisNet,C:\Users\tishy\Documents\Honors\SkinDisNet\Preprocessed\Eczema (EC)\EC (146).jpg,Eczema,0.7261962890625,
SkinDisNet,C:\Users\tishy\Documents\Honors\SkinDisNet\Preprocessed\Eczema (EC)\EC (147).jpg,Eczema,0.73602294921875,
SkinDisNet,C:\Users\tishy\Documents\Honors\SkinDisNet\Preprocessed\Eczema (EC)\EC (148).jpg,Eczema,0.9893798828125,
SkinDisNet,C:\Users\tishy\Documents\Honors\SkinDisNet\Preprocessed\Eczema (EC)\EC (149).jpg,Eczema,0.9921875,
SkinDisNet,C:\Users\tishy\Documents\Honors\SkinDisNet\Preprocessed\Eczema (EC)\EC (15).jpg,Eczema,0.772216796875,
SkinDisNet,C:\Users\tishy\Documents\Honors\SkinDisNet\Preprocessed\Eczema (EC)\EC (150).jpg,Eczema,0.86663818359375,
SkinDisNet,C:\Users\tishy\Documents\Honors\SkinDisNet\Preprocessed\Eczema (EC)\EC (151).jpg,Eczema,0.77447509765625,
SkinDisNet,C:\Users\tishy\Documents\Honors\SkinDisNet\Preprocessed\Eczema (EC)\EC (152).jpg,Eczema,0.94921875,
SkinDisNet,C:\Users\tishy\Documents\Honors\SkinDisNet\Preprocessed\Eczema (EC)\EC (153).jpg,Eczema,0.71954345703125,
SkinDisNet,C:\Users\tishy\Documents\Honors\SkinDisNet\Preprocessed\Eczema (EC)\EC (154).jpg,Eczema,0.9427490234375,
SkinDisNet,C:\Users\tishy\Documents\Honors\SkinDisNet\Preprocessed\Eczema (EC)\EC (155).jpg,Eczema,0.9346923828125,
SkinDisNet,C:\Users\tishy\Documents\Honors\SkinDisNet\Preprocessed\Eczema (EC)\EC (156).jpg,Eczema,0.86456298828125,
SkinDisNet,C:\Users\tishy\Documents\Honors\SkinDisNet\Preprocessed\Eczema (EC)\EC (157).jpg,Eczema,0.94146728515625,
SkinDisNet,C:\Users\tishy\Documents\Honors\SkinDisNet\Preprocessed\Eczema (EC)\EC (158).jpg,Eczema,0.656982421875,
SkinDisNet,C:\Users\tishy\Documents\Honors\SkinDisNet\Preprocessed\Eczema (EC)\EC (159).jpg,Eczema,0.56903076171875,
SkinDisNet,C:\Users\tishy\Documents\Honors\SkinDisNet\Preprocessed\Eczema (EC)\EC (16).jpg,Eczema,0.51763916015625,
SkinDisNet,C:\Users\tishy\Documents\Honors\SkinDisNet\Preprocessed\Eczema (EC)\EC (160).jpg,Eczema,0.7784423828125,
SkinDisNet,C:\Users\tishy\Documents\Honors\SkinDisNet\Preprocessed\Eczema (EC)\EC (161).jpg,Eczema,0.82086181640625,
SkinDisNet,C:\Users\tishy\Documents\Honors\SkinDisNet\Preprocessed\Eczema (EC)\EC (162).jpg,Eczema,0.86444091796875,
SkinDisNet,C:\Users\tishy\Documents\Honors\SkinDisNet\Preprocessed\Eczema (EC)\EC (163).jpg,Eczema,0.7425537109375,
SkinDisNet,C:\Users\tishy\Documents\Honors\SkinDisNet\Preprocessed\Eczema (EC)\EC (164).jpg,Eczema,0.6962890625,
SkinDisNet,C:\Users\tishy\Documents\Honors\SkinDisNet\Preprocessed\Eczema (EC)\EC (165).jpg,Eczema,0.7183837890625,
SkinDisNet,C:\Users\tishy\Documents\Honors\SkinDisNet\Preprocessed\Eczema (EC)\EC (166).jpg,Eczema,0.87744140625,
SkinDisNet,C:\Users\tishy\Documents\Honors\SkinDisNet\Preprocessed\Eczema (EC)\EC (167).jpg,Eczema,0.9583740234375,
SkinDisNet,C:\Users\tishy\Documents\Honors\SkinDisNet\Preprocessed\Eczema (EC)\EC (168).jpg,Eczema,0.80413818359375,
SkinDisNet,C:\Users\tishy\Documents\Honors\SkinDisNet\Preprocessed\Eczema (EC)\EC (169).jpg,Eczema,0.94000244140625,
SkinDisNet,C:\Users\tishy\Documents\Honors\SkinDisNet\Preprocessed\Eczema (EC)\EC (17).jpg,Eczema,0.6507568359375,
SkinDisNet,C:\Users\tishy\Documents\Honors\SkinDisNet\Preprocessed\Eczema (EC)\EC (170).jpg,Eczema,0.94964599609375,
SkinDisNet,C:\Users\tishy\Documents\Honors\SkinDisNet\Preprocessed\Eczema (EC)\EC (171).jpg,Eczema,1.0,
SkinDisNet,C:\Users\tishy\Documents\Honors\SkinDisNet\Preprocessed\Eczema (EC)\EC (172).jpg,Eczema,0.87615966796875,
SkinDisNet,C:\Users\tishy\Documents\Honors\SkinDisNet\Preprocessed\Eczema (EC)\EC (173).jpg,Eczema,0.826416015625,
SkinDisNet,C:\Users\tishy\Documents\Honors\SkinDisNet\Preprocessed\Eczema (EC)\EC (174).jpg,Eczema,1.0,
SkinDisNet,C:\Users\tishy\Documents\Honors\SkinDisNet\Preprocessed\Eczema (EC)\EC (175).jpg,Eczema,0.6466064453125,
SkinDisNet,C:\Users\tishy\Documents\Honors\SkinDisNet\Preprocessed\Eczema (EC)\EC (176).jpg,Eczema,0.98760986328125,
SkinDisNet,C:\Users\tishy\Documents\Honors\SkinDisNet\Preprocessed\Eczema (EC)\EC (177).jpg,Eczema,1.0,
SkinDisNet,C:\Users\tishy\Documents\Honors\SkinDisNet\Preprocessed\Eczema (EC)\EC (178).jpg,Eczema,0.72076416015625,
SkinDisNet,C:\Users\tishy\Documents\Honors\SkinDisNet\Preprocessed\Eczema (EC)\EC (179).jpg,Eczema,0.4256591796875,
SkinDisNet,C:\Users\tishy\Documents\Honors\SkinDisNet\Preprocessed\Eczema (EC)\EC (18).jpg,Eczema,0.69122314453125,
SkinDisNet,C:\Users\tishy\Documents\Honors\SkinDisNet\Preprocessed\Eczema (EC)\EC (180).jpg,Eczema,0.58074951171875,
SkinDisNet,C:\Users\tishy\Documents\Honors\SkinDisNet\Preprocessed\Eczema (EC)\EC (181).jpg,Eczema,0.3634033203125,
SkinDisNet,C:\Users\tishy\Documents\Honors\SkinDisNet\Preprocessed\Eczema (EC)\EC (182).jpg,Eczema,0.62518310546875,
SkinDisNet,C:\Users\tishy\Documents\Honors\SkinDisNet\Preprocessed\Eczema (EC)\EC (183).jpg,Eczema,0.4617919921875,
SkinDisNet,C:\Users\tishy\Documents\Honors\SkinDisNet\Preprocessed\Eczema (EC)\EC (184).jpg,Eczema,0.55377197265625,
SkinDisNet,C:\Users\tishy\Documents\Honors\SkinDisNet\Preprocessed\Eczema (EC)\EC (185).jpg,Eczema,0.4635009765625,
SkinDisNet,C:\Users\tishy\Documents\Honors\SkinDisNet\Preprocessed\Eczema (EC)\EC (186).jpg,Eczema,0.4613037109375,
SkinDisNet,C:\Users\tishy\Documents\Honors\SkinDisNet\Preprocessed\Eczema (EC)\EC (187).jpg,Eczema,0.65643310546875,
SkinDisNet,C:\Users\tishy\Documents\Honors\SkinDisNet\Preprocessed\Eczema (EC)\EC (188).jpg,Eczema,0.40704345703125,
SkinDisNet,C:\Users\tishy\Documents\Honors\SkinDisNet\Preprocessed\Eczema (EC)\EC (189).jpg,Eczema,0.6231689453125,
SkinDisNet,C:\Users\tishy\Documents\Honors\SkinDisNet\Preprocessed\Eczema (EC)\EC (19).jpg,Eczema,0.4239501953125,
SkinDisNet,C:\Users\tishy\Documents\Honors\SkinDisNet\Preprocessed\Eczema (EC)\EC (190).jpg,Eczema,0.6422119140625,
SkinDisNet,C:\Users\tishy\Documents\Honors\SkinDisNet\Preprocessed\Eczema (EC)\EC (191).jpg,Eczema,0.7613525390625,
SkinDisNet,C:\Users\tishy\Documents\Honors\SkinDisNet\Preprocessed\Eczema (EC)\EC (192).jpg,Eczema,1.0,
SkinDisNet,C:\Users\tishy\Documents\Honors\SkinDisNet\Preprocessed\Eczema (EC)\EC (193).jpg,Eczema,1.0,
SkinDisNet,C:\Users\tishy\Documents\Honors\SkinDisNet\Preprocessed\Eczema (EC)\EC (194).jpg,Eczema,1.0,
SkinDisNet,C:\Users\tishy\Documents\Honors\SkinDisNet\Preprocessed\Eczema (EC)\EC (195).jpg,Eczema,1.0,
SkinDisNet,C:\Users\tishy\Documents\Honors\SkinDisNet\Preprocessed\Eczema (EC)\EC (196).jpg,Eczema,0.73809814453125,
SkinDisNet,C:\Users\tishy\Documents\Honors\SkinDisNet\Preprocessed\Eczema (EC)\EC (197).jpg,Eczema,0.71893310546875,
SkinDisNet,C:\Users\tishy\Documents\Honors\SkinDisNet\Preprocessed\Eczema (EC)\EC (198).jpg,Eczema,0.98779296875,
SkinDisNet,C:\Users\tishy\Documents\Honors\SkinDisNet\Preprocessed\Eczema (EC)\EC (199).jpg,Eczema,0.8836669921875,
SkinDisNet,C:\Users\tishy\Documents\Honors\SkinDisNet\Preprocessed\Eczema (EC)\EC (2).jpg,Eczema,0.76446533203125,
SkinDisNet,C:\Users\tishy\Documents\Honors\SkinDisNet\Preprocessed\Eczema (EC)\EC (20).jpg,Eczema,0.71405029296875,
SkinDisNet,C:\Users\tishy\Documents\Honors\SkinDisNet\Preprocessed\Eczema (EC)\EC (200).jpg,Eczema,0.8983154296875,
SkinDisNet,C:\Users\tishy\Documents\Honors\SkinDisNet\Preprocessed\Eczema (EC)\EC (201).jpg,Eczema,0.9505615234375,
SkinDisNet,C:\Users\tishy\Documents\Honors\SkinDisNet\Preprocessed\Eczema (EC)\EC (202).jpg,Eczema,0.747314453125,
SkinDisNet,C:\Users\tishy\Documents\Honors\SkinDisNet\Preprocessed\Eczema (EC)\EC (203).jpg,Eczema,0.69183349609375,
SkinDisNet,C:\Users\tishy\Documents\Honors\SkinDisNet\Preprocessed\Eczema (EC)\EC (204).jpg,Eczema,0.62811279296875,
SkinDisNet,C:\Users\tishy\Documents\Honors\SkinDisNet\Preprocessed\Eczema (EC)\EC (205).jpg,Eczema,0.71759033203125,
SkinDisNet,C:\Users\tishy\Documents\Honors\SkinDisNet\Preprocessed\Eczema (EC)\EC (206).jpg,Eczema,0.78680419921875,
SkinDisNet,C:\Users\tishy\Documents\Honors\SkinDisNet\Preprocessed\Eczema (EC)\EC (207).jpg,Eczema,1.0,
SkinDisNet,C:\Users\tishy\Documents\Honors\SkinDisNet\Preprocessed\Eczema (EC)\EC (208).jpg,Eczema,1.0,
SkinDisNet,C:\Users\tishy\Documents\Honors\SkinDisNet\Preprocessed\Eczema (EC)\EC (209).jpg,Eczema,1.0,
SkinDisNet,C:\Users\tishy\Documents\Honors\SkinDisNet\Preprocessed\Eczema (EC)\EC (21).jpg,Eczema,0.8345947265625,
SkinDisNet,C:\Users\tishy\Documents\Honors\SkinDisNet\Preprocessed\Eczema (EC)\EC (210).jpg,Eczema,1.0,
SkinDisNet,C:\Users\tishy\Documents\Honors\SkinDisNet\Preprocessed\Eczema (EC)\EC (211).jpg,Eczema,1.0,
SkinDisNet,C:\Users\tishy\Documents\Honors\SkinDisNet\Preprocessed\Eczema (EC)\EC (212).jpg,Eczema,1.0,
SkinDisNet,C:\Users\tishy\Documents\Honors\SkinDisNet\Preprocessed\Eczema (EC)\EC (213).jpg,Eczema,1.0,
SkinDisNet,C:\Users\tishy\Documents\Honors\SkinDisNet\Preprocessed\Eczema (EC)\EC (214).jpg,Eczema,1.0,
SkinDisNet,C:\Users\tishy\Documents\Honors\SkinDisNet\Preprocessed\Eczema (EC)\EC (215).jpg,Eczema,0.89935302734375,
SkinDisNet,C:\Users\tishy\Documents\Honors\SkinDisNet\Preprocessed\Eczema (EC)\EC (216).jpg,Eczema,0.83978271484375,
SkinDisNet,C:\Users\tishy\Documents\Honors\SkinDisNet\Preprocessed\Eczema (EC)\EC (217).jpg,Eczema,0.618408203125,
SkinDisNet,C:\Users\tishy\Documents\Honors\SkinDisNet\Preprocessed\Eczema (EC)\EC (218).jpg,Eczema,0.7742919921875,
SkinDisNet,C:\Users\tishy\Documents\Honors\SkinDisNet\Preprocessed\Eczema (EC)\EC (219).jpg,Eczema,0.58642578125,
SkinDisNet,C:\Users\tishy\Documents\Honors\SkinDisNet\Preprocessed\Eczema (EC)\EC (22).jpg,Eczema,0.8204345703125,
SkinDisNet,C:\Users\tishy\Documents\Honors\SkinDisNet\Preprocessed\Eczema (EC)\EC (220).jpg,Eczema,0.9996337890625,
SkinDisNet,C:\Users\tishy\Documents\Honors\SkinDisNet\Preprocessed\Eczema (EC)\EC (221).jpg,Eczema,0.92535400390625,
SkinDisNet,C:\Users\tishy\Documents\Honors\SkinDisNet\Preprocessed\Eczema (EC)\EC (222).jpg,Eczema,0.95208740234375,
SkinDisNet,C:\Users\tishy\Documents\Honors\SkinDisNet\Preprocessed\Eczema (EC)\EC (223).jpg,Eczema,0.9847412109375,
SkinDisNet,C:\Users\tishy\Documents\Honors\SkinDisNet\Preprocessed\Eczema (EC)\EC (224).jpg,Eczema,0.96343994140625,
SkinDisNet,C:\Users\tishy\Documents\Honors\SkinDisNet\Preprocessed\Eczema (EC)\EC (225).jpg,Eczema,0.99200439453125,
SkinDisNet,C:\Users\tishy\Documents\Honors\SkinDisNet\Preprocessed\Eczema (EC)\EC (226).jpg,Eczema,0.9925537109375,
SkinDisNet,C:\Users\tishy\Documents\Honors\SkinDisNet\Preprocessed\Eczema (EC)\EC (227).jpg,Eczema,0.8924560546875,
SkinDisNet,C:\Users\tishy\Documents\Honors\SkinDisNet\Preprocessed\Eczema (EC)\EC (228).jpg,Eczema,0.9925537109375,
SkinDisNet,C:\Users\tishy\Documents\Honors\SkinDisNet\Preprocessed\Eczema (EC)\EC (229).jpg,Eczema,0.83734130859375,
SkinDisNet,C:\Users\tishy\Documents\Honors\SkinDisNet\Preprocessed\Eczema (EC)\EC (23).jpg,Eczema,0.71514892578125,
SkinDisNet,C:\Users\tishy\Documents\Honors\SkinDisNet\Preprocessed\Eczema (EC)\EC (230).jpg,Eczema,0.98492431640625,
SkinDisNet,C:\Users\tishy\Documents\Honors\SkinDisNet\Preprocessed\Eczema (EC)\EC (231).jpg,Eczema,0.8857421875,
SkinDisNet,C:\Users\tishy\Documents\Honors\SkinDisNet\Preprocessed\Eczema (EC)\EC (232).jpg,Eczema,0.95660400390625,
SkinDisNet,C:\Users\tishy\Documents\Honors\SkinDisNet\Preprocessed\Eczema (EC)\EC (233).jpg,Eczema,0.880126953125,
SkinDisNet,C:\Users\tishy\Documents\Honors\SkinDisNet\Preprocessed\Eczema (EC)\EC (234).jpg,Eczema,0.98614501953125,
SkinDisNet,C:\Users\tishy\Documents\Honors\SkinDisNet\Preprocessed\Eczema (EC)\EC (235).jpg,Eczema,0.9853515625,
SkinDisNet,C:\Users\tishy\Documents\Honors\SkinDisNet\Preprocessed\Eczema (EC)\EC (236).jpg,Eczema,0.72314453125,
SkinDisNet,C:\Users\tishy\Documents\Honors\SkinDisNet\Preprocessed\Eczema (EC)\EC (237).jpg,Eczema,0.72918701171875,
SkinDisNet,C:\Users\tishy\Documents\Honors\SkinDisNet\Preprocessed\Eczema (EC)\EC (238).jpg,Eczema,0.69976806640625,
SkinDisNet,C:\Users\tishy\Documents\Honors\SkinDisNet\Preprocessed\Eczema (EC)\EC (239).jpg,Eczema,0.7095947265625,
SkinDisNet,C:\Users\tishy\Documents\Honors\SkinDisNet\Preprocessed\Eczema (EC)\EC (24).jpg,Eczema,0.63494873046875,
SkinDisNet,C:\Users\tishy\Documents\Honors\SkinDisNet\Preprocessed\Eczema (EC)\EC (240).jpg,Eczema,0.43328857421875,
SkinDisNet,C:\Users\tishy\Documents\Honors\SkinDisNet\Preprocessed\Eczema (EC)\EC (241).jpg,Eczema,0.36566162109375,
SkinDisNet,C:\Users\tishy\Documents\Honors\SkinDisNet\Preprocessed\Eczema (EC)\EC (242).jpg,Eczema,0.3980712890625,
SkinDisNet,C:\Users\tishy\Documents\Honors\SkinDisNet\Preprocessed\Eczema (EC)\EC (243).jpg,Eczema,0.35162353515625,
SkinDisNet,C:\Users\tishy\Documents\Honors\SkinDisNet\Preprocessed\Eczema (EC)\EC (244).jpg,Eczema,0.16485595703125,
SkinDisNet,C:\Users\tishy\Documents\Honors\SkinDisNet\Preprocessed\Eczema (EC)\EC (245).jpg,Eczema,0.39453125,
SkinDisNet,C:\Users\tishy\Documents\Honors\SkinDisNet\Preprocessed\Eczema (EC)\EC (246).jpg,Eczema,0.2083740234375,
SkinDisNet,C:\Users\tishy\Documents\Honors\SkinDisNet\Preprocessed\Eczema (EC)\EC (247).jpg,Eczema,0.11260986328125,
SkinDisNet,C:\Users\tishy\Documents\Honors\SkinDisNet\Preprocessed\Eczema (EC)\EC (248).jpg,Eczema,0.4776611328125,
SkinDisNet,C:\Users\tishy\Documents\Honors\SkinDisNet\Preprocessed\Eczema (EC)\EC (249).jpg,Eczema,0.3560791015625,
SkinDisNet,C:\Users\tishy\Documents\Honors\SkinDisNet\Preprocessed\Eczema (EC)\EC (25).jpg,Eczema,0.73431396484375,
SkinDisNet,C:\Users\tishy\Documents\Honors\SkinDisNet\Preprocessed\Eczema (EC)\EC (250).jpg,Eczema,0.36907958984375,
SkinDisNet,C:\Users\tishy\Documents\Honors\SkinDisNet\Preprocessed\Eczema (EC)\EC (251).jpg,Eczema,0.49420166015625,
SkinDisNet,C:\Users\tishy\Documents\Honors\SkinDisNet\Preprocessed\Eczema (EC)\EC (252).jpg,Eczema,0.48486328125,
SkinDisNet,C:\Users\tishy\Documents\Honors\SkinDisNet\Preprocessed\Eczema (EC)\EC (253).jpg,Eczema,0.35247802734375,
SkinDisNet,C:\Users\tishy\Documents\Honors\SkinDisNet\Preprocessed\Eczema (EC)\EC (254).jpg,Eczema,0.26080322265625,
SkinDisNet,C:\Users\tishy\Documents\Honors\SkinDisNet\Preprocessed\Eczema (EC)\EC (255).jpg,Eczema,0.39080810546875,
SkinDisNet,C:\Users\tishy\Documents\Honors\SkinDisNet\Preprocessed\Eczema (EC)\EC (256).jpg,Eczema,0.24420166015625,
SkinDisNet,C:\Users\tishy\Documents\Honors\SkinDisNet\Preprocessed\Eczema (EC)\EC (257).jpg,Eczema,0.4560546875,
SkinDisNet,C:\Users\tishy\Documents\Honors\SkinDisNet\Preprocessed\Eczema (EC)\EC (258).jpg,Eczema,0.2613525390625,
SkinDisNet,C:\Users\tishy\Documents\Honors\SkinDisNet\Preprocessed\Eczema (EC)\EC (259).jpg,Eczema,0.450439453125,
SkinDisNet,C:\Users\tishy\Documents\Honors\SkinDisNet\Preprocessed\Eczema (EC)\EC (26).jpg,Eczema,0.6844482421875,
SkinDisNet,C:\Users\tishy\Documents\Honors\SkinDisNet\Preprocessed\Eczema (EC)\EC (260).jpg,Eczema,0.27044677734375,
SkinDisNet,C:\Users\tishy\Documents\Honors\SkinDisNet\Preprocessed\Eczema (EC)\EC (261).jpg,Eczema,0.44927978515625,
SkinDisNet,C:\Users\tishy\Documents\Honors\SkinDisNet\Preprocessed\Eczema (EC)\EC (262).jpg,Eczema,0.2034912109375,
SkinDisNet,C:\Users\tishy\Documents\Honors\SkinDisNet\Preprocessed\Eczema (EC)\EC (263).jpg,Eczema,0.92510986328125,
SkinDisNet,C:\Users\tishy\Documents\Honors\SkinDisNet\Preprocessed\Eczema (EC)\EC (264).jpg,Eczema,0.924560546875,
SkinDisNet,C:\Users\tishy\Documents\Honors\SkinDisNet\Preprocessed\Eczema (EC)\EC (265).jpg,Eczema,0.8792724609375,
SkinDisNet,C:\Users\tishy\Documents\Honors\SkinDisNet\Preprocessed\Eczema (EC)\EC (266).jpg,Eczema,0.747802734375,
SkinDisNet,C:\Users\tishy\Documents\Honors\SkinDisNet\Preprocessed\Eczema (EC)\EC (267).jpg,Eczema,0.725341796875,
SkinDisNet,C:\Users\tishy\Documents\Honors\SkinDisNet\Preprocessed\Eczema (EC)\EC (268).jpg,Eczema,0.7633056640625,
SkinDisNet,C:\Users\tishy\Documents\Honors\SkinDisNet\Preprocessed\Eczema (EC)\EC (269).jpg,Eczema,0.94635009765625,
SkinDisNet,C:\Users\tishy\Documents\Honors\SkinDisNet\Preprocessed\Eczema (EC)\EC (27).jpg,Eczema,0.6353759765625,
SkinDisNet,C:\Users\tishy\Documents\Honors\SkinDisNet\Preprocessed\Eczema (EC)\EC (270).jpg,Eczema,0.9425048828125,
SkinDisNet,C:\Users\tishy\Documents\Honors\SkinDisNet\Preprocessed\Eczema (EC)\EC (271).jpg,Eczema,0.8607177734375,
SkinDisNet,C:\Users\tishy\Documents\Honors\SkinDisNet\Preprocessed\Eczema (EC)\EC (272).jpg,Eczema,0.907958984375,
SkinDisNet,C:\Users\tishy\Documents\Honors\SkinDisNet\Preprocessed\Eczema (EC)\EC (273).jpg,Eczema,0.998779296875,
SkinDisNet,C:\Users\tishy\Documents\Honors\SkinDisNet\Preprocessed\Eczema (EC)\EC (274).jpg,Eczema,0.9979248046875,
SkinDisNet,C:\Users\tishy\Documents\Honors\SkinDisNet\Preprocessed\Eczema (EC)\EC (275).jpg,Eczema,0.99981689453125,
SkinDisNet,C:\Users\tishy\Documents\Honors\SkinDisNet\Preprocessed\Eczema (EC)\EC (276).jpg,Eczema,1.0,
SkinDisNet,C:\Users\tishy\Documents\Honors\SkinDisNet\Preprocessed\Eczema (EC)\EC (277).jpg,Eczema,0.88525390625,
SkinDisNet,C:\Users\tishy\Documents\Honors\SkinDisNet\Preprocessed\Eczema (EC)\EC (278).jpg,Eczema,0.875732421875,
SkinDisNet,C:\Users\tishy\Documents\Honors\SkinDisNet\Preprocessed\Eczema (EC)\EC (279).jpg,Eczema,0.88665771484375,
SkinDisNet,C:\Users\tishy\Documents\Honors\SkinDisNet\Preprocessed\Eczema (EC)\EC (28).jpg,Eczema,0.6356201171875,
SkinDisNet,C:\Users\tishy\Documents\Honors\SkinDisNet\Preprocessed\Eczema (EC)\EC (280).jpg,Eczema,0.867431640625,
SkinDisNet,C:\Users\tishy\Documents\Honors\SkinDisNet\Preprocessed\Eczema (EC)\EC (281).jpg,Eczema,0.82830810546875,
SkinDisNet,C:\Users\tishy\Documents\Honors\SkinDisNet\Preprocessed\Eczema (EC)\EC (282).jpg,Eczema,0.84881591796875,
SkinDisNet,C:\Users\tishy\Documents\Honors\SkinDisNet\Preprocessed\Eczema (EC)\EC (283).jpg,Eczema,0.64056396484375,
SkinDisNet,C:\Users\tishy\Documents\Honors\SkinDisNet\Preprocessed\Eczema (EC)\EC (284).jpg,Eczema,0.6058349609375,
SkinDisNet,C:\Users\tishy\Documents\Honors\SkinDisNet\Preprocessed\Eczema (EC)\EC (285).jpg,Eczema,0.2718505859375,
SkinDisNet,C:\Users\tishy\Documents\Honors\SkinDisNet\Preprocessed\Eczema (EC)\EC (286).jpg,Eczema,0.87322998046875,
SkinDisNet,C:\Users\tishy\Documents\Honors\SkinDisNet\Preprocessed\Eczema (EC)\EC (287).jpg,Eczema,0.79278564453125,
SkinDisNet,C:\Users\tishy\Documents\Honors\SkinDisNet\Preprocessed\Eczema (EC)\EC (288).jpg,Eczema,0.43206787109375,
SkinDisNet,C:\Users\tishy\Documents\Honors\SkinDisNet\Preprocessed\Eczema (EC)\EC (289).jpg,Eczema,0.747314453125,
SkinDisNet,C:\Users\tishy\Documents\Honors\SkinDisNet\Preprocessed\Eczema (EC)\EC (29).jpg,Eczema,0.6292724609375,
SkinDisNet,C:\Users\tishy\Documents\Honors\SkinDisNet\Preprocessed\Eczema (EC)\EC (290).jpg,Eczema,0.9801025390625,
SkinDisNet,C:\Users\tishy\Documents\Honors\SkinDisNet\Preprocessed\Eczema (EC)\EC (291).jpg,Eczema,0.8729248046875,
SkinDisNet,C:\Users\tishy\Documents\Honors\SkinDisNet\Preprocessed\Eczema (EC)\EC (292).jpg,Eczema,0.997802734375,
SkinDisNet,C:\Users\tishy\Documents\Honors\SkinDisNet\Preprocessed\Eczema (EC)\EC (293).jpg,Eczema,0.9959716796875,
SkinDisNet,C:\Users\tishy\Documents\Honors\SkinDisNet\Preprocessed\Eczema (EC)\EC (294).jpg,Eczema,0.994384765625,
SkinDisNet,C:\Users\tishy\Documents\Honors\SkinDisNet\Preprocessed\Eczema (EC)\EC (295).jpg,Eczema,0.99481201171875,
SkinDisNet,C:\Users\tishy\Documents\Honors\SkinDisNet\Preprocessed\Eczema (EC)\EC (296).jpg,Eczema,0.93341064453125,
SkinDisNet,C:\Users\tishy\Documents\Honors\SkinDisNet\Preprocessed\Eczema (EC)\EC (297).jpg,Eczema,0.995361328125,
SkinDisNet,C:\Users\tishy\Documents\Honors\SkinDisNet\Preprocessed\Eczema (EC)\EC (298).jpg,Eczema,0.99957275390625,
SkinDisNet,C:\Users\tishy\Documents\Honors\SkinDisNet\Preprocessed\Eczema (EC)\EC (299).jpg,Eczema,0.90972900390625,
SkinDisNet,C:\Users\tishy\Documents\Honors\SkinDisNet\Preprocessed\Eczema (EC)\EC (3).jpg,Eczema,0.9749755859375,
SkinDisNet,C:\Users\tishy\Documents\Honors\SkinDisNet\Preprocessed\Eczema (EC)\EC (30).jpg,Eczema,0.6259765625,
SkinDisNet,C:\Users\tishy\Documents\Honors\SkinDisNet\Preprocessed\Eczema (EC)\EC (300).jpg,Eczema,0.83001708984375,
SkinDisNet,C:\Users\tishy\Documents\Honors\SkinDisNet\Preprocessed\Eczema (EC)\EC (301).jpg,Eczema,0.8848876953125,
SkinDisNet,C:\Users\tishy\Documents\Honors\SkinDisNet\Preprocessed\Eczema (EC)\EC (302).jpg,Eczema,0.2615966796875,
SkinDisNet,C:\Users\tishy\Documents\Honors\SkinDisNet\Preprocessed\Eczema (EC)\EC (303).jpg,Eczema,0.27862548828125,
SkinDisNet,C:\Users\tishy\Documents\Honors\SkinDisNet\Preprocessed\Eczema (EC)\EC (304).jpg,Eczema,0.1162109375,
SkinDisNet,C:\Users\tishy\Documents\Honors\SkinDisNet\Preprocessed\Eczema (EC)\EC (305).jpg,Eczema,0.29742431640625,
SkinDisNet,C:\Users\tishy\Documents\Honors\SkinDisNet\Preprocessed\Eczema (EC)\EC (306).jpg,Eczema,0.30474853515625,
SkinDisNet,C:\Users\tishy\Documents\Honors\SkinDisNet\Preprocessed\Eczema (EC)\EC (307).jpg,Eczema,0.9703369140625,
SkinDisNet,C:\Users\tishy\Documents\Honors\SkinDisNet\Preprocessed\Eczema (EC)\EC (308).jpg,Eczema,0.96875,
SkinDisNet,C:\Users\tishy\Documents\Honors\SkinDisNet\Preprocessed\Eczema (EC)\EC (309).jpg,Eczema,0.949462890625,
SkinDisNet,C:\Users\tishy\Documents\Honors\SkinDisNet\Preprocessed\Eczema (EC)\EC (31).jpg,Eczema,0.7403564453125,
SkinDisNet,C:\Users\tishy\Documents\Honors\SkinDisNet\Preprocessed\Eczema (EC)\EC (310).jpg,Eczema,0.34783935546875,
SkinDisNet,C:\Users\tishy\Documents\Honors\SkinDisNet\Preprocessed\Eczema (EC)\EC (311).jpg,Eczema,0.4837646484375,
SkinDisNet,C:\Users\tishy\Documents\Honors\SkinDisNet\Preprocessed\Eczema (EC)\EC (312).jpg,Eczema,0.87994384765625,
SkinDisNet,C:\Users\tishy\Documents\Honors\SkinDisNet\Preprocessed\Eczema (EC)\EC (313).jpg,Eczema,0.143310546875,
SkinDisNet,C:\Users\tishy\Documents\Honors\SkinDisNet\Preprocessed\Eczema (EC)\EC (314).jpg,Eczema,0.19488525390625,
SkinDisNet,C:\Users\tishy\Documents\Honors\SkinDisNet\Preprocessed\Eczema (EC)\EC (315).jpg,Eczema,0.19342041015625,
SkinDisNet,C:\Users\tishy\Documents\Honors\SkinDisNet\Preprocessed\Eczema (EC)\EC (316).jpg,Eczema,0.078369140625,
SkinDisNet,C:\Users\tishy\Documents\Honors\SkinDisNet\Preprocessed\Eczema (EC)\EC (317).jpg,Eczema,0.1951904296875,
SkinDisNet,C:\Users\tishy\Documents\Honors\SkinDisNet\Preprocessed\Eczema (EC)\EC (318).jpg,Eczema,0.239013671875,
SkinDisNet,C:\Users\tishy\Documents\Honors\SkinDisNet\Preprocessed\Eczema (EC)\EC (319).jpg,Eczema,0.18682861328125,
SkinDisNet,C:\Users\tishy\Documents\Honors\SkinDisNet\Preprocessed\Eczema (EC)\EC (32).jpg,Eczema,0.999267578125,
SkinDisNet,C:\Users\tishy\Documents\Honors\SkinDisNet\Preprocessed\Eczema (EC)\EC (320).jpg,Eczema,0.1148681640625,
SkinDisNet,C:\Users\tishy\Documents\Honors\SkinDisNet\Preprocessed\Eczema (EC)\EC (321).jpg,Eczema,0.2357177734375,
SkinDisNet,C:\Users\tishy\Documents\Honors\SkinDisNet\Preprocessed\Eczema (EC)\EC (322).jpg,Eczema,0.21112060546875,
SkinDisNet,C:\Users\tishy\Documents\Honors\SkinDisNet\Preprocessed\Eczema (EC)\EC (323).jpg,Eczema,0.29693603515625,
SkinDisNet,C:\Users\tishy\Documents\Honors\SkinDisNet\Preprocessed\Eczema (EC)\EC (324).jpg,Eczema,0.27850341796875,
SkinDisNet,C:\Users\tishy\Documents\Honors\SkinDisNet\Preprocessed\Eczema (EC)\EC (325).jpg,Eczema,0.23907470703125,
SkinDisNet,C:\Users\tishy\Documents\Honors\SkinDisNet\Preprocessed\Eczema (EC)\EC (326).jpg,Eczema,0.133056640625,
SkinDisNet,C:\Users\tishy\Documents\Honors\SkinDisNet\Preprocessed\Eczema (EC)\EC (327).jpg,Eczema,0.0897216796875,
SkinDisNet,C:\Users\tishy\Documents\Honors\SkinDisNet\Preprocessed\Eczema (EC)\EC (328).jpg,Eczema,0.23468017578125,
SkinDisNet,C:\Users\tishy\Documents\Honors\SkinDisNet\Preprocessed\Eczema (EC)\EC (329).jpg,Eczema,0.37933349609375,
SkinDisNet,C:\Users\tishy\Documents\Honors\SkinDisNet\Preprocessed\Eczema (EC)\EC (33).jpg,Eczema,0.79107666015625,
SkinDisNet,C:\Users\tishy\Documents\Honors\SkinDisNet\Preprocessed\Eczema (EC)\EC (330).jpg,Eczema,0.21258544921875,
SkinDisNet,C:\Users\tishy\Documents\Honors\SkinDisNet\Preprocessed\Eczema (EC)\EC (331).jpg,Eczema,0.273193359375,
SkinDisNet,C:\Users\tishy\Documents\Honors\SkinDisNet\Preprocessed\Eczema (EC)\EC (332).jpg,Eczema,0.3873291015625,
SkinDisNet,C:\Users\tishy\Documents\Honors\SkinDisNet\Preprocessed\Eczema (EC)\EC (333).jpg,Eczema,0.27587890625,
SkinDisNet,C:\Users\tishy\Documents\Honors\SkinDisNet\Preprocessed\Eczema (EC)\EC (334).jpg,Eczema,0.17449951171875,
SkinDisNet,C:\Users\tishy\Documents\Honors\SkinDisNet\Preprocessed\Eczema (EC)\EC (335).jpg,Eczema,0.12225341796875,
SkinDisNet,C:\Users\tishy\Documents\Honors\SkinDisNet\Preprocessed\Eczema (EC)\EC (336).jpg,Eczema,0.166259765625,
SkinDisNet,C:\Users\tishy\Documents\Honors\SkinDisNet\Preprocessed\Eczema (EC)\EC (337).jpg,Eczema,0.166748046875,
SkinDisNet,C:\Users\tishy\Documents\Honors\SkinDisNet\Preprocessed\Eczema (EC)\EC (338).jpg,Eczema,0.27496337890625,
SkinDisNet,C:\Users\tishy\Documents\Honors\SkinDisNet\Preprocessed\Eczema (EC)\EC (339).jpg,Eczema,0.19775390625,
SkinDisNet,C:\Users\tishy\Documents\Honors\SkinDisNet\Preprocessed\Eczema (EC)\EC (34).jpg,Eczema,0.6934814453125,
SkinDisNet,C:\Users\tishy\Documents\Honors\SkinDisNet\Preprocessed\Eczema (EC)\EC (340).jpg,Eczema,0.0906982421875,
SkinDisNet,C:\Users\tishy\Documents\Honors\SkinDisNet\Preprocessed\Eczema (EC)\EC (341).jpg,Eczema,0.62127685546875,
SkinDisNet,C:\Users\tishy\Documents\Honors\SkinDisNet\Preprocessed\Eczema (EC)\EC (342).jpg,Eczema,0.42779541015625,
SkinDisNet,C:\Users\tishy\Documents\Honors\SkinDisNet\Preprocessed\Eczema (EC)\EC (343).jpg,Eczema,0.53082275390625,
SkinDisNet,C:\Users\tishy\Documents\Honors\SkinDisNet\Preprocessed\Eczema (EC)\EC (344).jpg,Eczema,0.175537109375,
SkinDisNet,C:\Users\tishy\Documents\Honors\SkinDisNet\Preprocessed\Eczema (EC)\EC (345).jpg,Eczema,0.37188720703125,
SkinDisNet,C:\Users\tishy\Documents\Honors\SkinDisNet\Preprocessed\Eczema (EC)\EC (346).jpg,Eczema,0.24041748046875,
SkinDisNet,C:\Users\tishy\Documents\Honors\SkinDisNet\Preprocessed\Eczema (EC)\EC (347).jpg,Eczema,0.5301513671875,
SkinDisNet,C:\Users\tishy\Documents\Honors\SkinDisNet\Preprocessed\Eczema (EC)\EC (348).jpg,Eczema,0.51025390625,
SkinDisNet,C:\Users\tishy\Documents\Honors\SkinDisNet\Preprocessed\Eczema (EC)\EC (349).jpg,Eczema,0.53204345703125,
SkinDisNet,C:\Users\tishy\Documents\Honors\SkinDisNet\Preprocessed\Eczema (EC)\EC (35).jpg,Eczema,0.703125,
SkinDisNet,C:\Users\tishy\Documents\Honors\SkinDisNet\Preprocessed\Eczema (EC)\EC (350).jpg,Eczema,0.5499267578125,
SkinDisNet,C:\Users\tishy\Documents\Honors\SkinDisNet\Preprocessed\Eczema (EC)\EC (351).jpg,Eczema,0.5533447265625,
SkinDisNet,C:\Users\tishy\Documents\Honors\SkinDisNet\Preprocessed\Eczema (EC)\EC (352).jpg,Eczema,0.66424560546875,
SkinDisNet,C:\Users\tishy\Documents\Honors\SkinDisNet\Preprocessed\Eczema (EC)\EC (353).jpg,Eczema,0.61004638671875,
SkinDisNet,C:\Users\tishy\Documents\Honors\SkinDisNet\Preprocessed\Eczema (EC)\EC (354).jpg,Eczema,0.99517822265625,
SkinDisNet,C:\Users\tishy\Documents\Honors\SkinDisNet\Preprocessed\Eczema (EC)\EC (355).jpg,Eczema,0.99688720703125,
SkinDisNet,C:\Users\tishy\Documents\Honors\SkinDisNet\Preprocessed\Eczema (EC)\EC (356).jpg,Eczema,0.84814453125,
SkinDisNet,C:\Users\tishy\Documents\Honors\SkinDisNet\Preprocessed\Eczema (EC)\EC (357).jpg,Eczema,0.90570068359375,
SkinDisNet,C:\Users\tishy\Documents\Honors\SkinDisNet\Preprocessed\Eczema (EC)\EC (358).jpg,Eczema,0.84417724609375,
SkinDisNet,C:\Users\tishy\Documents\Honors\SkinDisNet\Preprocessed\Eczema (EC)\EC (359).jpg,Eczema,0.93487548828125,
SkinDisNet,C:\Users\tishy\Documents\Honors\SkinDisNet\Preprocessed\Eczema (EC)\EC (36).jpg,Eczema,0.69677734375,
SkinDisNet,C:\Users\tishy\Documents\Honors\SkinDisNet\Preprocessed\Eczema (EC)\EC (360).jpg,Eczema,0.9737548828125,
SkinDisNet,C:\Users\tishy\Documents\Honors\SkinDisNet\Preprocessed\Eczema (EC)\EC (361).jpg,Eczema,0.69769287109375,
SkinDisNet,C:\Users\tishy\Documents\Honors\SkinDisNet\Preprocessed\Eczema (EC)\EC (362).jpg,Eczema,0.61798095703125,
SkinDisNet,C:\Users\tishy\Documents\Honors\SkinDisNet\Preprocessed\Eczema (EC)\EC (363).jpg,Eczema,0.6611328125,
SkinDisNet,C:\Users\tishy\Documents\Honors\SkinDisNet\Preprocessed\Eczema (EC)\EC (364).jpg,Eczema,0.98992919921875,
SkinDisNet,C:\Users\tishy\Documents\Honors\SkinDisNet\Preprocessed\Eczema (EC)\EC (365).jpg,Eczema,0.953857421875,
SkinDisNet,C:\Users\tishy\Documents\Honors\SkinDisNet\Preprocessed\Eczema (EC)\EC (366).jpg,Eczema,0.93121337890625,
SkinDisNet,C:\Users\tishy\Documents\Honors\SkinDisNet\Preprocessed\Eczema (EC)\EC (367).jpg,Eczema,0.95684814453125,
SkinDisNet,C:\Users\tishy\Documents\Honors\SkinDisNet\Preprocessed\Eczema (EC)\EC (368).jpg,Eczema,0.94342041015625,
SkinDisNet,C:\Users\tishy\Documents\Honors\SkinDisNet\Preprocessed\Eczema (EC)\EC (369).jpg,Eczema,0.7071533203125,
SkinDisNet,C:\Users\tishy\Documents\Honors\SkinDisNet\Preprocessed\Eczema (EC)\EC (37).jpg,Eczema,0.85894775390625,
SkinDisNet,C:\Users\tishy\Documents\Honors\SkinDisNet\Preprocessed\Eczema (EC)\EC (370).jpg,Eczema,0.73028564453125,
SkinDisNet,C:\Users\tishy\Documents\Honors\SkinDisNet\Preprocessed\Eczema (EC)\EC (371).jpg,Eczema,0.7021484375,
SkinDisNet,C:\Users\tishy\Documents\Honors\SkinDisNet\Preprocessed\Eczema (EC)\EC (372).jpg,Eczema,1.0,
SkinDisNet,C:\Users\tishy\Documents\Honors\SkinDisNet\Preprocessed\Eczema (EC)\EC (373).jpg,Eczema,0.99896240234375,
SkinDisNet,C:\Users\tishy\Documents\Honors\SkinDisNet\Preprocessed\Eczema (EC)\EC (374).jpg,Eczema,0.9989013671875,
SkinDisNet,C:\Users\tishy\Documents\Honors\SkinDisNet\Preprocessed\Eczema (EC)\EC (375).jpg,Eczema,0.998046875,
SkinDisNet,C:\Users\tishy\Documents\Honors\SkinDisNet\Preprocessed\Eczema (EC)\EC (376).jpg,Eczema,0.904296875,
SkinDisNet,C:\Users\tishy\Documents\Honors\SkinDisNet\Preprocessed\Eczema (EC)\EC (377).jpg,Eczema,0.79547119140625,
SkinDisNet,C:\Users\tishy\Documents\Honors\SkinDisNet\Preprocessed\Eczema (EC)\EC (378).jpg,Eczema,0.64080810546875,
SkinDisNet,C:\Users\tishy\Documents\Honors\SkinDisNet\Preprocessed\Eczema (EC)\EC (379).jpg,Eczema,0.72100830078125,
SkinDisNet,C:\Users\tishy\Documents\Honors\SkinDisNet\Preprocessed\Eczema (EC)\EC (38).jpg,Eczema,0.843017578125,
SkinDisNet,C:\Users\tishy\Documents\Honors\SkinDisNet\Preprocessed\Eczema (EC)\EC (380).jpg,Eczema,0.79180908203125,
SkinDisNet,C:\Users\tishy\Documents\Honors\SkinDisNet\Preprocessed\Eczema (EC)\EC (381).jpg,Eczema,0.79730224609375,
SkinDisNet,C:\Users\tishy\Documents\Honors\SkinDisNet\Preprocessed\Eczema (EC)\EC (382).jpg,Eczema,0.94879150390625,
SkinDisNet,C:\Users\tishy\Documents\Honors\SkinDisNet\Preprocessed\Eczema (EC)\EC (383).jpg,Eczema,0.6575927734375,
SkinDisNet,C:\Users\tishy\Documents\Honors\SkinDisNet\Preprocessed\Eczema (EC)\EC (384).jpg,Eczema,0.78924560546875,
SkinDisNet,C:\Users\tishy\Documents\Honors\SkinDisNet\Preprocessed\Eczema (EC)\EC (385).jpg,Eczema,0.69488525390625,
SkinDisNet,C:\Users\tishy\Documents\Honors\SkinDisNet\Preprocessed\Eczema (EC)\EC (386).jpg,Eczema,0.8013916015625,
SkinDisNet,C:\Users\tishy\Documents\Honors\SkinDisNet\Preprocessed\Eczema (EC)\EC (387).jpg,Eczema,0.91131591796875,
SkinDisNet,C:\Users\tishy\Documents\Honors\SkinDisNet\Preprocessed\Eczema (EC)\EC (388).jpg,Eczema,0.8145751953125,
SkinDisNet,C:\Users\tishy\Documents\Honors\SkinDisNet\Preprocessed\Eczema (EC)\EC (389).jpg,Eczema,0.90380859375,
SkinDisNet,C:\Users\tishy\Documents\Honors\SkinDisNet\Preprocessed\Eczema (EC)\EC (39).jpg,Eczema,0.8629150390625,
SkinDisNet,C:\Users\tishy\Documents\Honors\SkinDisNet\Preprocessed\Eczema (EC)\EC (390).jpg,Eczema,0.93804931640625,
SkinDisNet,C:\Users\tishy\Documents\Honors\SkinDisNet\Preprocessed\Eczema (EC)\EC (391).jpg,Eczema,0.60052490234375,
SkinDisNet,C:\Users\tishy\Documents\Honors\SkinDisNet\Preprocessed\Eczema (EC)\EC (392).jpg,Eczema,0.7454833984375,
SkinDisNet,C:\Users\tishy\Documents\Honors\SkinDisNet\Preprocessed\Eczema (EC)\EC (393).jpg,Eczema,0.94573974609375,
SkinDisNet,C:\Users\tishy\Documents\Honors\SkinDisNet\Preprocessed\Eczema (EC)\EC (394).jpg,Eczema,0.35888671875,
SkinDisNet,C:\Users\tishy\Documents\Honors\SkinDisNet\Preprocessed\Eczema (EC)\EC (395).jpg,Eczema,0.51007080078125,
SkinDisNet,C:\Users\tishy\Documents\Honors\SkinDisNet\Preprocessed\Eczema (EC)\EC (396).jpg,Eczema,0.72802734375,
SkinDisNet,C:\Users\tishy\Documents\Honors\SkinDisNet\Preprocessed\Eczema (EC)\EC (397).jpg,Eczema,0.99505615234375,
SkinDisNet,C:\Users\tishy\Documents\Honors\SkinDisNet\Preprocessed\Eczema (EC)\EC (398).jpg,Eczema,0.99114990234375,
SkinDisNet,C:\Users\tishy\Documents\Honors\SkinDisNet\Preprocessed\Eczema (EC)\EC (399).jpg,Eczema,0.9940185546875,
SkinDisNet,C:\Users\tishy\Documents\Honors\SkinDisNet\Preprocessed\Eczema (EC)\EC (4).jpg,Eczema,0.90460205078125,
SkinDisNet,C:\Users\tishy\Documents\Honors\SkinDisNet\Preprocessed\Eczema (EC)\EC (40).jpg,Eczema,0.28125,
SkinDisNet,C:\Users\tishy\Documents\Honors\SkinDisNet\Preprocessed\Eczema (EC)\EC (400).jpg,Eczema,0.99310302734375,
SkinDisNet,C:\Users\tishy\Documents\Honors\SkinDisNet\Preprocessed\Eczema (EC)\EC (401).jpg,Eczema,0.99371337890625,
SkinDisNet,C:\Users\tishy\Documents\Honors\SkinDisNet\Preprocessed\Eczema (EC)\EC (402).jpg,Eczema,0.99957275390625,
SkinDisNet,C:\Users\tishy\Documents\Honors\SkinDisNet\Preprocessed\Eczema (EC)\EC (403).jpg,Eczema,0.9976806640625,
SkinDisNet,C:\Users\tishy\Documents\Honors\SkinDisNet\Preprocessed\Eczema (EC)\EC (404).jpg,Eczema,0.98577880859375,
SkinDisNet,C:\Users\tishy\Documents\Honors\SkinDisNet\Preprocessed\Eczema (EC)\EC (405).jpg,Eczema,0.89117431640625,
SkinDisNet,C:\Users\tishy\Documents\Honors\SkinDisNet\Preprocessed\Eczema (EC)\EC (406).jpg,Eczema,0.91290283203125,
SkinDisNet,C:\Users\tishy\Documents\Honors\SkinDisNet\Preprocessed\Eczema (EC)\EC (407).jpg,Eczema,0.9044189453125,
SkinDisNet,C:\Users\tishy\Documents\Honors\SkinDisNet\Preprocessed\Eczema (EC)\EC (408).jpg,Eczema,0.8875732421875,
SkinDisNet,C:\Users\tishy\Documents\Honors\SkinDisNet\Preprocessed\Eczema (EC)\EC (409).jpg,Eczema,0.9556884765625,
SkinDisNet,C:\Users\tishy\Documents\Honors\SkinDisNet\Preprocessed\Eczema (EC)\EC (41).jpg,Eczema,0.7066650390625,
SkinDisNet,C:\Users\tishy\Documents\Honors\SkinDisNet\Preprocessed\Eczema (EC)\EC (410).jpg,Eczema,0.96209716796875,
SkinDisNet,C:\Users\tishy\Documents\Honors\SkinDisNet\Preprocessed\Eczema (EC)\EC (411).jpg,Eczema,0.9725341796875,
SkinDisNet,C:\Users\tishy\Documents\Honors\SkinDisNet\Preprocessed\Eczema (EC)\EC (412).jpg,Eczema,0.96673583984375,
SkinDisNet,C:\Users\tishy\Documents\Honors\SkinDisNet\Preprocessed\Eczema (EC)\EC (413).jpg,Eczema,0.94366455078125,
SkinDisNet,C:\Users\tishy\Documents\Honors\SkinDisNet\Preprocessed\Eczema (EC)\EC (414).jpg,Eczema,0.48223876953125,
SkinDisNet,C:\Users\tishy\Documents\Honors\SkinDisNet\Preprocessed\Eczema (EC)\EC (415).jpg,Eczema,0.3056640625,
SkinDisNet,C:\Users\tishy\Documents\Honors\SkinDisNet\Preprocessed\Eczema (EC)\EC (416).jpg,Eczema,0.30487060546875,
SkinDisNet,C:\Users\tishy\Documents\Honors\SkinDisNet\Preprocessed\Eczema (EC)\EC (417).jpg,Eczema,0.39215087890625,
SkinDisNet,C:\Users\tishy\Documents\Honors\SkinDisNet\Preprocessed\Eczema (EC)\EC (418).jpg,Eczema,0.27215576171875,
SkinDisNet,C:\Users\tishy\Documents\Honors\SkinDisNet\Preprocessed\Eczema (EC)\EC (419).jpg,Eczema,0.42388916015625,
SkinDisNet,C:\Users\tishy\Documents\Honors\SkinDisNet\Preprocessed\Eczema (EC)\EC (42).jpg,Eczema,0.5859375,
SkinDisNet,C:\Users\tishy\Documents\Honors\SkinDisNet\Preprocessed\Eczema (EC)\EC (420).jpg,Eczema,0.99310302734375,
SkinDisNet,C:\Users\tishy\Documents\Honors\SkinDisNet\Preprocessed\Eczema (EC)\EC (421).jpg,Eczema,0.9957275390625,
SkinDisNet,C:\Users\tishy\Documents\Honors\SkinDisNet\Preprocessed\Eczema (EC)\EC (422).jpg,Eczema,0.9888916015625,
SkinDisNet,C:\Users\tishy\Documents\Honors\SkinDisNet\Preprocessed\Eczema (EC)\EC (423).jpg,Eczema,0.96160888671875,
SkinDisNet,C:\Users\tishy\Documents\Honors\SkinDisNet\Preprocessed\Eczema (EC)\EC (424).jpg,Eczema,0.95208740234375,
SkinDisNet,C:\Users\tishy\Documents\Honors\SkinDisNet\Preprocessed\Eczema (EC)\EC (425).jpg,Eczema,0.98883056640625,
SkinDisNet,C:\Users\tishy\Documents\Honors\SkinDisNet\Preprocessed\Eczema (EC)\EC (426).jpg,Eczema,0.8194580078125,
SkinDisNet,C:\Users\tishy\Documents\Honors\SkinDisNet\Preprocessed\Eczema (EC)\EC (427).jpg,Eczema,0.9000244140625,
SkinDisNet,C:\Users\tishy\Documents\Honors\SkinDisNet\Preprocessed\Eczema (EC)\EC (428).jpg,Eczema,0.873779296875,
SkinDisNet,C:\Users\tishy\Documents\Honors\SkinDisNet\Preprocessed\Eczema (EC)\EC (429).jpg,Eczema,0.9786376953125,
SkinDisNet,C:\Users\tishy\Documents\Honors\SkinDisNet\Preprocessed\Eczema (EC)\EC (43).jpg,Eczema,0.62615966796875,
SkinDisNet,C:\Users\tishy\Documents\Honors\SkinDisNet\Preprocessed\Eczema (EC)\EC (430).jpg,Eczema,0.9996337890625,
SkinDisNet,C:\Users\tishy\Documents\Honors\SkinDisNet\Preprocessed\Eczema (EC)\EC (431).jpg,Eczema,0.96331787109375,
SkinDisNet,C:\Users\tishy\Documents\Honors\SkinDisNet\Preprocessed\Eczema (EC)\EC (432).jpg,Eczema,1.0,
SkinDisNet,C:\Users\tishy\Documents\Honors\SkinDisNet\Preprocessed\Eczema (EC)\EC (433).jpg,Eczema,0.9471435546875,
SkinDisNet,C:\Users\tishy\Documents\Honors\SkinDisNet\Preprocessed\Eczema (EC)\EC (434).jpg,Eczema,1.0,
SkinDisNet,C:\Users\tishy\Documents\Honors\SkinDisNet\Preprocessed\Eczema (EC)\EC (435).jpg,Eczema,0.9609375,
SkinDisNet,C:\Users\tishy\Documents\Honors\SkinDisNet\Preprocessed\Eczema (EC)\EC (436).jpg,Eczema,1.0,
SkinDisNet,C:\Users\tishy\Documents\Honors\SkinDisNet\Preprocessed\Eczema (EC)\EC (437).jpg,Eczema,0.95941162109375,
SkinDisNet,C:\Users\tishy\Documents\Honors\SkinDisNet\Preprocessed\Eczema (EC)\EC (438).jpg,Eczema,0.91973876953125,
SkinDisNet,C:\Users\tishy\Documents\Honors\SkinDisNet\Preprocessed\Eczema (EC)\EC (439).jpg,Eczema,0.8863525390625,
SkinDisNet,C:\Users\tishy\Documents\Honors\SkinDisNet\Preprocessed\Eczema (EC)\EC (44).jpg,Eczema,0.56591796875,
SkinDisNet,C:\Users\tishy\Documents\Honors\SkinDisNet\Preprocessed\Eczema (EC)\EC (440).jpg,Eczema,0.97265625,
SkinDisNet,C:\Users\tishy\Documents\Honors\SkinDisNet\Preprocessed\Eczema (EC)\EC (441).jpg,Eczema,0.2547607421875,
SkinDisNet,C:\Users\tishy\Documents\Honors\SkinDisNet\Preprocessed\Eczema (EC)\EC (442).jpg,Eczema,0.30096435546875,
SkinDisNet,C:\Users\tishy\Documents\Honors\SkinDisNet\Preprocessed\Eczema (EC)\EC (443).jpg,Eczema,0.17266845703125,
SkinDisNet,C:\Users\tishy\Documents\Honors\SkinDisNet\Preprocessed\Eczema (EC)\EC (444).jpg,Eczema,0.1864013671875,
SkinDisNet,C:\Users\tishy\Documents\Honors\SkinDisNet\Preprocessed\Eczema (EC)\EC (445).jpg,Eczema,0.17974853515625,
SkinDisNet,C:\Users\tishy\Documents\Honors\SkinDisNet\Preprocessed\Eczema (EC)\EC (446).jpg,Eczema,0.38970947265625,
SkinDisNet,C:\Users\tishy\Documents\Honors\SkinDisNet\Preprocessed\Eczema (EC)\EC (447).jpg,Eczema,0.821044921875,
SkinDisNet,C:\Users\tishy\Documents\Honors\SkinDisNet\Preprocessed\Eczema (EC)\EC (448).jpg,Eczema,0.3421630859375,
SkinDisNet,C:\Users\tishy\Documents\Honors\SkinDisNet\Preprocessed\Eczema (EC)\EC (449).jpg,Eczema,0.9583740234375,
SkinDisNet,C:\Users\tishy\Documents\Honors\SkinDisNet\Preprocessed\Eczema (EC)\EC (45).jpg,Eczema,0.72125244140625,
SkinDisNet,C:\Users\tishy\Documents\Honors\SkinDisNet\Preprocessed\Eczema (EC)\EC (450).jpg,Eczema,0.22149658203125,
SkinDisNet,C:\Users\tishy\Documents\Honors\SkinDisNet\Preprocessed\Eczema (EC)\EC (451).jpg,Eczema,0.21820068359375,
SkinDisNet,C:\Users\tishy\Documents\Honors\SkinDisNet\Preprocessed\Eczema (EC)\EC (452).jpg,Eczema,0.20672607421875,
SkinDisNet,C:\Users\tishy\Documents\Honors\SkinDisNet\Preprocessed\Eczema (EC)\EC (453).jpg,Eczema,0.19366455078125,
SkinDisNet,C:\Users\tishy\Documents\Honors\SkinDisNet\Preprocessed\Eczema (EC)\EC (454).jpg,Eczema,0.26422119140625,
SkinDisNet,C:\Users\tishy\Documents\Honors\SkinDisNet\Preprocessed\Eczema (EC)\EC (455).jpg,Eczema,0.77587890625,
SkinDisNet,C:\Users\tishy\Documents\Honors\SkinDisNet\Preprocessed\Eczema (EC)\EC (456).jpg,Eczema,0.85137939453125,
SkinDisNet,C:\Users\tishy\Documents\Honors\SkinDisNet\Preprocessed\Eczema (EC)\EC (457).jpg,Eczema,0.9742431640625,
SkinDisNet,C:\Users\tishy\Documents\Honors\SkinDisNet\Preprocessed\Eczema (EC)\EC (458).jpg,Eczema,0.98016357421875,
SkinDisNet,C:\Users\tishy\Documents\Honors\SkinDisNet\Preprocessed\Eczema (EC)\EC (459).jpg,Eczema,0.996337890625,
SkinDisNet,C:\Users\tishy\Documents\Honors\SkinDisNet\Preprocessed\Eczema (EC)\EC (46).jpg,Eczema,0.99505615234375,
SkinDisNet,C:\Users\tishy\Documents\Honors\SkinDisNet\Preprocessed\Eczema (EC)\EC (460).jpg,Eczema,0.98480224609375,
SkinDisNet,C:\Users\tishy\Documents\Honors\SkinDisNet\Preprocessed\Eczema (EC)\EC (461).jpg,Eczema,0.91339111328125,
SkinDisNet,C:\Users\tishy\Documents\Honors\SkinDisNet\Preprocessed\Eczema (EC)\EC (462).jpg,Eczema,0.9998779296875,
SkinDisNet,C:\Users\tishy\Documents\Honors\SkinDisNet\Preprocessed\Eczema (EC)\EC (463).jpg,Eczema,0.55560302734375,
SkinDisNet,C:\Users\tishy\Documents\Honors\SkinDisNet\Preprocessed\Eczema (EC)\EC (464).jpg,Eczema,0.99871826171875,
SkinDisNet,C:\Users\tishy\Documents\Honors\SkinDisNet\Preprocessed\Eczema (EC)\EC (465).jpg,Eczema,0.83831787109375,
SkinDisNet,C:\Users\tishy\Documents\Honors\SkinDisNet\Preprocessed\Eczema (EC)\EC (466).jpg,Eczema,0.98284912109375,
SkinDisNet,C:\Users\tishy\Documents\Honors\SkinDisNet\Preprocessed\Eczema (EC)\EC (47).jpg,Eczema,0.99725341796875,
SkinDisNet,C:\Users\tishy\Documents\Honors\SkinDisNet\Preprocessed\Eczema (EC)\EC (48).jpg,Eczema,0.98614501953125,
SkinDisNet,C:\Users\tishy\Documents\Honors\SkinDisNet\Preprocessed\Eczema (EC)\EC (49).jpg,Eczema,0.80377197265625,
SkinDisNet,C:\Users\tishy\Documents\Honors\SkinDisNet\Preprocessed\Eczema (EC)\EC (5).jpg,Eczema,0.6893310546875,
SkinDisNet,C:\Users\tishy\Documents\Honors\SkinDisNet\Preprocessed\Eczema (EC)\EC (50).jpg,Eczema,0.6400146484375,
SkinDisNet,C:\Users\tishy\Documents\Honors\SkinDisNet\Preprocessed\Eczema (EC)\EC (51).jpg,Eczema,0.5872802734375,
SkinDisNet,C:\Users\tishy\Documents\Honors\SkinDisNet\Preprocessed\Eczema (EC)\EC (52).jpg,Eczema,1.0,
SkinDisNet,C:\Users\tishy\Documents\Honors\SkinDisNet\Preprocessed\Eczema (EC)\EC (53).jpg,Eczema,0.821044921875,
SkinDisNet,C:\Users\tishy\Documents\Honors\SkinDisNet\Preprocessed\Eczema (EC)\EC (54).jpg,Eczema,0.69219970703125,
SkinDisNet,C:\Users\tishy\Documents\Honors\SkinDisNet\Preprocessed\Eczema (EC)\EC (55).jpg,Eczema,0.716796875,
SkinDisNet,C:\Users\tishy\Documents\Honors\SkinDisNet\Preprocessed\Eczema (EC)\EC (56).jpg,Eczema,0.9732666015625,
SkinDisNet,C:\Users\tishy\Documents\Honors\SkinDisNet\Preprocessed\Eczema (EC)\EC (57).jpg,Eczema,0.95721435546875,
SkinDisNet,C:\Users\tishy\Documents\Honors\SkinDisNet\Preprocessed\Eczema (EC)\EC (58).jpg,Eczema,0.99749755859375,
SkinDisNet,C:\Users\tishy\Documents\Honors\SkinDisNet\Preprocessed\Eczema (EC)\EC (59).jpg,Eczema,0.9254150390625,
SkinDisNet,C:\Users\tishy\Documents\Honors\SkinDisNet\Preprocessed\Eczema (EC)\EC (6).jpg,Eczema,0.6068115234375,
SkinDisNet,C:\Users\tishy\Documents\Honors\SkinDisNet\Preprocessed\Eczema (EC)\EC (60).jpg,Eczema,0.77734375,
SkinDisNet,C:\Users\tishy\Documents\Honors\SkinDisNet\Preprocessed\Eczema (EC)\EC (61).jpg,Eczema,0.70904541015625,
SkinDisNet,C:\Users\tishy\Documents\Honors\SkinDisNet\Preprocessed\Eczema (EC)\EC (62).jpg,Eczema,0.99658203125,
SkinDisNet,C:\Users\tishy\Documents\Honors\SkinDisNet\Preprocessed\Eczema (EC)\EC (63).jpg,Eczema,0.96795654296875,
SkinDisNet,C:\Users\tishy\Documents\Honors\SkinDisNet\Preprocessed\Eczema (EC)\EC (64).jpg,Eczema,0.6021728515625,
SkinDisNet,C:\Users\tishy\Documents\Honors\SkinDisNet\Preprocessed\Eczema (EC)\EC (65).jpg,Eczema,0.8287353515625,
SkinDisNet,C:\Users\tishy\Documents\Honors\SkinDisNet\Preprocessed\Eczema (EC)\EC (66).jpg,Eczema,1.0,
SkinDisNet,C:\Users\tishy\Documents\Honors\SkinDisNet\Preprocessed\Eczema (EC)\EC (67).jpg,Eczema,0.84771728515625,
SkinDisNet,C:\Users\tishy\Documents\Honors\SkinDisNet\Preprocessed\Eczema (EC)\EC (68).jpg,Eczema,0.7529296875,
SkinDisNet,C:\Users\tishy\Documents\Honors\SkinDisNet\Preprocessed\Eczema (EC)\EC (69).jpg,Eczema,0.67205810546875,
SkinDisNet,C:\Users\tishy\Documents\Honors\SkinDisNet\Preprocessed\Eczema (EC)\EC (7).jpg,Eczema,0.809326171875,
SkinDisNet,C:\Users\tishy\Documents\Honors\SkinDisNet\Preprocessed\Eczema (EC)\EC (70).jpg,Eczema,0.7716064453125,
SkinDisNet,C:\Users\tishy\Documents\Honors\SkinDisNet\Preprocessed\Eczema (EC)\EC (71).jpg,Eczema,0.58697509765625,
SkinDisNet,C:\Users\tishy\Documents\Honors\SkinDisNet\Preprocessed\Eczema (EC)\EC (72).jpg,Eczema,0.240234375,
SkinDisNet,C:\Users\tishy\Documents\Honors\SkinDisNet\Preprocessed\Eczema (EC)\EC (73).jpg,Eczema,0.19140625,
SkinDisNet,C:\Users\tishy\Documents\Honors\SkinDisNet\Preprocessed\Eczema (EC)\EC (74).jpg,Eczema,0.24072265625,
SkinDisNet,C:\Users\tishy\Documents\Honors\SkinDisNet\Preprocessed\Eczema (EC)\EC (75).jpg,Eczema,1.0,
SkinDisNet,C:\Users\tishy\Documents\Honors\SkinDisNet\Preprocessed\Eczema (EC)\EC (76).jpg,Eczema,1.0,
SkinDisNet,C:\Users\tishy\Documents\Honors\SkinDisNet\Preprocessed\Eczema (EC)\EC (77).jpg,Eczema,0.71466064453125,
SkinDisNet,C:\Users\tishy\Documents\Honors\SkinDisNet\Preprocessed\Eczema (EC)\EC (78).jpg,Eczema,0.66876220703125,
SkinDisNet,C:\Users\tishy\Documents\Honors\SkinDisNet\Preprocessed\Eczema (EC)\EC (79).jpg,Eczema,0.772216796875,
SkinDisNet,C:\Users\tishy\Documents\Honors\SkinDisNet\Preprocessed\Eczema (EC)\EC (8).jpg,Eczema,0.92547607421875,
SkinDisNet,C:\Users\tishy\Documents\Honors\SkinDisNet\Preprocessed\Eczema (EC)\EC (80).jpg,Eczema,0.6783447265625,
SkinDisNet,C:\Users\tishy\Documents\Honors\SkinDisNet\Preprocessed\Eczema (EC)\EC (81).jpg,Eczema,0.18438720703125,
SkinDisNet,C:\Users\tishy\Documents\Honors\SkinDisNet\Preprocessed\Eczema (EC)\EC (82).jpg,Eczema,0.09527587890625,
SkinDisNet,C:\Users\tishy\Documents\Honors\SkinDisNet\Preprocessed\Eczema (EC)\EC (83).jpg,Eczema,0.48193359375,
SkinDisNet,C:\Users\tishy\Documents\Honors\SkinDisNet\Preprocessed\Eczema (EC)\EC (84).jpg,Eczema,0.62457275390625,
SkinDisNet,C:\Users\tishy\Documents\Honors\SkinDisNet\Preprocessed\Eczema (EC)\EC (85).jpg,Eczema,0.9833984375,
SkinDisNet,C:\Users\tishy\Documents\Honors\SkinDisNet\Preprocessed\Eczema (EC)\EC (86).jpg,Eczema,0.5673828125,
SkinDisNet,C:\Users\tishy\Documents\Honors\SkinDisNet\Preprocessed\Eczema (EC)\EC (87).jpg,Eczema,0.36456298828125,
SkinDisNet,C:\Users\tishy\Documents\Honors\SkinDisNet\Preprocessed\Eczema (EC)\EC (88).jpg,Eczema,0.40704345703125,
SkinDisNet,C:\Users\tishy\Documents\Honors\SkinDisNet\Preprocessed\Eczema (EC)\EC (89).jpg,Eczema,0.4884033203125,
SkinDisNet,C:\Users\tishy\Documents\Honors\SkinDisNet\Preprocessed\Eczema (EC)\EC (9).jpg,Eczema,0.673583984375,
SkinDisNet,C:\Users\tishy\Documents\Honors\SkinDisNet\Preprocessed\Eczema (EC)\EC (90).jpg,Eczema,0.54681396484375,
SkinDisNet,C:\Users\tishy\Documents\Honors\SkinDisNet\Preprocessed\Eczema (EC)\EC (91).jpg,Eczema,0.44842529296875,
SkinDisNet,C:\Users\tishy\Documents\Honors\SkinDisNet\Preprocessed\Eczema (EC)\EC (92).jpg,Eczema,0.4669189453125,
SkinDisNet,C:\Users\tishy\Documents\Honors\SkinDisNet\Preprocessed\Eczema (EC)\EC (93).jpg,Eczema,0.4212646484375,
SkinDisNet,C:\Users\tishy\Documents\Honors\SkinDisNet\Preprocessed\Eczema (EC)\EC (94).jpg,Eczema,0.4898681640625,
SkinDisNet,C:\Users\tishy\Documents\Honors\SkinDisNet\Preprocessed\Eczema (EC)\EC (95).jpg,Eczema,0.95751953125,
SkinDisNet,C:\Users\tishy\Documents\Honors\SkinDisNet\Preprocessed\Eczema (EC)\EC (96).jpg,Eczema,0.9971923828125,
SkinDisNet,C:\Users\tishy\Documents\Honors\SkinDisNet\Preprocessed\Eczema (EC)\EC (97).jpg,Eczema,0.71575927734375,
SkinDisNet,C:\Users\tishy\Documents\Honors\SkinDisNet\Preprocessed\Eczema (EC)\EC (98).jpg,Eczema,0.6993408203125,
SkinDisNet,C:\Users\tishy\Documents\Honors\SkinDisNet\Preprocessed\Eczema (EC)\EC (99).jpg,Eczema,0.77294921875,
SkinDisNet,C:\Users\tishy\Documents\Honors\SkinDisNet\Preprocessed\Atopic Dermatitis (AD)\AD (1).jpg,Eczema,0.77801513671875,
SkinDisNet,C:\Users\tishy\Documents\Honors\SkinDisNet\Preprocessed\Atopic Dermatitis (AD)\AD (10).jpg,Eczema,0.72747802734375,
SkinDisNet,C:\Users\tishy\Documents\Honors\SkinDisNet\Preprocessed\Atopic Dermatitis (AD)\AD (11).jpg,Eczema,0.77630615234375,
SkinDisNet,C:\Users\tishy\Documents\Honors\SkinDisNet\Preprocessed\Atopic Dermatitis (AD)\AD (12).jpg,Eczema,0.82061767578125,
SkinDisNet,C:\Users\tishy\Documents\Honors\SkinDisNet\Preprocessed\Atopic Dermatitis (AD)\AD (13).jpg,Eczema,0.97210693359375,
SkinDisNet,C:\Users\tishy\Documents\Honors\SkinDisNet\Preprocessed\Atopic Dermatitis (AD)\AD (14).jpg,Eczema,1.0,
SkinDisNet,C:\Users\tishy\Documents\Honors\SkinDisNet\Preprocessed\Atopic Dermatitis (AD)\AD (15).jpg,Eczema,0.4635009765625,
SkinDisNet,C:\Users\tishy\Documents\Honors\SkinDisNet\Preprocessed\Atopic Dermatitis (AD)\AD (16).jpg,Eczema,0.83734130859375,
SkinDisNet,C:\Users\tishy\Documents\Honors\SkinDisNet\Preprocessed\Atopic Dermatitis (AD)\AD (17).jpg,Eczema,0.67279052734375,
SkinDisNet,C:\Users\tishy\Documents\Honors\SkinDisNet\Preprocessed\Atopic Dermatitis (AD)\AD (18).jpg,Eczema,0.4901123046875,
SkinDisNet,C:\Users\tishy\Documents\Honors\SkinDisNet\Preprocessed\Atopic Dermatitis (AD)\AD (19).jpg,Eczema,0.86724853515625,
SkinDisNet,C:\Users\tishy\Documents\Honors\SkinDisNet\Preprocessed\Atopic Dermatitis (AD)\AD (2).jpg,Eczema,0.99786376953125,
SkinDisNet,C:\Users\tishy\Documents\Honors\SkinDisNet\Preprocessed\Atopic Dermatitis (AD)\AD (20).jpg,Eczema,0.3665771484375,
SkinDisNet,C:\Users\tishy\Documents\Honors\SkinDisNet\Preprocessed\Atopic Dermatitis (AD)\AD (21).jpg,Eczema,0.37322998046875,
SkinDisNet,C:\Users\tishy\Documents\Honors\SkinDisNet\Preprocessed\Atopic Dermatitis (AD)\AD (22).jpg,Eczema,0.53448486328125,
SkinDisNet,C:\Users\tishy\Documents\Honors\SkinDisNet\Preprocessed\Atopic Dermatitis (AD)\AD (23).jpg,Eczema,0.56939697265625,
SkinDisNet,C:\Users\tishy\Documents\Honors\SkinDisNet\Preprocessed\Atopic Dermatitis (AD)\AD (24).jpg,Eczema,0.54888916015625,
SkinDisNet,C:\Users\tishy\Documents\Honors\SkinDisNet\Preprocessed\Atopic Dermatitis (AD)\AD (25).jpg,Eczema,0.47021484375,
SkinDisNet,C:\Users\tishy\Documents\Honors\SkinDisNet\Preprocessed\Atopic Dermatitis (AD)\AD (26).jpg,Eczema,0.96929931640625,
SkinDisNet,C:\Users\tishy\Documents\Honors\SkinDisNet\Preprocessed\Atopic Dermatitis (AD)\AD (27).jpg,Eczema,0.99371337890625,
SkinDisNet,C:\Users\tishy\Documents\Honors\SkinDisNet\Preprocessed\Atopic Dermatitis (AD)\AD (28).jpg,Eczema,0.9722900390625,
SkinDisNet,C:\Users\tishy\Documents\Honors\SkinDisNet\Preprocessed\Atopic Dermatitis (AD)\AD (29).jpg,Eczema,0.00018310546875,
SkinDisNet,C:\Users\tishy\Documents\Honors\SkinDisNet\Preprocessed\Atopic Dermatitis (AD)\AD (3).jpg,Eczema,0.66375732421875,
SkinDisNet,C:\Users\tishy\Documents\Honors\SkinDisNet\Preprocessed\Atopic Dermatitis (AD)\AD (30).jpg,Eczema,0.56072998046875,
SkinDisNet,C:\Users\tishy\Documents\Honors\SkinDisNet\Preprocessed\Atopic Dermatitis (AD)\AD (31).jpg,Eczema,0.26507568359375,
SkinDisNet,C:\Users\tishy\Documents\Honors\SkinDisNet\Preprocessed\Atopic Dermatitis (AD)\AD (32).jpg,Eczema,0.4873046875,
SkinDisNet,C:\Users\tishy\Documents\Honors\SkinDisNet\Preprocessed\Atopic Dermatitis (AD)\AD (33).jpg,Eczema,0.78411865234375,
SkinDisNet,C:\Users\tishy\Documents\Honors\SkinDisNet\Preprocessed\Atopic Dermatitis (AD)\AD (34).jpg,Eczema,0.99951171875,
SkinDisNet,C:\Users\tishy\Documents\Honors\SkinDisNet\Preprocessed\Atopic Dermatitis (AD)\AD (35).jpg,Eczema,0.50146484375,
SkinDisNet,C:\Users\tishy\Documents\Honors\SkinDisNet\Preprocessed\Atopic Dermatitis (AD)\AD (36).jpg,Eczema,0.9915771484375,
SkinDisNet,C:\Users\tishy\Documents\Honors\SkinDisNet\Preprocessed\Atopic Dermatitis (AD)\AD (37).jpg,Eczema,0.99993896484375,
SkinDisNet,C:\Users\tishy\Documents\Honors\SkinDisNet\Preprocessed\Atopic Dermatitis (AD)\AD (38).jpg,Eczema,0.8228759765625,
SkinDisNet,C:\Users\tishy\Documents\Honors\SkinDisNet\Preprocessed\Atopic Dermatitis (AD)\AD (39).jpg,Eczema,0.7489013671875,
SkinDisNet,C:\Users\tishy\Documents\Honors\SkinDisNet\Preprocessed\Atopic Dermatitis (AD)\AD (4).jpg,Eczema,0.617919921875,
SkinDisNet,C:\Users\tishy\Documents\Honors\SkinDisNet\Preprocessed\Atopic Dermatitis (AD)\AD (40).jpg,Eczema,0.78857421875,
SkinDisNet,C:\Users\tishy\Documents\Honors\SkinDisNet\Preprocessed\Atopic Dermatitis (AD)\AD (41).jpg,Eczema,0.90130615234375,
SkinDisNet,C:\Users\tishy\Documents\Honors\SkinDisNet\Preprocessed\Atopic Dermatitis (AD)\AD (42).jpg,Eczema,0.99798583984375,
SkinDisNet,C:\Users\tishy\Documents\Honors\SkinDisNet\Preprocessed\Atopic Dermatitis (AD)\AD (43).jpg,Eczema,0.8963623046875,
SkinDisNet,C:\Users\tishy\Documents\Honors\SkinDisNet\Preprocessed\Atopic Dermatitis (AD)\AD (44).jpg,Eczema,0.90484619140625,
SkinDisNet,C:\Users\tishy\Documents\Honors\SkinDisNet\Preprocessed\Atopic Dermatitis (AD)\AD (45).jpg,Eczema,0.73077392578125,
SkinDisNet,C:\Users\tishy\Documents\Honors\SkinDisNet\Preprocessed\Atopic Dermatitis (AD)\AD (46).jpg,Eczema,0.85516357421875,
SkinDisNet,C:\Users\tishy\Documents\Honors\SkinDisNet\Preprocessed\Atopic Dermatitis (AD)\AD (47).jpg,Eczema,0.9866943359375,
SkinDisNet,C:\Users\tishy\Documents\Honors\SkinDisNet\Preprocessed\Atopic Dermatitis (AD)\AD (48).jpg,Eczema,0.78790283203125,
SkinDisNet,C:\Users\tishy\Documents\Honors\SkinDisNet\Preprocessed\Atopic Dermatitis (AD)\AD (49).jpg,Eczema,0.78582763671875,
SkinDisNet,C:\Users\tishy\Documents\Honors\SkinDisNet\Preprocessed\Atopic Dermatitis (AD)\AD (5).jpg,Eczema,0.8297119140625,
SkinDisNet,C:\Users\tishy\Documents\Honors\SkinDisNet\Preprocessed\Atopic Dermatitis (AD)\AD (50).jpg,Eczema,0.7659912109375,
SkinDisNet,C:\Users\tishy\Documents\Honors\SkinDisNet\Preprocessed\Atopic Dermatitis (AD)\AD (51).jpg,Eczema,0.72509765625,
SkinDisNet,C:\Users\tishy\Documents\Honors\SkinDisNet\Preprocessed\Atopic Dermatitis (AD)\AD (52).jpg,Eczema,0.914794921875,
SkinDisNet,C:\Users\tishy\Documents\Honors\SkinDisNet\Preprocessed\Atopic Dermatitis (AD)\AD (53).jpg,Eczema,0.68548583984375,
SkinDisNet,C:\Users\tishy\Documents\Honors\SkinDisNet\Preprocessed\Atopic Dermatitis (AD)\AD (54).jpg,Eczema,0.92108154296875,
SkinDisNet,C:\Users\tishy\Documents\Honors\SkinDisNet\Preprocessed\Atopic Dermatitis (AD)\AD (55).jpg,Eczema,0.5479736328125,
SkinDisNet,C:\Users\tishy\Documents\Honors\SkinDisNet\Preprocessed\Atopic Dermatitis (AD)\AD (56).jpg,Eczema,0.55987548828125,
SkinDisNet,C:\Users\tishy\Documents\Honors\SkinDisNet\Preprocessed\Atopic Dermatitis (AD)\AD (57).jpg,Eczema,0.72650146484375,
SkinDisNet,C:\Users\tishy\Documents\Honors\SkinDisNet\Preprocessed\Atopic Dermatitis (AD)\AD (58).jpg,Eczema,0.7279052734375,
SkinDisNet,C:\Users\tishy\Documents\Honors\SkinDisNet\Preprocessed\Atopic Dermatitis (AD)\AD (59).jpg,Eczema,0.9573974609375,
SkinDisNet,C:\Users\tishy\Documents\Honors\SkinDisNet\Preprocessed\Atopic Dermatitis (AD)\AD (6).jpg,Eczema,0.36187744140625,
SkinDisNet,C:\Users\tishy\Documents\Honors\SkinDisNet\Preprocessed\Atopic Dermatitis (AD)\AD (60).jpg,Eczema,0.80889892578125,
SkinDisNet,C:\Users\tishy\Documents\Honors\SkinDisNet\Preprocessed\Atopic Dermatitis (AD)\AD (61).jpg,Eczema,0.8270263671875,
SkinDisNet,C:\Users\tishy\Documents\Honors\SkinDisNet\Preprocessed\Atopic Dermatitis (AD)\AD (62).jpg,Eczema,1.0,
SkinDisNet,C:\Users\tishy\Documents\Honors\SkinDisNet\Preprocessed\Atopic Dermatitis (AD)\AD (63).jpg,Eczema,1.0,
SkinDisNet,C:\Users\tishy\Documents\Honors\SkinDisNet\Preprocessed\Atopic Dermatitis (AD)\AD (64).jpg,Eczema,0.87939453125,
SkinDisNet,C:\Users\tishy\Documents\Honors\SkinDisNet\Preprocessed\Atopic Dermatitis (AD)\AD (65).jpg,Eczema,1.0,
SkinDisNet,C:\Users\tishy\Documents\Honors\SkinDisNet\Preprocessed\Atopic Dermatitis (AD)\AD (66).jpg,Eczema,0.86285400390625,
SkinDisNet,C:\Users\tishy\Documents\Honors\SkinDisNet\Preprocessed\Atopic Dermatitis (AD)\AD (67).jpg,Eczema,1.0,
SkinDisNet,C:\Users\tishy\Documents\Honors\SkinDisNet\Preprocessed\Atopic Dermatitis (AD)\AD (68).jpg,Eczema,0.970458984375,
SkinDisNet,C:\Users\tishy\Documents\Honors\SkinDisNet\Preprocessed\Atopic Dermatitis (AD)\AD (69).jpg,Eczema,1.0,
SkinDisNet,C:\Users\tishy\Documents\Honors\SkinDisNet\Preprocessed\Atopic Dermatitis (AD)\AD (7).jpg,Eczema,0.54656982421875,
SkinDisNet,C:\Users\tishy\Documents\Honors\SkinDisNet\Preprocessed\Atopic Dermatitis (AD)\AD (70).jpg,Eczema,0.83538818359375,
SkinDisNet,C:\Users\tishy\Documents\Honors\SkinDisNet\Preprocessed\Atopic Dermatitis (AD)\AD (8).jpg,Eczema,0.4669189453125,
SkinDisNet,C:\Users\tishy\Documents\Honors\SkinDisNet\Preprocessed\Atopic Dermatitis (AD)\AD (9).jpg,Eczema,0.8192138671875,
SkinDisNet,C:\Users\tishy\Documents\Honors\SkinDisNet\Preprocessed\Contact Dermatitis (CD)\CD (1).jpg,Other,0.472900390625,
SkinDisNet,C:\Users\tishy\Documents\Honors\SkinDisNet\Preprocessed\Contact Dermatitis (CD)\CD (10).jpg,Other,0.5208740234375,
SkinDisNet,C:\Users\tishy\Documents\Honors\SkinDisNet\Preprocessed\Contact Dermatitis (CD)\CD (100).jpg,Other,0.9151611328125,
SkinDisNet,C:\Users\tishy\Documents\Honors\SkinDisNet\Preprocessed\Contact Dermatitis (CD)\CD (101).jpg,Other,0.9293212890625,
SkinDisNet,C:\Users\tishy\Documents\Honors\SkinDisNet\Preprocessed\Contact Dermatitis (CD)\CD (102).jpg,Other,1.0,
SkinDisNet,C:\Users\tishy\Documents\Honors\SkinDisNet\Preprocessed\Contact Dermatitis (CD)\CD (103).jpg,Other,1.0,
SkinDisNet,C:\Users\tishy\Documents\Honors\SkinDisNet\Preprocessed\Contact Dermatitis (CD)\CD (104).jpg,Other,1.0,
SkinDisNet,C:\Users\tishy\Documents\Honors\SkinDisNet\Preprocessed\Contact Dermatitis (CD)\CD (105).jpg,Other,0.7952880859375,
SkinDisNet,C:\Users\tishy\Documents\Honors\SkinDisNet\Preprocessed\Contact Dermatitis (CD)\CD (106).jpg,Other,0.88604736328125,
SkinDisNet,C:\Users\tishy\Documents\Honors\SkinDisNet\Preprocessed\Contact Dermatitis (CD)\CD (107).jpg,Other,0.7969970703125,
SkinDisNet,C:\Users\tishy\Documents\Honors\SkinDisNet\Preprocessed\Contact Dermatitis (CD)\CD (108).jpg,Other,0.8470458984375,
SkinDisNet,C:\Users\tishy\Documents\Honors\SkinDisNet\Preprocessed\Contact Dermatitis (CD)\CD (109).jpg,Other,0.66815185546875,
SkinDisNet,C:\Users\tishy\Documents\Honors\SkinDisNet\Preprocessed\Contact Dermatitis (CD)\CD (11).jpg,Other,0.58831787109375,
SkinDisNet,C:\Users\tishy\Documents\Honors\SkinDisNet\Preprocessed\Contact Dermatitis (CD)\CD (110).jpg,Other,0.6302490234375,
SkinDisNet,C:\Users\tishy\Documents\Honors\SkinDisNet\Preprocessed\Contact Dermatitis (CD)\CD (111).jpg,Other,0.72186279296875,
SkinDisNet,C:\Users\tishy\Documents\Honors\SkinDisNet\Preprocessed\Contact Dermatitis (CD)\CD (112).jpg,Other,0.72955322265625,
SkinDisNet,C:\Users\tishy\Documents\Honors\SkinDisNet\Preprocessed\Contact Dermatitis (CD)\CD (113).jpg,Other,0.641845703125,
SkinDisNet,C:\Users\tishy\Documents\Honors\SkinDisNet\Preprocessed\Contact Dermatitis (CD)\CD (114).jpg,Other,0.96539306640625,
SkinDisNet,C:\Users\tishy\Documents\Honors\SkinDisNet\Preprocessed\Contact Dermatitis (CD)\CD (115).jpg,Other,1.0,
SkinDisNet,C:\Users\tishy\Documents\Honors\SkinDisNet\Preprocessed\Contact Dermatitis (CD)\CD (116).jpg,Other,1.0,
SkinDisNet,C:\Users\tishy\Documents\Honors\SkinDisNet\Preprocessed\Contact Dermatitis (CD)\CD (117).jpg,Other,1.0,
SkinDisNet,C:\Users\tishy\Documents\Honors\SkinDisNet\Preprocessed\Contact Dermatitis (CD)\CD (118).jpg,Other,0.702880859375,
SkinDisNet,C:\Users\tishy\Documents\Honors\SkinDisNet\Preprocessed\Contact Dermatitis (CD)\CD (119).jpg,Other,0.6971435546875,
SkinDisNet,C:\Users\tishy\Documents\Honors\SkinDisNet\Preprocessed\Contact Dermatitis (CD)\CD (12).jpg,Other,0.8885498046875,
SkinDisNet,C:\Users\tishy\Documents\Honors\SkinDisNet\Preprocessed\Contact Dermatitis (CD)\CD (120).jpg,Other,0.658203125,
SkinDisNet,C:\Users\tishy\Documents\Honors\SkinDisNet\Preprocessed\Contact Dermatitis (CD)\CD (121).jpg,Other,0.662109375,
SkinDisNet,C:\Users\tishy\Documents\Honors\SkinDisNet\Preprocessed\Contact Dermatitis (CD)\CD (122).jpg,Other,0.79071044921875,
SkinDisNet,C:\Users\tishy\Documents\Honors\SkinDisNet\Preprocessed\Contact Dermatitis (CD)\CD (123).jpg,Other,0.75994873046875,
SkinDisNet,C:\Users\tishy\Documents\Honors\SkinDisNet\Preprocessed\Contact Dermatitis (CD)\CD (124).jpg,Other,0.90777587890625,
SkinDisNet,C:\Users\tishy\Documents\Honors\SkinDisNet\Preprocessed\Contact Dermatitis (CD)\CD (125).jpg,Other,0.900634765625,
SkinDisNet,C:\Users\tishy\Documents\Honors\SkinDisNet\Preprocessed\Contact Dermatitis (CD)\CD (126).jpg,Other,0.92230224609375,
SkinDisNet,C:\Users\tishy\Documents\Honors\SkinDisNet\Preprocessed\Contact Dermatitis (CD)\CD (127).jpg,Other,0.9190673828125,
SkinDisNet,C:\Users\tishy\Documents\Honors\SkinDisNet\Preprocessed\Contact Dermatitis (CD)\CD (128).jpg,Other,0.96490478515625,
SkinDisNet,C:\Users\tishy\Documents\Honors\SkinDisNet\Preprocessed\Contact Dermatitis (CD)\CD (129).jpg,Other,0.9591064453125,
SkinDisNet,C:\Users\tishy\Documents\Honors\SkinDisNet\Preprocessed\Contact Dermatitis (CD)\CD (13).jpg,Other,0.90167236328125,
SkinDisNet,C:\Users\tishy\Documents\Honors\SkinDisNet\Preprocessed\Contact Dermatitis (CD)\CD (130).jpg,Other,0.9656982421875,
SkinDisNet,C:\Users\tishy\Documents\Honors\SkinDisNet\Preprocessed\Contact Dermatitis (CD)\CD (131).jpg,Other,0.81451416015625,
SkinDisNet,C:\Users\tishy\Documents\Honors\SkinDisNet\Preprocessed\Contact Dermatitis (CD)\CD (132).jpg,Other,0.8876953125,
SkinDisNet,C:\Users\tishy\Documents\Honors\SkinDisNet\Preprocessed\Contact Dermatitis (CD)\CD (133).jpg,Other,0.9342041015625,
SkinDisNet,C:\Users\tishy\Documents\Honors\SkinDisNet\Preprocessed\Contact Dermatitis (CD)\CD (134).jpg,Other,0.64093017578125,
SkinDisNet,C:\Users\tishy\Documents\Honors\SkinDisNet\Preprocessed\Contact Dermatitis (CD)\CD (135).jpg,Other,0.9342041015625,
SkinDisNet,C:\Users\tishy\Documents\Honors\SkinDisNet\Preprocessed\Contact Dermatitis (CD)\CD (136).jpg,Other,0.65130615234375,
SkinDisNet,C:\Users\tishy\Documents\Honors\SkinDisNet\Preprocessed\Contact Dermatitis (CD)\CD (137).jpg,Other,0.93707275390625,
SkinDisNet,C:\Users\tishy\Documents\Honors\SkinDisNet\Preprocessed\Contact Dermatitis (CD)\CD (138).jpg,Other,0.93414306640625,
SkinDisNet,C:\Users\tishy\Documents\Honors\SkinDisNet\Preprocessed\Contact Dermatitis (CD)\CD (139).jpg,Other,0.70367431640625,
SkinDisNet,C:\Users\tishy\Documents\Honors\SkinDisNet\Preprocessed\Contact Dermatitis (CD)\CD (14).jpg,Other,0.90557861328125,
SkinDisNet,C:\Users\tishy\Documents\Honors\SkinDisNet\Preprocessed\Contact Dermatitis (CD)\CD (140).jpg,Other,0.73175048828125,
SkinDisNet,C:\Users\tishy\Documents\Honors\SkinDisNet\Preprocessed\Contact Dermatitis (CD)\CD (141).jpg,Other,0.74212646484375,
SkinDisNet,C:\Users\tishy\Documents\Honors\SkinDisNet\Preprocessed\Contact Dermatitis (CD)\CD (142).jpg,Other,0.9805908203125,
SkinDisNet,C:\Users\tishy\Documents\Honors\SkinDisNet\Preprocessed\Contact Dermatitis (CD)\CD (143).jpg,Other,0.857421875,
SkinDisNet,C:\Users\tishy\Documents\Honors\SkinDisNet\Preprocessed\Contact Dermatitis (CD)\CD (144).jpg,Other,0.69842529296875,
SkinDisNet,C:\Users\tishy\Documents\Honors\SkinDisNet\Preprocessed\Contact Dermatitis (CD)\CD (145).jpg,Other,0.8916015625,
SkinDisNet,C:\Users\tishy\Documents\Honors\SkinDisNet\Preprocessed\Contact Dermatitis (CD)\CD (146).jpg,Other,0.68603515625,
SkinDisNet,C:\Users\tishy\Documents\Honors\SkinDisNet\Preprocessed\Contact Dermatitis (CD)\CD (147).jpg,Other,0.94134521484375,
SkinDisNet,C:\Users\tishy\Documents\Honors\SkinDisNet\Preprocessed\Contact Dermatitis (CD)\CD (148).jpg,Other,0.90960693359375,
SkinDisNet,C:\Users\tishy\Documents\Honors\SkinDisNet\Preprocessed\Contact Dermatitis (CD)\CD (149).jpg,Other,0.8892822265625,
SkinDisNet,C:\Users\tishy\Documents\Honors\SkinDisNet\Preprocessed\Contact Dermatitis (CD)\CD (15).jpg,Other,0.9913330078125,
SkinDisNet,C:\Users\tishy\Documents\Honors\SkinDisNet\Preprocessed\Contact Dermatitis (CD)\CD (150).jpg,Other,0.9151611328125,
SkinDisNet,C:\Users\tishy\Documents\Honors\SkinDisNet\Preprocessed\Contact Dermatitis (CD)\CD (151).jpg,Other,0.95306396484375,
SkinDisNet,C:\Users\tishy\Documents\Honors\SkinDisNet\Preprocessed\Contact Dermatitis (CD)\CD (152).jpg,Other,0.94061279296875,
SkinDisNet,C:\Users\tishy\Documents\Honors\SkinDisNet\Preprocessed\Contact Dermatitis (CD)\CD (153).jpg,Other,0.88946533203125,
SkinDisNet,C:\Users\tishy\Documents\Honors\SkinDisNet\Preprocessed\Contact Dermatitis (CD)\CD (154).jpg,Other,0.85980224609375,
SkinDisNet,C:\Users\tishy\Documents\Honors\SkinDisNet\Preprocessed\Contact Dermatitis (CD)\CD (155).jpg,Other,0.92828369140625,
SkinDisNet,C:\Users\tishy\Documents\Honors\SkinDisNet\Preprocessed\Contact Dermatitis (CD)\CD (156).jpg,Other,0.68902587890625,
SkinDisNet,C:\Users\tishy\Documents\Honors\SkinDisNet\Preprocessed\Contact Dermatitis (CD)\CD (157).jpg,Other,0.67205810546875,
SkinDisNet,C:\Users\tishy\Documents\Honors\SkinDisNet\Preprocessed\Contact Dermatitis (CD)\CD (158).jpg,Other,1.0,
SkinDisNet,C:\Users\tishy\Documents\Honors\SkinDisNet\Preprocessed\Contact Dermatitis (CD)\CD (159).jpg,Other,1.0,
SkinDisNet,C:\Users\tishy\Documents\Honors\SkinDisNet\Preprocessed\Contact Dermatitis (CD)\CD (16).jpg,Other,0.98345947265625,
SkinDisNet,C:\Users\tishy\Documents\Honors\SkinDisNet\Preprocessed\Contact Dermatitis (CD)\CD (160).jpg,Other,0.8621826171875,
SkinDisNet,C:\Users\tishy\Documents\Honors\SkinDisNet\Preprocessed\Contact Dermatitis (CD)\CD (161).jpg,Other,0.89215087890625,
SkinDisNet,C:\Users\tishy\Documents\Honors\SkinDisNet\Preprocessed\Contact Dermatitis (CD)\CD (162).jpg,Other,0.84979248046875,
SkinDisNet,C:\Users\tishy\Documents\Honors\SkinDisNet\Preprocessed\Contact Dermatitis (CD)\CD (163).jpg,Other,0.85784912109375,
SkinDisNet,C:\Users\tishy\Documents\Honors\SkinDisNet\Preprocessed\Contact Dermatitis (CD)\CD (164).jpg,Other,0.9356689453125,
SkinDisNet,C:\Users\tishy\Documents\Honors\SkinDisNet\Preprocessed\Contact Dermatitis (CD)\CD (165).jpg,Other,0.859375,
SkinDisNet,C:\Users\tishy\Documents\Honors\SkinDisNet\Preprocessed\Contact Dermatitis (CD)\CD (166).jpg,Other,1.0,
SkinDisNet,C:\Users\tishy\Documents\Honors\SkinDisNet\Preprocessed\Contact Dermatitis (CD)\CD (167).jpg,Other,1.0,
SkinDisNet,C:\Users\tishy\Documents\Honors\SkinDisNet\Preprocessed\Contact Dermatitis (CD)\CD (168).jpg,Other,1.0,
SkinDisNet,C:\Users\tishy\Documents\Honors\SkinDisNet\Preprocessed\Contact Dermatitis (CD)\CD (169).jpg,Other,0.74652099609375,
SkinDisNet,C:\Users\tishy\Documents\Honors\SkinDisNet\Preprocessed\Contact Dermatitis (CD)\CD (17).jpg,Other,0.79296875,
SkinDisNet,C:\Users\tishy\Documents\Honors\SkinDisNet\Preprocessed\Contact Dermatitis (CD)\CD (170).jpg,Other,0.682373046875,
SkinDisNet,C:\Users\tishy\Documents\Honors\SkinDisNet\Preprocessed\Contact Dermatitis (CD)\CD (171).jpg,Other,0.7816162109375,
SkinDisNet,C:\Users\tishy\Documents\Honors\SkinDisNet\Preprocessed\Contact Dermatitis (CD)\CD (172).jpg,Other,0.7298583984375,
SkinDisNet,C:\Users\tishy\Documents\Honors\SkinDisNet\Preprocessed\Contact Dermatitis (CD)\CD (173).jpg,Other,0.752685546875,
SkinDisNet,C:\Users\tishy\Documents\Honors\SkinDisNet\Preprocessed\Contact Dermatitis (CD)\CD (174).jpg,Other,0.8297119140625,
SkinDisNet,C:\Users\tishy\Documents\Honors\SkinDisNet\Preprocessed\Contact Dermatitis (CD)\CD (175).jpg,Other,0.67352294921875,
SkinDisNet,C:\Users\tishy\Documents\Honors\SkinDisNet\Preprocessed\Contact Dermatitis (CD)\CD (176).jpg,Other,0.904296875,
SkinDisNet,C:\Users\tishy\Documents\Honors\SkinDisNet\Preprocessed\Contact Dermatitis (CD)\CD (177).jpg,Other,0.71875,
SkinDisNet,C:\Users\tishy\Documents\Honors\SkinDisNet\Preprocessed\Contact Dermatitis (CD)\CD (178).jpg,Other,0.7010498046875,
SkinDisNet,C:\Users\tishy\Documents\Honors\SkinDisNet\Preprocessed\Contact Dermatitis (CD)\CD (179).jpg,Other,0.70709228515625,
SkinDisNet,C:\Users\tishy\Documents\Honors\SkinDisNet\Preprocessed\Contact Dermatitis (CD)\CD (18).jpg,Other,0.7916259765625,
SkinDisNet,C:\Users\tishy\Documents\Honors\SkinDisNet\Preprocessed\Contact Dermatitis (CD)\CD (180).jpg,Other,0.62994384765625,
SkinDisNet,C:\Users\tishy\Documents\Honors\SkinDisNet\Preprocessed\Contact Dermatitis (CD)\CD (181).jpg,Other,0.677978515625,
SkinDisNet,C:\Users\tishy\Documents\Honors\SkinDisNet\Preprocessed\Contact Dermatitis (CD)\CD (182).jpg,Other,0.65234375,
SkinDisNet,C:\Users\tishy\Documents\Honors\SkinDisNet\Preprocessed\Contact Dermatitis (CD)\CD (183).jpg,Other,0.746826171875,
SkinDisNet,C:\Users\tishy\Documents\Honors\SkinDisNet\Preprocessed\Contact Dermatitis (CD)\CD (184).jpg,Other,0.7171630859375,
SkinDisNet,C:\Users\tishy\Documents\Honors\SkinDisNet\Preprocessed\Contact Dermatitis (CD)\CD (185).jpg,Other,0.7669677734375,
SkinDisNet,C:\Users\tishy\Documents\Honors\SkinDisNet\Preprocessed\Contact Dermatitis (CD)\CD (186).jpg,Other,0.2276611328125,
SkinDisNet,C:\Users\tishy\Documents\Honors\SkinDisNet\Preprocessed\Contact Dermatitis (CD)\CD (187).jpg,Other,0.15948486328125,
SkinDisNet,C:\Users\tishy\Documents\Honors\SkinDisNet\Preprocessed\Contact Dermatitis (CD)\CD (188).jpg,Other,0.19647216796875,
SkinDisNet,C:\Users\tishy\Documents\Honors\SkinDisNet\Preprocessed\Contact Dermatitis (CD)\CD (189).jpg,Other,0.27313232421875,
SkinDisNet,C:\Users\tishy\Documents\Honors\SkinDisNet\Preprocessed\Contact Dermatitis (CD)\CD (19).jpg,Other,0.9327392578125,
SkinDisNet,C:\Users\tishy\Documents\Honors\SkinDisNet\Preprocessed\Contact Dermatitis (CD)\CD (190).jpg,Other,0.49725341796875,
SkinDisNet,C:\Users\tishy\Documents\Honors\SkinDisNet\Preprocessed\Contact Dermatitis (CD)\CD (191).jpg,Other,0.53607177734375,
SkinDisNet,C:\Users\tishy\Documents\Honors\SkinDisNet\Preprocessed\Contact Dermatitis (CD)\CD (192).jpg,Other,0.56341552734375,
SkinDisNet,C:\Users\tishy\Documents\Honors\SkinDisNet\Preprocessed\Contact Dermatitis (CD)\CD (193).jpg,Other,0.33477783203125,
SkinDisNet,C:\Users\tishy\Documents\Honors\SkinDisNet\Preprocessed\Contact Dermatitis (CD)\CD (194).jpg,Other,0.510498046875,
SkinDisNet,C:\Users\tishy\Documents\Honors\SkinDisNet\Preprocessed\Contact Dermatitis (CD)\CD (195).jpg,Other,0.7225341796875,
SkinDisNet,C:\Users\tishy\Documents\Honors\SkinDisNet\Preprocessed\Contact Dermatitis (CD)\CD (196).jpg,Other,0.72381591796875,
SkinDisNet,C:\Users\tishy\Documents\Honors\SkinDisNet\Preprocessed\Contact Dermatitis (CD)\CD (197).jpg,Other,0.60235595703125,
SkinDisNet,C:\Users\tishy\Documents\Honors\SkinDisNet\Preprocessed\Contact Dermatitis (CD)\CD (198).jpg,Other,0.64593505859375,
SkinDisNet,C:\Users\tishy\Documents\Honors\SkinDisNet\Preprocessed\Contact Dermatitis (CD)\CD (199).jpg,Other,0.79986572265625,
SkinDisNet,C:\Users\tishy\Documents\Honors\SkinDisNet\Preprocessed\Contact Dermatitis (CD)\CD (2).jpg,Other,0.51898193359375,
SkinDisNet,C:\Users\tishy\Documents\Honors\SkinDisNet\Preprocessed\Contact Dermatitis (CD)\CD (20).jpg,Other,1.0,
SkinDisNet,C:\Users\tishy\Documents\Honors\SkinDisNet\Preprocessed\Contact Dermatitis (CD)\CD (200).jpg,Other,0.59228515625,
SkinDisNet,C:\Users\tishy\Documents\Honors\SkinDisNet\Preprocessed\Contact Dermatitis (CD)\CD (201).jpg,Other,0.59405517578125,
SkinDisNet,C:\Users\tishy\Documents\Honors\SkinDisNet\Preprocessed\Contact Dermatitis (CD)\CD (202).jpg,Other,0.54925537109375,
SkinDisNet,C:\Users\tishy\Documents\Honors\SkinDisNet\Preprocessed\Contact Dermatitis (CD)\CD (203).jpg,Other,0.687255859375,
SkinDisNet,C:\Users\tishy\Documents\Honors\SkinDisNet\Preprocessed\Contact Dermatitis (CD)\CD (204).jpg,Other,0.7578125,
SkinDisNet,C:\Users\tishy\Documents\Honors\SkinDisNet\Preprocessed\Contact Dermatitis (CD)\CD (205).jpg,Other,0.93426513671875,
SkinDisNet,C:\Users\tishy\Documents\Honors\SkinDisNet\Preprocessed\Contact Dermatitis (CD)\CD (206).jpg,Other,0.90948486328125,
SkinDisNet,C:\Users\tishy\Documents\Honors\SkinDisNet\Preprocessed\Contact Dermatitis (CD)\CD (207).jpg,Other,0.68389892578125,
SkinDisNet,C:\Users\tishy\Documents\Honors\SkinDisNet\Preprocessed\Contact Dermatitis (CD)\CD (208).jpg,Other,0.91766357421875,
SkinDisNet,C:\Users\tishy\Documents\Honors\SkinDisNet\Preprocessed\Contact Dermatitis (CD)\CD (209).jpg,Other,0.695556640625,
SkinDisNet,C:\Users\tishy\Documents\Honors\SkinDisNet\Preprocessed\Contact Dermatitis (CD)\CD (21).jpg,Other,1.0,
SkinDisNet,C:\Users\tishy\Documents\Honors\SkinDisNet\Preprocessed\Contact Dermatitis (CD)\CD (210).jpg,Other,0.55841064453125,
SkinDisNet,C:\Users\tishy\Documents\Honors\SkinDisNet\Preprocessed\Contact Dermatitis (CD)\CD (211).jpg,Other,0.99853515625,
SkinDisNet,C:\Users\tishy\Documents\Honors\SkinDisNet\Preprocessed\Contact Dermatitis (CD)\CD (212).jpg,Other,0.97723388671875,
SkinDisNet,C:\Users\tishy\Documents\Honors\SkinDisNet\Preprocessed\Contact Dermatitis (CD)\CD (213).jpg,Other,0.8843994140625,
SkinDisNet,C:\Users\tishy\Documents\Honors\SkinDisNet\Preprocessed\Contact Dermatitis (CD)\CD (214).jpg,Other,0.38916015625,
SkinDisNet,C:\Users\tishy\Documents\Honors\SkinDisNet\Preprocessed\Contact Dermatitis (CD)\CD (215).jpg,Other,0.5791015625,
SkinDisNet,C:\Users\tishy\Documents\Honors\SkinDisNet\Preprocessed\Contact Dermatitis (CD)\CD (216).jpg,Other,0.7994384765625,
SkinDisNet,C:\Users\tishy\Documents\Honors\SkinDisNet\Preprocessed\Contact Dermatitis (CD)\CD (217).jpg,Other,0.76214599609375,
SkinDisNet,C:\Users\tishy\Documents\Honors\SkinDisNet\Preprocessed\Contact Dermatitis (CD)\CD (218).jpg,Other,0.62921142578125,
SkinDisNet,C:\Users\tishy\Documents\Honors\SkinDisNet\Preprocessed\Contact Dermatitis (CD)\CD (219).jpg,Other,0.77398681640625,
SkinDisNet,C:\Users\tishy\Documents\Honors\SkinDisNet\Preprocessed\Contact Dermatitis (CD)\CD (22).jpg,Other,1.0,
SkinDisNet,C:\Users\tishy\Documents\Honors\SkinDisNet\Preprocessed\Contact Dermatitis (CD)\CD (220).jpg,Other,0.90606689453125,
SkinDisNet,C:\Users\tishy\Documents\Honors\SkinDisNet\Preprocessed\Contact Dermatitis (CD)\CD (221).jpg,Other,0.653564453125,
SkinDisNet,C:\Users\tishy\Documents\Honors\SkinDisNet\Preprocessed\Contact Dermatitis (CD)\CD (222).jpg,Other,0.54364013671875,
SkinDisNet,C:\Users\tishy\Documents\Honors\SkinDisNet\Preprocessed\Contact Dermatitis (CD)\CD (223).jpg,Other,0.5224609375,
SkinDisNet,C:\Users\tishy\Documents\Honors\SkinDisNet\Preprocessed\Contact Dermatitis (CD)\CD (224).jpg,Other,0.38690185546875,
SkinDisNet,C:\Users\tishy\Documents\Honors\SkinDisNet\Preprocessed\Contact Dermatitis (CD)\CD (225).jpg,Other,0.30218505859375,
SkinDisNet,C:\Users\tishy\Documents\Honors\SkinDisNet\Preprocessed\Contact Dermatitis (CD)\CD (226).jpg,Other,0.85650634765625,
SkinDisNet,C:\Users\tishy\Documents\Honors\SkinDisNet\Preprocessed\Contact Dermatitis (CD)\CD (227).jpg,Other,0.92132568359375,
SkinDisNet,C:\Users\tishy\Documents\Honors\SkinDisNet\Preprocessed\Contact Dermatitis (CD)\CD (228).jpg,Other,0.3721923828125,
SkinDisNet,C:\Users\tishy\Documents\Honors\SkinDisNet\Preprocessed\Contact Dermatitis (CD)\CD (229).jpg,Other,0.7396240234375,
SkinDisNet,C:\Users\tishy\Documents\Honors\SkinDisNet\Preprocessed\Contact Dermatitis (CD)\CD (23).jpg,Other,0.96795654296875,
SkinDisNet,C:\Users\tishy\Documents\Honors\SkinDisNet\Preprocessed\Contact Dermatitis (CD)\CD (230).jpg,Other,0.711181640625,
SkinDisNet,C:\Users\tishy\Documents\Honors\SkinDisNet\Preprocessed\Contact Dermatitis (CD)\CD (231).jpg,Other,0.66729736328125,
SkinDisNet,C:\Users\tishy\Documents\Honors\SkinDisNet\Preprocessed\Contact Dermatitis (CD)\CD (232).jpg,Other,0.58319091796875,
SkinDisNet,C:\Users\tishy\Documents\Honors\SkinDisNet\Preprocessed\Contact Dermatitis (CD)\CD (233).jpg,Other,0.5936279296875,
SkinDisNet,C:\Users\tishy\Documents\Honors\SkinDisNet\Preprocessed\Contact Dermatitis (CD)\CD (234).jpg,Other,0.56512451171875,
SkinDisNet,C:\Users\tishy\Documents\Honors\SkinDisNet\Preprocessed\Contact Dermatitis (CD)\CD (235).jpg,Other,0.6822509765625,
SkinDisNet,C:\Users\tishy\Documents\Honors\SkinDisNet\Preprocessed\Contact Dermatitis (CD)\CD (236).jpg,Other,0.60186767578125,
SkinDisNet,C:\Users\tishy\Documents\Honors\SkinDisNet\Preprocessed\Contact Dermatitis (CD)\CD (237).jpg,Other,0.55938720703125,
SkinDisNet,C:\Users\tishy\Documents\Honors\SkinDisNet\Preprocessed\Contact Dermatitis (CD)\CD (238).jpg,Other,0.99981689453125,
SkinDisNet,C:\Users\tishy\Documents\Honors\SkinDisNet\Preprocessed\Contact Dermatitis (CD)\CD (239).jpg,Other,0.27490234375,
SkinDisNet,C:\Users\tishy\Documents\Honors\SkinDisNet\Preprocessed\Contact Dermatitis (CD)\CD (24).jpg,Other,0.9981689453125,
SkinDisNet,C:\Users\tishy\Documents\Honors\SkinDisNet\Preprocessed\Contact Dermatitis (CD)\CD (240).jpg,Other,0.36505126953125,
SkinDisNet,C:\Users\tishy\Documents\Honors\SkinDisNet\Preprocessed\Contact Dermatitis (CD)\CD (241).jpg,Other,0.30267333984375,
SkinDisNet,C:\Users\tishy\Documents\Honors\SkinDisNet\Preprocessed\Contact Dermatitis (CD)\CD (242).jpg,Other,0.47137451171875,
SkinDisNet,C:\Users\tishy\Documents\Honors\SkinDisNet\Preprocessed\Contact Dermatitis (CD)\CD (243).jpg,Other,0.68902587890625,
SkinDisNet,C:\Users\tishy\Documents\Honors\SkinDisNet\Preprocessed\Contact Dermatitis (CD)\CD (244).jpg,Other,0.5872802734375,
SkinDisNet,C:\Users\tishy\Documents\Honors\SkinDisNet\Preprocessed\Contact Dermatitis (CD)\CD (245).jpg,Other,0.66937255859375,
SkinDisNet,C:\Users\tishy\Documents\Honors\SkinDisNet\Preprocessed\Contact Dermatitis (CD)\CD (246).jpg,Other,0.6895751953125,
SkinDisNet,C:\Users\tishy\Documents\Honors\SkinDisNet\Preprocessed\Contact Dermatitis (CD)\CD (247).jpg,Other,0.4708251953125,
SkinDisNet,C:\Users\tishy\Documents\Honors\SkinDisNet\Preprocessed\Contact Dermatitis (CD)\CD (248).jpg,Other,0.494140625,
SkinDisNet,C:\Users\tishy\Documents\Honors\SkinDisNet\Preprocessed\Contact Dermatitis (CD)\CD (249).jpg,Other,0.503662109375,
SkinDisNet,C:\Users\tishy\Documents\Honors\SkinDisNet\Preprocessed\Contact Dermatitis (CD)\CD (25).jpg,Other,0.62652587890625,
SkinDisNet,C:\Users\tishy\Documents\Honors\SkinDisNet\Preprocessed\Contact Dermatitis (CD)\CD (250).jpg,Other,0.91387939453125,
SkinDisNet,C:\Users\tishy\Documents\Honors\SkinDisNet\Preprocessed\Contact Dermatitis (CD)\CD (251).jpg,Other,0.84124755859375,
SkinDisNet,C:\Users\tishy\Documents\Honors\SkinDisNet\Preprocessed\Contact Dermatitis (CD)\CD (252).jpg,Other,0.8179931640625,
SkinDisNet,C:\Users\tishy\Documents\Honors\SkinDisNet\Preprocessed\Contact Dermatitis (CD)\CD (253).jpg,Other,0.5433349609375,
SkinDisNet,C:\Users\tishy\Documents\Honors\SkinDisNet\Preprocessed\Contact Dermatitis (CD)\CD (254).jpg,Other,0.51434326171875,
SkinDisNet,C:\Users\tishy\Documents\Honors\SkinDisNet\Preprocessed\Contact Dermatitis (CD)\CD (255).jpg,Other,0.9110107421875,
SkinDisNet,C:\Users\tishy\Documents\Honors\SkinDisNet\Preprocessed\Contact Dermatitis (CD)\CD (256).jpg,Other,0.88079833984375,
SkinDisNet,C:\Users\tishy\Documents\Honors\SkinDisNet\Preprocessed\Contact Dermatitis (CD)\CD (257).jpg,Other,0.55035400390625,
SkinDisNet,C:\Users\tishy\Documents\Honors\SkinDisNet\Preprocessed\Contact Dermatitis (CD)\CD (258).jpg,Other,0.4072265625,
SkinDisNet,C:\Users\tishy\Documents\Honors\SkinDisNet\Preprocessed\Contact Dermatitis (CD)\CD (259).jpg,Other,0.41522216796875,
SkinDisNet,C:\Users\tishy\Documents\Honors\SkinDisNet\Preprocessed\Contact Dermatitis (CD)\CD (26).jpg,Other,0.6591796875,
SkinDisNet,C:\Users\tishy\Documents\Honors\SkinDisNet\Preprocessed\Contact Dermatitis (CD)\CD (260).jpg,Other,0.32708740234375,
SkinDisNet,C:\Users\tishy\Documents\Honors\SkinDisNet\Preprocessed\Contact Dermatitis (CD)\CD (261).jpg,Other,0.30816650390625,
SkinDisNet,C:\Users\tishy\Documents\Honors\SkinDisNet\Preprocessed\Contact Dermatitis (CD)\CD (262).jpg,Other,0.3294677734375,
SkinDisNet,C:\Users\tishy\Documents\Honors\SkinDisNet\Preprocessed\Contact Dermatitis (CD)\CD (263).jpg,Other,0.176025390625,
SkinDisNet,C:\Users\tishy\Documents\Honors\SkinDisNet\Preprocessed\Contact Dermatitis (CD)\CD (264).jpg,Other,0.391845703125,
SkinDisNet,C:\Users\tishy\Documents\Honors\SkinDisNet\Preprocessed\Contact Dermatitis (CD)\CD (265).jpg,Other,0.38421630859375,
SkinDisNet,C:\Users\tishy\Documents\Honors\SkinDisNet\Preprocessed\Contact Dermatitis (CD)\CD (266).jpg,Other,0.3067626953125,
SkinDisNet,C:\Users\tishy\Documents\Honors\SkinDisNet\Preprocessed\Contact Dermatitis (CD)\CD (267).jpg,Other,0.4185791015625,
SkinDisNet,C:\Users\tishy\Documents\Honors\SkinDisNet\Preprocessed\Contact Dermatitis (CD)\CD (268).jpg,Other,0.30145263671875,
SkinDisNet,C:\Users\tishy\Documents\Honors\SkinDisNet\Preprocessed\Contact Dermatitis (CD)\CD (269).jpg,Other,0.2889404296875,
SkinDisNet,C:\Users\tishy\Documents\Honors\SkinDisNet\Preprocessed\Contact Dermatitis (CD)\CD (27).jpg,Other,0.608154296875,
SkinDisNet,C:\Users\tishy\Documents\Honors\SkinDisNet\Preprocessed\Contact Dermatitis (CD)\CD (270).jpg,Other,0.30706787109375,
SkinDisNet,C:\Users\tishy\Documents\Honors\SkinDisNet\Preprocessed\Contact Dermatitis (CD)\CD (271).jpg,Other,0.6925048828125,
SkinDisNet,C:\Users\tishy\Documents\Honors\SkinDisNet\Preprocessed\Contact Dermatitis (CD)\CD (272).jpg,Other,0.650146484375,
SkinDisNet,C:\Users\tishy\Documents\Honors\SkinDisNet\Preprocessed\Contact Dermatitis (CD)\CD (273).jpg,Other,0.58941650390625,
SkinDisNet,C:\Users\tishy\Documents\Honors\SkinDisNet\Preprocessed\Contact Dermatitis (CD)\CD (274).jpg,Other,0.87957763671875,
SkinDisNet,C:\Users\tishy\Documents\Honors\SkinDisNet\Preprocessed\Contact Dermatitis (CD)\CD (275).jpg,Other,0.96234130859375,
SkinDisNet,C:\Users\tishy\Documents\Honors\SkinDisNet\Preprocessed\Contact Dermatitis (CD)\CD (276).jpg,Other,0.947265625,
SkinDisNet,C:\Users\tishy\Documents\Honors\SkinDisNet\Preprocessed\Contact Dermatitis (CD)\CD (277).jpg,Other,0.9625244140625,
SkinDisNet,C:\Users\tishy\Documents\Honors\SkinDisNet\Preprocessed\Contact Dermatitis (CD)\CD (278).jpg,Other,0.9798583984375,
SkinDisNet,C:\Users\tishy\Documents\Honors\SkinDisNet\Preprocessed\Contact Dermatitis (CD)\CD (279).jpg,Other,0.97406005859375,
SkinDisNet,C:\Users\tishy\Documents\Honors\SkinDisNet\Preprocessed\Contact Dermatitis (CD)\CD (28).jpg,Other,0.477294921875,
SkinDisNet,C:\Users\tishy\Documents\Honors\SkinDisNet\Preprocessed\Contact Dermatitis (CD)\CD (280).jpg,Other,0.99993896484375,
SkinDisNet,C:\Users\tishy\Documents\Honors\SkinDisNet\Preprocessed\Contact Dermatitis (CD)\CD (281).jpg,Other,0.9921875,
SkinDisNet,C:\Users\tishy\Documents\Honors\SkinDisNet\Preprocessed\Contact Dermatitis (CD)\CD (282).jpg,Other,0.9869384765625,
SkinDisNet,C:\Users\tishy\Documents\Honors\SkinDisNet\Preprocessed\Contact Dermatitis (CD)\CD (283).jpg,Other,0.99859619140625,
SkinDisNet,C:\Users\tishy\Documents\Honors\SkinDisNet\Preprocessed\Contact Dermatitis (CD)\CD (284).jpg,Other,0.99920654296875,
SkinDisNet,C:\Users\tishy\Documents\Honors\SkinDisNet\Preprocessed\Contact Dermatitis (CD)\CD (285).jpg,Other,0.98486328125,
SkinDisNet,C:\Users\tishy\Documents\Honors\SkinDisNet\Preprocessed\Contact Dermatitis (CD)\CD (286).jpg,Other,0.87347412109375,
SkinDisNet,C:\Users\tishy\Documents\Honors\SkinDisNet\Preprocessed\Contact Dermatitis (CD)\CD (287).jpg,Other,0.94415283203125,
SkinDisNet,C:\Users\tishy\Documents\Honors\SkinDisNet\Preprocessed\Contact Dermatitis (CD)\CD (288).jpg,Other,0.9935302734375,
SkinDisNet,C:\Users\tishy\Documents\Honors\SkinDisNet\Preprocessed\Contact Dermatitis (CD)\CD (289).jpg,Other,0.5111083984375,
SkinDisNet,C:\Users\tishy\Documents\Honors\SkinDisNet\Preprocessed\Contact Dermatitis (CD)\CD (29).jpg,Other,0.60418701171875,
SkinDisNet,C:\Users\tishy\Documents\Honors\SkinDisNet\Preprocessed\Contact Dermatitis (CD)\CD (290).jpg,Other,0.98974609375,
SkinDisNet,C:\Users\tishy\Documents\Honors\SkinDisNet\Preprocessed\Contact Dermatitis (CD)\CD (291).jpg,Other,0.99322509765625,
SkinDisNet,C:\Users\tishy\Documents\Honors\SkinDisNet\Preprocessed\Contact Dermatitis (CD)\CD (292).jpg,Other,0.9927978515625,
SkinDisNet,C:\Users\tishy\Documents\Honors\SkinDisNet\Preprocessed\Contact Dermatitis (CD)\CD (293).jpg,Other,0.792724609375,
SkinDisNet,C:\Users\tishy\Documents\Honors\SkinDisNet\Preprocessed\Contact Dermatitis (CD)\CD (294).jpg,Other,0.7294921875,
SkinDisNet,C:\Users\tishy\Documents\Honors\SkinDisNet\Preprocessed\Contact Dermatitis (CD)\CD (295).jpg,Other,0.84423828125,
SkinDisNet,C:\Users\tishy\Documents\Honors\SkinDisNet\Preprocessed\Contact Dermatitis (CD)\CD (296).jpg,Other,0.75714111328125,
SkinDisNet,C:\Users\tishy\Documents\Honors\SkinDisNet\Preprocessed\Contact Dermatitis (CD)\CD (297).jpg,Other,0.915771484375,
SkinDisNet,C:\Users\tishy\Documents\Honors\SkinDisNet\Preprocessed\Contact Dermatitis (CD)\CD (298).jpg,Other,0.819091796875,
SkinDisNet,C:\Users\tishy\Documents\Honors\SkinDisNet\Preprocessed\Contact Dermatitis (CD)\CD (299).jpg,Other,0.6090087890625,
SkinDisNet,C:\Users\tishy\Documents\Honors\SkinDisNet\Preprocessed\Contact Dermatitis (CD)\CD (3).jpg,Other,0.528076171875,
SkinDisNet,C:\Users\tishy\Documents\Honors\SkinDisNet\Preprocessed\Contact Dermatitis (CD)\CD (30).jpg,Other,0.58392333984375,
SkinDisNet,C:\Users\tishy\Documents\Honors\SkinDisNet\Preprocessed\Contact Dermatitis (CD)\CD (300).jpg,Other,0.999755859375,
SkinDisNet,C:\Users\tishy\Documents\Honors\SkinDisNet\Preprocessed\Contact Dermatitis (CD)\CD (301).jpg,Other,1.0,
SkinDisNet,C:\Users\tishy\Documents\Honors\SkinDisNet\Preprocessed\Contact Dermatitis (CD)\CD (302).jpg,Other,0.9996337890625,
SkinDisNet,C:\Users\tishy\Documents\Honors\SkinDisNet\Preprocessed\Contact Dermatitis (CD)\CD (303).jpg,Other,1.0,
SkinDisNet,C:\Users\tishy\Documents\Honors\SkinDisNet\Preprocessed\Contact Dermatitis (CD)\CD (304).jpg,Other,1.0,
SkinDisNet,C:\Users\tishy\Documents\Honors\SkinDisNet\Preprocessed\Contact Dermatitis (CD)\CD (305).jpg,Other,0.99932861328125,
SkinDisNet,C:\Users\tishy\Documents\Honors\SkinDisNet\Preprocessed\Contact Dermatitis (CD)\CD (306).jpg,Other,0.99932861328125,
SkinDisNet,C:\Users\tishy\Documents\Honors\SkinDisNet\Preprocessed\Contact Dermatitis (CD)\CD (307).jpg,Other,0.9993896484375,
SkinDisNet,C:\Users\tishy\Documents\Honors\SkinDisNet\Preprocessed\Contact Dermatitis (CD)\CD (308).jpg,Other,0.90118408203125,
SkinDisNet,C:\Users\tishy\Documents\Honors\SkinDisNet\Preprocessed\Contact Dermatitis (CD)\CD (309).jpg,Other,0.74017333984375,
SkinDisNet,C:\Users\tishy\Documents\Honors\SkinDisNet\Preprocessed\Contact Dermatitis (CD)\CD (31).jpg,Other,0.50946044921875,
SkinDisNet,C:\Users\tishy\Documents\Honors\SkinDisNet\Preprocessed\Contact Dermatitis (CD)\CD (310).jpg,Other,0.7567138671875,
SkinDisNet,C:\Users\tishy\Documents\Honors\SkinDisNet\Preprocessed\Contact Dermatitis (CD)\CD (311).jpg,Other,0.71466064453125,
SkinDisNet,C:\Users\tishy\Documents\Honors\SkinDisNet\Preprocessed\Contact Dermatitis (CD)\CD (312).jpg,Other,0.90533447265625,
SkinDisNet,C:\Users\tishy\Documents\Honors\SkinDisNet\Preprocessed\Contact Dermatitis (CD)\CD (313).jpg,Other,0.94854736328125,
SkinDisNet,C:\Users\tishy\Documents\Honors\SkinDisNet\Preprocessed\Contact Dermatitis (CD)\CD (314).jpg,Other,0.8387451171875,
SkinDisNet,C:\Users\tishy\Documents\Honors\SkinDisNet\Preprocessed\Contact Dermatitis (CD)\CD (315).jpg,Other,0.87847900390625,
SkinDisNet,C:\Users\tishy\Documents\Honors\SkinDisNet\Preprocessed\Contact Dermatitis (CD)\CD (316).jpg,Other,0.91229248046875,
SkinDisNet,C:\Users\tishy\Documents\Honors\SkinDisNet\Preprocessed\Contact Dermatitis (CD)\CD (317).jpg,Other,0.95452880859375,
SkinDisNet,C:\Users\tishy\Documents\Honors\SkinDisNet\Preprocessed\Contact Dermatitis (CD)\CD (318).jpg,Other,0.977783203125,
SkinDisNet,C:\Users\tishy\Documents\Honors\SkinDisNet\Preprocessed\Contact Dermatitis (CD)\CD (319).jpg,Other,1.0,
SkinDisNet,C:\Users\tishy\Documents\Honors\SkinDisNet\Preprocessed\Contact Dermatitis (CD)\CD (32).jpg,Other,0.60760498046875,
SkinDisNet,C:\Users\tishy\Documents\Honors\SkinDisNet\Preprocessed\Contact Dermatitis (CD)\CD (320).jpg,Other,0.682861328125,
SkinDisNet,C:\Users\tishy\Documents\Honors\SkinDisNet\Preprocessed\Contact Dermatitis (CD)\CD (321).jpg,Other,0.72357177734375,
SkinDisNet,C:\Users\tishy\Documents\Honors\SkinDisNet\Preprocessed\Contact Dermatitis (CD)\CD (322).jpg,Other,0.69683837890625,
SkinDisNet,C:\Users\tishy\Documents\Honors\SkinDisNet\Preprocessed\Contact Dermatitis (CD)\CD (323).jpg,Other,0.64599609375,
SkinDisNet,C:\Users\tishy\Documents\Honors\SkinDisNet\Preprocessed\Contact Dermatitis (CD)\CD (324).jpg,Other,0.565185546875,
SkinDisNet,C:\Users\tishy\Documents\Honors\SkinDisNet\Preprocessed\Contact Dermatitis (CD)\CD (325).jpg,Other,0.512451171875,
SkinDisNet,C:\Users\tishy\Documents\Honors\SkinDisNet\Preprocessed\Contact Dermatitis (CD)\CD (326).jpg,Other,1.0,
SkinDisNet,C:\Users\tishy\Documents\Honors\SkinDisNet\Preprocessed\Contact Dermatitis (CD)\CD (327).jpg,Other,1.0,
SkinDisNet,C:\Users\tishy\Documents\Honors\SkinDisNet\Preprocessed\Contact Dermatitis (CD)\CD (328).jpg,Other,0.998779296875,
SkinDisNet,C:\Users\tishy\Documents\Honors\SkinDisNet\Preprocessed\Contact Dermatitis (CD)\CD (329).jpg,Other,1.0,
SkinDisNet,C:\Users\tishy\Documents\Honors\SkinDisNet\Preprocessed\Contact Dermatitis (CD)\CD (33).jpg,Other,0.78045654296875,
SkinDisNet,C:\Users\tishy\Documents\Honors\SkinDisNet\Preprocessed\Contact Dermatitis (CD)\CD (330).jpg,Other,0.89263916015625,
SkinDisNet,C:\Users\tishy\Documents\Honors\SkinDisNet\Preprocessed\Contact Dermatitis (CD)\CD (331).jpg,Other,0.9842529296875,
SkinDisNet,C:\Users\tishy\Documents\Honors\SkinDisNet\Preprocessed\Contact Dermatitis (CD)\CD (332).jpg,Other,0.83349609375,
SkinDisNet,C:\Users\tishy\Documents\Honors\SkinDisNet\Preprocessed\Contact Dermatitis (CD)\CD (333).jpg,Other,0.65460205078125,
SkinDisNet,C:\Users\tishy\Documents\Honors\SkinDisNet\Preprocessed\Contact Dermatitis (CD)\CD (334).jpg,Other,1.0,
SkinDisNet,C:\Users\tishy\Documents\Honors\SkinDisNet\Preprocessed\Contact Dermatitis (CD)\CD (335).jpg,Other,1.0,
SkinDisNet,C:\Users\tishy\Documents\Honors\SkinDisNet\Preprocessed\Contact Dermatitis (CD)\CD (336).jpg,Other,1.0,
SkinDisNet,C:\Users\tishy\Documents\Honors\SkinDisNet\Preprocessed\Contact Dermatitis (CD)\CD (337).jpg,Other,0.7049560546875,
SkinDisNet,C:\Users\tishy\Documents\Honors\SkinDisNet\Preprocessed\Contact Dermatitis (CD)\CD (338).jpg,Other,0.71832275390625,
SkinDisNet,C:\Users\tishy\Documents\Honors\SkinDisNet\Preprocessed\Contact Dermatitis (CD)\CD (339).jpg,Other,0.71771240234375,
SkinDisNet,C:\Users\tishy\Documents\Honors\SkinDisNet\Preprocessed\Contact Dermatitis (CD)\CD (34).jpg,Other,1.0,
SkinDisNet,C:\Users\tishy\Documents\Honors\SkinDisNet\Preprocessed\Contact Dermatitis (CD)\CD (340).jpg,Other,0.8426513671875,
SkinDisNet,C:\Users\tishy\Documents\Honors\SkinDisNet\Preprocessed\Contact Dermatitis (CD)\CD (341).jpg,Other,0.7513427734375,
SkinDisNet,C:\Users\tishy\Documents\Honors\SkinDisNet\Preprocessed\Contact Dermatitis (CD)\CD (342).jpg,Other,1.0,
SkinDisNet,C:\Users\tishy\Documents\Honors\SkinDisNet\Preprocessed\Contact Dermatitis (CD)\CD (343).jpg,Other,1.0,
SkinDisNet,C:\Users\tishy\Documents\Honors\SkinDisNet\Preprocessed\Contact Dermatitis (CD)\CD (344).jpg,Other,0.69549560546875,
SkinDisNet,C:\Users\tishy\Documents\Honors\SkinDisNet\Preprocessed\Contact Dermatitis (CD)\CD (345).jpg,Other,0.65985107421875,
SkinDisNet,C:\Users\tishy\Documents\Honors\SkinDisNet\Preprocessed\Contact Dermatitis (CD)\CD (346).jpg,Other,0.36102294921875,
SkinDisNet,C:\Users\tishy\Documents\Honors\SkinDisNet\Preprocessed\Contact Dermatitis (CD)\CD (347).jpg,Other,0.466552734375,
SkinDisNet,C:\Users\tishy\Documents\Honors\SkinDisNet\Preprocessed\Contact Dermatitis (CD)\CD (348).jpg,Other,0.96661376953125,
SkinDisNet,C:\Users\tishy\Documents\Honors\SkinDisNet\Preprocessed\Contact Dermatitis (CD)\CD (349).jpg,Other,0.96630859375,
SkinDisNet,C:\Users\tishy\Documents\Honors\SkinDisNet\Preprocessed\Contact Dermatitis (CD)\CD (35).jpg,Other,0.99957275390625,
SkinDisNet,C:\Users\tishy\Documents\Honors\SkinDisNet\Preprocessed\Contact Dermatitis (CD)\CD (350).jpg,Other,0.96954345703125,
SkinDisNet,C:\Users\tishy\Documents\Honors\SkinDisNet\Preprocessed\Contact Dermatitis (CD)\CD (351).jpg,Other,0.95440673828125,
SkinDisNet,C:\Users\tishy\Documents\Honors\SkinDisNet\Preprocessed\Contact Dermatitis (CD)\CD (352).jpg,Other,0.9892578125,
SkinDisNet,C:\Users\tishy\Documents\Honors\SkinDisNet\Preprocessed\Contact Dermatitis (CD)\CD (353).jpg,Other,0.99267578125,
SkinDisNet,C:\Users\tishy\Documents\Honors\SkinDisNet\Preprocessed\Contact Dermatitis (CD)\CD (354).jpg,Other,0.13916015625,
SkinDisNet,C:\Users\tishy\Documents\Honors\SkinDisNet\Preprocessed\Contact Dermatitis (CD)\CD (355).jpg,Other,0.14984130859375,
SkinDisNet,C:\Users\tishy\Documents\Honors\SkinDisNet\Preprocessed\Contact Dermatitis (CD)\CD (356).jpg,Other,0.2271728515625,
SkinDisNet,C:\Users\tishy\Documents\Honors\SkinDisNet\Preprocessed\Contact Dermatitis (CD)\CD (357).jpg,Other,0.63507080078125,
SkinDisNet,C:\Users\tishy\Documents\Honors\SkinDisNet\Preprocessed\Contact Dermatitis (CD)\CD (358).jpg,Other,0.6055908203125,
SkinDisNet,C:\Users\tishy\Documents\Honors\SkinDisNet\Preprocessed\Contact Dermatitis (CD)\CD (359).jpg,Other,0.98773193359375,
SkinDisNet,C:\Users\tishy\Documents\Honors\SkinDisNet\Preprocessed\Contact Dermatitis (CD)\CD (36).jpg,Other,1.0,
SkinDisNet,C:\Users\tishy\Documents\Honors\SkinDisNet\Preprocessed\Contact Dermatitis (CD)\CD (360).jpg,Other,0.9530029296875,
SkinDisNet,C:\Users\tishy\Documents\Honors\SkinDisNet\Preprocessed\Contact Dermatitis (CD)\CD (361).jpg,Other,1.0,
SkinDisNet,C:\Users\tishy\Documents\Honors\SkinDisNet\Preprocessed\Contact Dermatitis (CD)\CD (362).jpg,Other,1.0,
SkinDisNet,C:\Users\tishy\Documents\Honors\SkinDisNet\Preprocessed\Contact Dermatitis (CD)\CD (363).jpg,Other,0.99951171875,
SkinDisNet,C:\Users\tishy\Documents\Honors\SkinDisNet\Preprocessed\Contact Dermatitis (CD)\CD (364).jpg,Other,1.0,
SkinDisNet,C:\Users\tishy\Documents\Honors\SkinDisNet\Preprocessed\Contact Dermatitis (CD)\CD (365).jpg,Other,1.0,
SkinDisNet,C:\Users\tishy\Documents\Honors\SkinDisNet\Preprocessed\Contact Dermatitis (CD)\CD (366).jpg,Other,1.0,
SkinDisNet,C:\Users\tishy\Documents\Honors\SkinDisNet\Preprocessed\Contact Dermatitis (CD)\CD (367).jpg,Other,0.95062255859375,
SkinDisNet,C:\Users\tishy\Documents\Honors\SkinDisNet\Preprocessed\Contact Dermatitis (CD)\CD (368).jpg,Other,1.0,
SkinDisNet,C:\Users\tishy\Documents\Honors\SkinDisNet\Preprocessed\Contact Dermatitis (CD)\CD (369).jpg,Other,0.987060546875,
SkinDisNet,C:\Users\tishy\Documents\Honors\SkinDisNet\Preprocessed\Contact Dermatitis (CD)\CD (37).jpg,Other,0.71490478515625,
SkinDisNet,C:\Users\tishy\Documents\Honors\SkinDisNet\Preprocessed\Contact Dermatitis (CD)\CD (370).jpg,Other,0.9500732421875,
SkinDisNet,C:\Users\tishy\Documents\Honors\SkinDisNet\Preprocessed\Contact Dermatitis (CD)\CD (371).jpg,Other,0.961181640625,
SkinDisNet,C:\Users\tishy\Documents\Honors\SkinDisNet\Preprocessed\Contact Dermatitis (CD)\CD (372).jpg,Other,0.9532470703125,
SkinDisNet,C:\Users\tishy\Documents\Honors\SkinDisNet\Preprocessed\Contact Dermatitis (CD)\CD (373).jpg,Other,0.9176025390625,
SkinDisNet,C:\Users\tishy\Documents\Honors\SkinDisNet\Preprocessed\Contact Dermatitis (CD)\CD (374).jpg,Other,0.96246337890625,
SkinDisNet,C:\Users\tishy\Documents\Honors\SkinDisNet\Preprocessed\Contact Dermatitis (CD)\CD (375).jpg,Other,0.888427734375,
SkinDisNet,C:\Users\tishy\Documents\Honors\SkinDisNet\Preprocessed\Contact Dermatitis (CD)\CD (376).jpg,Other,0.52801513671875,
SkinDisNet,C:\Users\tishy\Documents\Honors\SkinDisNet\Preprocessed\Contact Dermatitis (CD)\CD (377).jpg,Other,0.63629150390625,
SkinDisNet,C:\Users\tishy\Documents\Honors\SkinDisNet\Preprocessed\Contact Dermatitis (CD)\CD (378).jpg,Other,0.41925048828125,
SkinDisNet,C:\Users\tishy\Documents\Honors\SkinDisNet\Preprocessed\Contact Dermatitis (CD)\CD (379).jpg,Other,0.5400390625,
SkinDisNet,C:\Users\tishy\Documents\Honors\SkinDisNet\Preprocessed\Contact Dermatitis (CD)\CD (38).jpg,Other,0.48223876953125,
SkinDisNet,C:\Users\tishy\Documents\Honors\SkinDisNet\Preprocessed\Contact Dermatitis (CD)\CD (380).jpg,Other,0.35504150390625,
SkinDisNet,C:\Users\tishy\Documents\Honors\SkinDisNet\Preprocessed\Contact Dermatitis (CD)\CD (381).jpg,Other,0.35650634765625,
SkinDisNet,C:\Users\tishy\Documents\Honors\SkinDisNet\Preprocessed\Contact Dermatitis (CD)\CD (382).jpg,Other,0.5601806640625,
SkinDisNet,C:\Users\tishy\Documents\Honors\SkinDisNet\Preprocessed\Contact Dermatitis (CD)\CD (383).jpg,Other,0.51031494140625,
SkinDisNet,C:\Users\tishy\Documents\Honors\SkinDisNet\Preprocessed\Contact Dermatitis (CD)\CD (384).jpg,Other,0.35247802734375,
SkinDisNet,C:\Users\tishy\Documents\Honors\SkinDisNet\Preprocessed\Contact Dermatitis (CD)\CD (385).jpg,Other,0.5147705078125,
SkinDisNet,C:\Users\tishy\Documents\Honors\SkinDisNet\Preprocessed\Contact Dermatitis (CD)\CD (386).jpg,Other,0.63641357421875,
SkinDisNet,C:\Users\tishy\Documents\Honors\SkinDisNet\Preprocessed\Contact Dermatitis (CD)\CD (387).jpg,Other,0.6966552734375,
SkinDisNet,C:\Users\tishy\Documents\Honors\SkinDisNet\Preprocessed\Contact Dermatitis (CD)\CD (388).jpg,Other,0.52044677734375,
SkinDisNet,C:\Users\tishy\Documents\Honors\SkinDisNet\Preprocessed\Contact Dermatitis (CD)\CD (389).jpg,Other,0.46563720703125,
SkinDisNet,C:\Users\tishy\Documents\Honors\SkinDisNet\Preprocessed\Contact Dermatitis (CD)\CD (39).jpg,Other,0.64996337890625,
SkinDisNet,C:\Users\tishy\Documents\Honors\SkinDisNet\Preprocessed\Contact Dermatitis (CD)\CD (390).jpg,Other,0.58477783203125,
SkinDisNet,C:\Users\tishy\Documents\Honors\SkinDisNet\Preprocessed\Contact Dermatitis (CD)\CD (391).jpg,Other,0.4876708984375,
SkinDisNet,C:\Users\tishy\Documents\Honors\SkinDisNet\Preprocessed\Contact Dermatitis (CD)\CD (392).jpg,Other,0.73626708984375,
SkinDisNet,C:\Users\tishy\Documents\Honors\SkinDisNet\Preprocessed\Contact Dermatitis (CD)\CD (393).jpg,Other,0.6163330078125,
SkinDisNet,C:\Users\tishy\Documents\Honors\SkinDisNet\Preprocessed\Contact Dermatitis (CD)\CD (394).jpg,Other,0.96978759765625,
SkinDisNet,C:\Users\tishy\Documents\Honors\SkinDisNet\Preprocessed\Contact Dermatitis (CD)\CD (395).jpg,Other,0.9383544921875,
SkinDisNet,C:\Users\tishy\Documents\Honors\SkinDisNet\Preprocessed\Contact Dermatitis (CD)\CD (396).jpg,Other,0.93310546875,
SkinDisNet,C:\Users\tishy\Documents\Honors\SkinDisNet\Preprocessed\Contact Dermatitis (CD)\CD (397).jpg,Other,0.8831787109375,
SkinDisNet,C:\Users\tishy\Documents\Honors\SkinDisNet\Preprocessed\Contact Dermatitis (CD)\CD (398).jpg,Other,0.8267822265625,
SkinDisNet,C:\Users\tishy\Documents\Honors\SkinDisNet\Preprocessed\Contact Dermatitis (CD)\CD (399).jpg,Other,0.93157958984375,
SkinDisNet,C:\Users\tishy\Documents\Honors\SkinDisNet\Preprocessed\Contact Dermatitis (CD)\CD (4).jpg,Other,0.56658935546875,
SkinDisNet,C:\Users\tishy\Documents\Honors\SkinDisNet\Preprocessed\Contact Dermatitis (CD)\CD (40).jpg,Other,0.52532958984375,
SkinDisNet,C:\Users\tishy\Documents\Honors\SkinDisNet\Preprocessed\Contact Dermatitis (CD)\CD (400).jpg,Other,0.96929931640625,
SkinDisNet,C:\Users\tishy\Documents\Honors\SkinDisNet\Preprocessed\Contact Dermatitis (CD)\CD (401).jpg,Other,0.9088134765625,
SkinDisNet,C:\Users\tishy\Documents\Honors\SkinDisNet\Preprocessed\Contact Dermatitis (CD)\CD (402).jpg,Other,0.879150390625,
SkinDisNet,C:\Users\tishy\Documents\Honors\SkinDisNet\Preprocessed\Contact Dermatitis (CD)\CD (403).jpg,Other,0.9998779296875,
SkinDisNet,C:\Users\tishy\Documents\Honors\SkinDisNet\Preprocessed\Contact Dermatitis (CD)\CD (404).jpg,Other,0.99853515625,
SkinDisNet,C:\Users\tishy\Documents\Honors\SkinDisNet\Preprocessed\Contact Dermatitis (CD)\CD (405).jpg,Other,0.98883056640625,
SkinDisNet,C:\Users\tishy\Documents\Honors\SkinDisNet\Preprocessed\Contact Dermatitis (CD)\CD (406).jpg,Other,0.82647705078125,
SkinDisNet,C:\Users\tishy\Documents\Honors\SkinDisNet\Preprocessed\Contact Dermatitis (CD)\CD (407).jpg,Other,0.7930908203125,
SkinDisNet,C:\Users\tishy\Documents\Honors\SkinDisNet\Preprocessed\Contact Dermatitis (CD)\CD (408).jpg,Other,0.69439697265625,
SkinDisNet,C:\Users\tishy\Documents\Honors\SkinDisNet\Preprocessed\Contact Dermatitis (CD)\CD (409).jpg,Other,0.9971923828125,
SkinDisNet,C:\Users\tishy\Documents\Honors\SkinDisNet\Preprocessed\Contact Dermatitis (CD)\CD (41).jpg,Other,0.91925048828125,
SkinDisNet,C:\Users\tishy\Documents\Honors\SkinDisNet\Preprocessed\Contact Dermatitis (CD)\CD (410).jpg,Other,0.5467529296875,
SkinDisNet,C:\Users\tishy\Documents\Honors\SkinDisNet\Preprocessed\Contact Dermatitis (CD)\CD (411).jpg,Other,0.99700927734375,
SkinDisNet,C:\Users\tishy\Documents\Honors\SkinDisNet\Preprocessed\Contact Dermatitis (CD)\CD (412).jpg,Other,0.20367431640625,
SkinDisNet,C:\Users\tishy\Documents\Honors\SkinDisNet\Preprocessed\Contact Dermatitis (CD)\CD (413).jpg,Other,0.98052978515625,
SkinDisNet,C:\Users\tishy\Documents\Honors\SkinDisNet\Preprocessed\Contact Dermatitis (CD)\CD (414).jpg,Other,0.134033203125,
SkinDisNet,C:\Users\tishy\Documents\Honors\SkinDisNet\Preprocessed\Contact Dermatitis (CD)\CD (415).jpg,Other,0.92132568359375,
SkinDisNet,C:\Users\tishy\Documents\Honors\SkinDisNet\Preprocessed\Contact Dermatitis (CD)\CD (416).jpg,Other,0.929443359375,
SkinDisNet,C:\Users\tishy\Documents\Honors\SkinDisNet\Preprocessed\Contact Dermatitis (CD)\CD (417).jpg,Other,0.9840087890625,
SkinDisNet,C:\Users\tishy\Documents\Honors\SkinDisNet\Preprocessed\Contact Dermatitis (CD)\CD (418).jpg,Other,0.99493408203125,
SkinDisNet,C:\Users\tishy\Documents\Honors\SkinDisNet\Preprocessed\Contact Dermatitis (CD)\CD (419).jpg,Other,0.98565673828125,
SkinDisNet,C:\Users\tishy\Documents\Honors\SkinDisNet\Preprocessed\Contact Dermatitis (CD)\CD (42).jpg,Other,0.94525146484375,
SkinDisNet,C:\Users\tishy\Documents\Honors\SkinDisNet\Preprocessed\Contact Dermatitis (CD)\CD (420).jpg,Other,0.13214111328125,
SkinDisNet,C:\Users\tishy\Documents\Honors\SkinDisNet\Preprocessed\Contact Dermatitis (CD)\CD (421).jpg,Other,0.948486328125,
SkinDisNet,C:\Users\tishy\Documents\Honors\SkinDisNet\Preprocessed\Contact Dermatitis (CD)\CD (422).jpg,Other,0.9947509765625,
SkinDisNet,C:\Users\tishy\Documents\Honors\SkinDisNet\Preprocessed\Contact Dermatitis (CD)\CD (423).jpg,Other,0.970947265625,
SkinDisNet,C:\Users\tishy\Documents\Honors\SkinDisNet\Preprocessed\Contact Dermatitis (CD)\CD (424).jpg,Other,0.9947509765625,
SkinDisNet,C:\Users\tishy\Documents\Honors\SkinDisNet\Preprocessed\Contact Dermatitis (CD)\CD (425).jpg,Other,0.95013427734375,
SkinDisNet,C:\Users\tishy\Documents\Honors\SkinDisNet\Preprocessed\Contact Dermatitis (CD)\CD (426).jpg,Other,0.97784423828125,
SkinDisNet,C:\Users\tishy\Documents\Honors\SkinDisNet\Preprocessed\Contact Dermatitis (CD)\CD (427).jpg,Other,0.9571533203125,
SkinDisNet,C:\Users\tishy\Documents\Honors\SkinDisNet\Preprocessed\Contact Dermatitis (CD)\CD (428).jpg,Other,1.0,
SkinDisNet,C:\Users\tishy\Documents\Honors\SkinDisNet\Preprocessed\Contact Dermatitis (CD)\CD (429).jpg,Other,0.9853515625,
SkinDisNet,C:\Users\tishy\Documents\Honors\SkinDisNet\Preprocessed\Contact Dermatitis (CD)\CD (43).jpg,Other,0.95513916015625,
SkinDisNet,C:\Users\tishy\Documents\Honors\SkinDisNet\Preprocessed\Contact Dermatitis (CD)\CD (430).jpg,Other,1.0,
SkinDisNet,C:\Users\tishy\Documents\Honors\SkinDisNet\Preprocessed\Contact Dermatitis (CD)\CD (431).jpg,Other,0.9796142578125,
SkinDisNet,C:\Users\tishy\Documents\Honors\SkinDisNet\Preprocessed\Contact Dermatitis (CD)\CD (432).jpg,Other,0.99969482421875,
SkinDisNet,C:\Users\tishy\Documents\Honors\SkinDisNet\Preprocessed\Contact Dermatitis (CD)\CD (433).jpg,Other,0.97210693359375,
SkinDisNet,C:\Users\tishy\Documents\Honors\SkinDisNet\Preprocessed\Contact Dermatitis (CD)\CD (434).jpg,Other,0.96697998046875,
SkinDisNet,C:\Users\tishy\Documents\Honors\SkinDisNet\Preprocessed\Contact Dermatitis (CD)\CD (435).jpg,Other,0.69476318359375,
SkinDisNet,C:\Users\tishy\Documents\Honors\SkinDisNet\Preprocessed\Contact Dermatitis (CD)\CD (436).jpg,Other,0.876220703125,
SkinDisNet,C:\Users\tishy\Documents\Honors\SkinDisNet\Preprocessed\Contact Dermatitis (CD)\CD (437).jpg,Other,0.570068359375,
SkinDisNet,C:\Users\tishy\Documents\Honors\SkinDisNet\Preprocessed\Contact Dermatitis (CD)\CD (438).jpg,Other,0.26025390625,
SkinDisNet,C:\Users\tishy\Documents\Honors\SkinDisNet\Preprocessed\Contact Dermatitis (CD)\CD (439).jpg,Other,0.29449462890625,
SkinDisNet,C:\Users\tishy\Documents\Honors\SkinDisNet\Preprocessed\Contact Dermatitis (CD)\CD (44).jpg,Other,0.78558349609375,
SkinDisNet,C:\Users\tishy\Documents\Honors\SkinDisNet\Preprocessed\Contact Dermatitis (CD)\CD (440).jpg,Other,0.67401123046875,
SkinDisNet,C:\Users\tishy\Documents\Honors\SkinDisNet\Preprocessed\Contact Dermatitis (CD)\CD (441).jpg,Other,0.28912353515625,
SkinDisNet,C:\Users\tishy\Documents\Honors\SkinDisNet\Preprocessed\Contact Dermatitis (CD)\CD (442).jpg,Other,0.36920166015625,
SkinDisNet,C:\Users\tishy\Documents\Honors\SkinDisNet\Preprocessed\Contact Dermatitis (CD)\CD (443).jpg,Other,0.489013671875,
SkinDisNet,C:\Users\tishy\Documents\Honors\SkinDisNet\Preprocessed\Contact Dermatitis (CD)\CD (444).jpg,Other,0.7890625,
SkinDisNet,C:\Users\tishy\Documents\Honors\SkinDisNet\Preprocessed\Contact Dermatitis (CD)\CD (445).jpg,Other,0.45703125,
SkinDisNet,C:\Users\tishy\Documents\Honors\SkinDisNet\Preprocessed\Contact Dermatitis (CD)\CD (446).jpg,Other,0.46051025390625,
SkinDisNet,C:\Users\tishy\Documents\Honors\SkinDisNet\Preprocessed\Contact Dermatitis (CD)\CD (447).jpg,Other,0.56036376953125,
SkinDisNet,C:\Users\tishy\Documents\Honors\SkinDisNet\Preprocessed\Contact Dermatitis (CD)\CD (448).jpg,Other,0.8970947265625,
SkinDisNet,C:\Users\tishy\Documents\Honors\SkinDisNet\Preprocessed\Contact Dermatitis (CD)\CD (449).jpg,Other,0.57073974609375,
SkinDisNet,C:\Users\tishy\Documents\Honors\SkinDisNet\Preprocessed\Contact Dermatitis (CD)\CD (45).jpg,Other,1.0,
SkinDisNet,C:\Users\tishy\Documents\Honors\SkinDisNet\Preprocessed\Contact Dermatitis (CD)\CD (450).jpg,Other,0.79339599609375,
SkinDisNet,C:\Users\tishy\Documents\Honors\SkinDisNet\Preprocessed\Contact Dermatitis (CD)\CD (451).jpg,Other,0.63494873046875,
SkinDisNet,C:\Users\tishy\Documents\Honors\SkinDisNet\Preprocessed\Contact Dermatitis (CD)\CD (452).jpg,Other,0.29669189453125,
SkinDisNet,C:\Users\tishy\Documents\Honors\SkinDisNet\Preprocessed\Contact Dermatitis (CD)\CD (453).jpg,Other,0.74761962890625,
SkinDisNet,C:\Users\tishy\Documents\Honors\SkinDisNet\Preprocessed\Contact Dermatitis (CD)\CD (454).jpg,Other,0.39495849609375,
SkinDisNet,C:\Users\tishy\Documents\Honors\SkinDisNet\Preprocessed\Contact Dermatitis (CD)\CD (455).jpg,Other,0.2138671875,
SkinDisNet,C:\Users\tishy\Documents\Honors\SkinDisNet\Preprocessed\Contact Dermatitis (CD)\CD (456).jpg,Other,0.207275390625,
SkinDisNet,C:\Users\tishy\Documents\Honors\SkinDisNet\Preprocessed\Contact Dermatitis (CD)\CD (457).jpg,Other,0.47943115234375,
SkinDisNet,C:\Users\tishy\Documents\Honors\SkinDisNet\Preprocessed\Contact Dermatitis (CD)\CD (458).jpg,Other,0.4127197265625,
SkinDisNet,C:\Users\tishy\Documents\Honors\SkinDisNet\Preprocessed\Contact Dermatitis (CD)\CD (459).jpg,Other,0.43011474609375,
SkinDisNet,C:\Users\tishy\Documents\Honors\SkinDisNet\Preprocessed\Contact Dermatitis (CD)\CD (46).jpg,Other,0.91888427734375,
SkinDisNet,C:\Users\tishy\Documents\Honors\SkinDisNet\Preprocessed\Contact Dermatitis (CD)\CD (460).jpg,Other,0.4703369140625,
SkinDisNet,C:\Users\tishy\Documents\Honors\SkinDisNet\Preprocessed\Contact Dermatitis (CD)\CD (461).jpg,Other,1.0,
SkinDisNet,C:\Users\tishy\Documents\Honors\SkinDisNet\Preprocessed\Contact Dermatitis (CD)\CD (462).jpg,Other,1.0,
SkinDisNet,C:\Users\tishy\Documents\Honors\SkinDisNet\Preprocessed\Contact Dermatitis (CD)\CD (463).jpg,Other,0.92864990234375,
SkinDisNet,C:\Users\tishy\Documents\Honors\SkinDisNet\Preprocessed\Contact Dermatitis (CD)\CD (464).jpg,Other,0.99224853515625,
SkinDisNet,C:\Users\tishy\Documents\Honors\SkinDisNet\Preprocessed\Contact Dermatitis (CD)\CD (465).jpg,Other,0.94207763671875,
SkinDisNet,C:\Users\tishy\Documents\Honors\SkinDisNet\Preprocessed\Contact Dermatitis (CD)\CD (466).jpg,Other,0.9500732421875,
SkinDisNet,C:\Users\tishy\Documents\Honors\SkinDisNet\Preprocessed\Contact Dermatitis (CD)\CD (467).jpg,Other,0.99285888671875,
SkinDisNet,C:\Users\tishy\Documents\Honors\SkinDisNet\Preprocessed\Contact Dermatitis (CD)\CD (468).jpg,Other,0.97296142578125,
SkinDisNet,C:\Users\tishy\Documents\Honors\SkinDisNet\Preprocessed\Contact Dermatitis (CD)\CD (469).jpg,Other,0.8408203125,
SkinDisNet,C:\Users\tishy\Documents\Honors\SkinDisNet\Preprocessed\Contact Dermatitis (CD)\CD (47).jpg,Other,0.876708984375,
SkinDisNet,C:\Users\tishy\Documents\Honors\SkinDisNet\Preprocessed\Contact Dermatitis (CD)\CD (470).jpg,Other,0.98297119140625,
SkinDisNet,C:\Users\tishy\Documents\Honors\SkinDisNet\Preprocessed\Contact Dermatitis (CD)\CD (471).jpg,Other,0.903076171875,
SkinDisNet,C:\Users\tishy\Documents\Honors\SkinDisNet\Preprocessed\Contact Dermatitis (CD)\CD (472).jpg,Other,0.62725830078125,
SkinDisNet,C:\Users\tishy\Documents\Honors\SkinDisNet\Preprocessed\Contact Dermatitis (CD)\CD (473).jpg,Other,0.677001953125,
SkinDisNet,C:\Users\tishy\Documents\Honors\SkinDisNet\Preprocessed\Contact Dermatitis (CD)\CD (474).jpg,Other,0.55126953125,
SkinDisNet,C:\Users\tishy\Documents\Honors\SkinDisNet\Preprocessed\Contact Dermatitis (CD)\CD (475).jpg,Other,0.6474609375,
SkinDisNet,C:\Users\tishy\Documents\Honors\SkinDisNet\Preprocessed\Contact Dermatitis (CD)\CD (476).jpg,Other,0.541259765625,
SkinDisNet,C:\Users\tishy\Documents\Honors\SkinDisNet\Preprocessed\Contact Dermatitis (CD)\CD (477).jpg,Other,0.52850341796875,
SkinDisNet,C:\Users\tishy\Documents\Honors\SkinDisNet\Preprocessed\Contact Dermatitis (CD)\CD (48).jpg,Other,0.77789306640625,
SkinDisNet,C:\Users\tishy\Documents\Honors\SkinDisNet\Preprocessed\Contact Dermatitis (CD)\CD (49).jpg,Other,0.96502685546875,
SkinDisNet,C:\Users\tishy\Documents\Honors\SkinDisNet\Preprocessed\Contact Dermatitis (CD)\CD (5).jpg,Other,0.664794921875,
SkinDisNet,C:\Users\tishy\Documents\Honors\SkinDisNet\Preprocessed\Contact Dermatitis (CD)\CD (50).jpg,Other,0.916259765625,
SkinDisNet,C:\Users\tishy\Documents\Honors\SkinDisNet\Preprocessed\Contact Dermatitis (CD)\CD (51).jpg,Other,0.980224609375,
SkinDisNet,C:\Users\tishy\Documents\Honors\SkinDisNet\Preprocessed\Contact Dermatitis (CD)\CD (52).jpg,Other,0.893798828125,
SkinDisNet,C:\Users\tishy\Documents\Honors\SkinDisNet\Preprocessed\Contact Dermatitis (CD)\CD (53).jpg,Other,0.89508056640625,
SkinDisNet,C:\Users\tishy\Documents\Honors\SkinDisNet\Preprocessed\Contact Dermatitis (CD)\CD (54).jpg,Other,0.65802001953125,
SkinDisNet,C:\Users\tishy\Documents\Honors\SkinDisNet\Preprocessed\Contact Dermatitis (CD)\CD (55).jpg,Other,0.9541015625,
SkinDisNet,C:\Users\tishy\Documents\Honors\SkinDisNet\Preprocessed\Contact Dermatitis (CD)\CD (56).jpg,Other,0.92498779296875,
SkinDisNet,C:\Users\tishy\Documents\Honors\SkinDisNet\Preprocessed\Contact Dermatitis (CD)\CD (57).jpg,Other,0.9212646484375,
SkinDisNet,C:\Users\tishy\Documents\Honors\SkinDisNet\Preprocessed\Contact Dermatitis (CD)\CD (58).jpg,Other,0.963623046875,
SkinDisNet,C:\Users\tishy\Documents\Honors\SkinDisNet\Preprocessed\Contact Dermatitis (CD)\CD (59).jpg,Other,0.96075439453125,
SkinDisNet,C:\Users\tishy\Documents\Honors\SkinDisNet\Preprocessed\Contact Dermatitis (CD)\CD (6).jpg,Other,0.6380615234375,
SkinDisNet,C:\Users\tishy\Documents\Honors\SkinDisNet\Preprocessed\Contact Dermatitis (CD)\CD (60).jpg,Other,0.88726806640625,
SkinDisNet,C:\Users\tishy\Documents\Honors\SkinDisNet\Preprocessed\Contact Dermatitis (CD)\CD (61).jpg,Other,0.8494873046875,
SkinDisNet,C:\Users\tishy\Documents\Honors\SkinDisNet\Preprocessed\Contact Dermatitis (CD)\CD (62).jpg,Other,0.809814453125,
SkinDisNet,C:\Users\tishy\Documents\Honors\SkinDisNet\Preprocessed\Contact Dermatitis (CD)\CD (63).jpg,Other,0.88311767578125,
SkinDisNet,C:\Users\tishy\Documents\Honors\SkinDisNet\Preprocessed\Contact Dermatitis (CD)\CD (64).jpg,Other,0.76171875,
SkinDisNet,C:\Users\tishy\Documents\Honors\SkinDisNet\Preprocessed\Contact Dermatitis (CD)\CD (65).jpg,Other,0.95758056640625,
SkinDisNet,C:\Users\tishy\Documents\Honors\SkinDisNet\Preprocessed\Contact Dermatitis (CD)\CD (66).jpg,Other,0.99639892578125,
SkinDisNet,C:\Users\tishy\Documents\Honors\SkinDisNet\Preprocessed\Contact Dermatitis (CD)\CD (67).jpg,Other,1.0,
SkinDisNet,C:\Users\tishy\Documents\Honors\SkinDisNet\Preprocessed\Contact Dermatitis (CD)\CD (68).jpg,Other,0.99993896484375,
SkinDisNet,C:\Users\tishy\Documents\Honors\SkinDisNet\Preprocessed\Contact Dermatitis (CD)\CD (69).jpg,Other,0.99951171875,
SkinDisNet,C:\Users\tishy\Documents\Honors\SkinDisNet\Preprocessed\Contact Dermatitis (CD)\CD (7).jpg,Other,0.5966796875,
SkinDisNet,C:\Users\tishy\Documents\Honors\SkinDisNet\Preprocessed\Contact Dermatitis (CD)\CD (70).jpg,Other,0.99676513671875,
SkinDisNet,C:\Users\tishy\Documents\Honors\SkinDisNet\Preprocessed\Contact Dermatitis (CD)\CD (71).jpg,Other,0.99835205078125,
SkinDisNet,C:\Users\tishy\Documents\Honors\SkinDisNet\Preprocessed\Contact Dermatitis (CD)\CD (72).jpg,Other,0.99993896484375,
SkinDisNet,C:\Users\tishy\Documents\Honors\SkinDisNet\Preprocessed\Contact Dermatitis (CD)\CD (73).jpg,Other,1.0,
SkinDisNet,C:\Users\tishy\Documents\Honors\SkinDisNet\Preprocessed\Contact Dermatitis (CD)\CD (74).jpg,Other,1.0,
SkinDisNet,C:\Users\tishy\Documents\Honors\SkinDisNet\Preprocessed\Contact Dermatitis (CD)\CD (75).jpg,Other,1.0,
SkinDisNet,C:\Users\tishy\Documents\Honors\SkinDisNet\Preprocessed\Contact Dermatitis (CD)\CD (76).jpg,Other,1.0,
SkinDisNet,C:\Users\tishy\Documents\Honors\SkinDisNet\Preprocessed\Contact Dermatitis (CD)\CD (77).jpg,Other,0.98284912109375,
SkinDisNet,C:\Users\tishy\Documents\Honors\SkinDisNet\Preprocessed\Contact Dermatitis (CD)\CD (78).jpg,Other,0.99774169921875,
SkinDisNet,C:\Users\tishy\Documents\Honors\SkinDisNet\Preprocessed\Contact Dermatitis (CD)\CD (79).jpg,Other,1.0,
SkinDisNet,C:\Users\tishy\Documents\Honors\SkinDisNet\Preprocessed\Contact Dermatitis (CD)\CD (8).jpg,Other,0.5841064453125,
SkinDisNet,C:\Users\tishy\Documents\Honors\SkinDisNet\Preprocessed\Contact Dermatitis (CD)\CD (80).jpg,Other,0.99652099609375,
SkinDisNet,C:\Users\tishy\Documents\Honors\SkinDisNet\Preprocessed\Contact Dermatitis (CD)\CD (81).jpg,Other,0.865234375,
SkinDisNet,C:\Users\tishy\Documents\Honors\SkinDisNet\Preprocessed\Contact Dermatitis (CD)\CD (82).jpg,Other,1.0,
SkinDisNet,C:\Users\tishy\Documents\Honors\SkinDisNet\Preprocessed\Contact Dermatitis (CD)\CD (83).jpg,Other,0.663330078125,
SkinDisNet,C:\Users\tishy\Documents\Honors\SkinDisNet\Preprocessed\Contact Dermatitis (CD)\CD (84).jpg,Other,0.56048583984375,
SkinDisNet,C:\Users\tishy\Documents\Honors\SkinDisNet\Preprocessed\Contact Dermatitis (CD)\CD (85).jpg,Other,0.88641357421875,
SkinDisNet,C:\Users\tishy\Documents\Honors\SkinDisNet\Preprocessed\Contact Dermatitis (CD)\CD (86).jpg,Other,0.92279052734375,
SkinDisNet,C:\Users\tishy\Documents\Honors\SkinDisNet\Preprocessed\Contact Dermatitis (CD)\CD (87).jpg,Other,0.94964599609375,
SkinDisNet,C:\Users\tishy\Documents\Honors\SkinDisNet\Preprocessed\Contact Dermatitis (CD)\CD (88).jpg,Other,0.71856689453125,
SkinDisNet,C:\Users\tishy\Documents\Honors\SkinDisNet\Preprocessed\Contact Dermatitis (CD)\CD (89).jpg,Other,0.89935302734375,
SkinDisNet,C:\Users\tishy\Documents\Honors\SkinDisNet\Preprocessed\Contact Dermatitis (CD)\CD (9).jpg,Other,0.58746337890625,
SkinDisNet,C:\Users\tishy\Documents\Honors\SkinDisNet\Preprocessed\Contact Dermatitis (CD)\CD (90).jpg,Other,0.74346923828125,
SkinDisNet,C:\Users\tishy\Documents\Honors\SkinDisNet\Preprocessed\Contact Dermatitis (CD)\CD (91).jpg,Other,0.76336669921875,
SkinDisNet,C:\Users\tishy\Documents\Honors\SkinDisNet\Preprocessed\Contact Dermatitis (CD)\CD (92).jpg,Other,0.954345703125,
SkinDisNet,C:\Users\tishy\Documents\Honors\SkinDisNet\Preprocessed\Contact Dermatitis (CD)\CD (93).jpg,Other,1.0,
SkinDisNet,C:\Users\tishy\Documents\Honors\SkinDisNet\Preprocessed\Contact Dermatitis (CD)\CD (94).jpg,Other,0.82855224609375,
SkinDisNet,C:\Users\tishy\Documents\Honors\SkinDisNet\Preprocessed\Contact Dermatitis (CD)\CD (95).jpg,Other,0.87725830078125,
SkinDisNet,C:\Users\tishy\Documents\Honors\SkinDisNet\Preprocessed\Contact Dermatitis (CD)\CD (96).jpg,Other,1.0,
SkinDisNet,C:\Users\tishy\Documents\Honors\SkinDisNet\Preprocessed\Contact Dermatitis (CD)\CD (97).jpg,Other,0.629638671875,
SkinDisNet,C:\Users\tishy\Documents\Honors\SkinDisNet\Preprocessed\Contact Dermatitis (CD)\CD (98).jpg,Other,0.56671142578125,
SkinDisNet,C:\Users\tishy\Documents\Honors\SkinDisNet\Preprocessed\Contact Dermatitis (CD)\CD (99).jpg,Other,1.0,
SkinDisNet,C:\Users\tishy\Documents\Honors\SkinDisNet\Preprocessed\Scabies (SC)\SC (1).jpg,Other,0.910400390625,
SkinDisNet,C:\Users\tishy\Documents\Honors\SkinDisNet\Preprocessed\Scabies (SC)\SC (10).jpg,Other,0.7069091796875,
SkinDisNet,C:\Users\tishy\Documents\Honors\SkinDisNet\Preprocessed\Scabies (SC)\SC (100).jpg,Other,0.44000244140625,
SkinDisNet,C:\Users\tishy\Documents\Honors\SkinDisNet\Preprocessed\Scabies (SC)\SC (101).jpg,Other,0.5819091796875,
SkinDisNet,C:\Users\tishy\Documents\Honors\SkinDisNet\Preprocessed\Scabies (SC)\SC (102).jpg,Other,0.5391845703125,
SkinDisNet,C:\Users\tishy\Documents\Honors\SkinDisNet\Preprocessed\Scabies (SC)\SC (103).jpg,Other,0.38848876953125,
SkinDisNet,C:\Users\tishy\Documents\Honors\SkinDisNet\Preprocessed\Scabies (SC)\SC (104).jpg,Other,0.835205078125,
SkinDisNet,C:\Users\tishy\Documents\Honors\SkinDisNet\Preprocessed\Scabies (SC)\SC (105).jpg,Other,0.82666015625,
SkinDisNet,C:\Users\tishy\Documents\Honors\SkinDisNet\Preprocessed\Scabies (SC)\SC (106).jpg,Other,0.56396484375,
SkinDisNet,C:\Users\tishy\Documents\Honors\SkinDisNet\Preprocessed\Scabies (SC)\SC (107).jpg,Other,0.89801025390625,
SkinDisNet,C:\Users\tishy\Documents\Honors\SkinDisNet\Preprocessed\Scabies (SC)\SC (108).jpg,Other,0.93341064453125,
SkinDisNet,C:\Users\tishy\Documents\Honors\SkinDisNet\Preprocessed\Scabies (SC)\SC (109).jpg,Other,0.93719482421875,
SkinDisNet,C:\Users\tishy\Documents\Honors\SkinDisNet\Preprocessed\Scabies (SC)\SC (11).jpg,Other,0.8118896484375,
SkinDisNet,C:\Users\tishy\Documents\Honors\SkinDisNet\Preprocessed\Scabies (SC)\SC (110).jpg,Other,0.89154052734375,
SkinDisNet,C:\Users\tishy\Documents\Honors\SkinDisNet\Preprocessed\Scabies (SC)\SC (111).jpg,Other,1.0,
SkinDisNet,C:\Users\tishy\Documents\Honors\SkinDisNet\Preprocessed\Scabies (SC)\SC (112).jpg,Other,0.7020263671875,
SkinDisNet,C:\Users\tishy\Documents\Honors\SkinDisNet\Preprocessed\Scabies (SC)\SC (113).jpg,Other,0.82269287109375,
SkinDisNet,C:\Users\tishy\Documents\Honors\SkinDisNet\Preprocessed\Scabies (SC)\SC (114).jpg,Other,0.2950439453125,
SkinDisNet,C:\Users\tishy\Documents\Honors\SkinDisNet\Preprocessed\Scabies (SC)\SC (115).jpg,Other,0.7701416015625,
SkinDisNet,C:\Users\tishy\Documents\Honors\SkinDisNet\Preprocessed\Scabies (SC)\SC (116).jpg,Other,0.27508544921875,
SkinDisNet,C:\Users\tishy\Documents\Honors\SkinDisNet\Preprocessed\Scabies (SC)\SC (117).jpg,Other,0.4019775390625,
SkinDisNet,C:\Users\tishy\Documents\Honors\SkinDisNet\Preprocessed\Scabies (SC)\SC (118).jpg,Other,0.19183349609375,
SkinDisNet,C:\Users\tishy\Documents\Honors\SkinDisNet\Preprocessed\Scabies (SC)\SC (119).jpg,Other,0.36907958984375,
SkinDisNet,C:\Users\tishy\Documents\Honors\SkinDisNet\Preprocessed\Scabies (SC)\SC (12).jpg,Other,0.83807373046875,
SkinDisNet,C:\Users\tishy\Documents\Honors\SkinDisNet\Preprocessed\Scabies (SC)\SC (120).jpg,Other,0.21209716796875,
SkinDisNet,C:\Users\tishy\Documents\Honors\SkinDisNet\Preprocessed\Scabies (SC)\SC (121).jpg,Other,0.4266357421875,
SkinDisNet,C:\Users\tishy\Documents\Honors\SkinDisNet\Preprocessed\Scabies (SC)\SC (122).jpg,Other,0.29779052734375,
SkinDisNet,C:\Users\tishy\Documents\Honors\SkinDisNet\Preprocessed\Scabies (SC)\SC (123).jpg,Other,0.682861328125,
SkinDisNet,C:\Users\tishy\Documents\Honors\SkinDisNet\Preprocessed\Scabies (SC)\SC (124).jpg,Other,0.75543212890625,
SkinDisNet,C:\Users\tishy\Documents\Honors\SkinDisNet\Preprocessed\Scabies (SC)\SC (125).jpg,Other,0.385986328125,
SkinDisNet,C:\Users\tishy\Documents\Honors\SkinDisNet\Preprocessed\Scabies (SC)\SC (126).jpg,Other,0.69378662109375,
SkinDisNet,C:\Users\tishy\Documents\Honors\SkinDisNet\Preprocessed\Scabies (SC)\SC (127).jpg,Other,0.44140625,
SkinDisNet,C:\Users\tishy\Documents\Honors\SkinDisNet\Preprocessed\Scabies (SC)\SC (128).jpg,Other,0.67352294921875,
SkinDisNet,C:\Users\tishy\Documents\Honors\SkinDisNet\Preprocessed\Scabies (SC)\SC (129).jpg,Other,0.55047607421875,
SkinDisNet,C:\Users\tishy\Documents\Honors\SkinDisNet\Preprocessed\Scabies (SC)\SC (13).jpg,Other,0.7755126953125,
SkinDisNet,C:\Users\tishy\Documents\Honors\SkinDisNet\Preprocessed\Scabies (SC)\SC (130).jpg,Other,0.49517822265625,
SkinDisNet,C:\Users\tishy\Documents\Honors\SkinDisNet\Preprocessed\Scabies (SC)\SC (131).jpg,Other,0.713134765625,
SkinDisNet,C:\Users\tishy\Documents\Honors\SkinDisNet\Preprocessed\Scabies (SC)\SC (132).jpg,Other,0.556884765625,
SkinDisNet,C:\Users\tishy\Documents\Honors\SkinDisNet\Preprocessed\Scabies (SC)\SC (133).jpg,Other,0.73236083984375,
SkinDisNet,C:\Users\tishy\Documents\Honors\SkinDisNet\Preprocessed\Scabies (SC)\SC (134).jpg,Other,0.86798095703125,
SkinDisNet,C:\Users\tishy\Documents\Honors\SkinDisNet\Preprocessed\Scabies (SC)\SC (135).jpg,Other,0.8153076171875,
SkinDisNet,C:\Users\tishy\Documents\Honors\SkinDisNet\Preprocessed\Scabies (SC)\SC (136).jpg,Other,0.37982177734375,
SkinDisNet,C:\Users\tishy\Documents\Honors\SkinDisNet\Preprocessed\Scabies (SC)\SC (137).jpg,Other,0.157470703125,
SkinDisNet,C:\Users\tishy\Documents\Honors\SkinDisNet\Preprocessed\Scabies (SC)\SC (138).jpg,Other,0.30487060546875,
SkinDisNet,C:\Users\tishy\Documents\Honors\SkinDisNet\Preprocessed\Scabies (SC)\SC (139).jpg,Other,0.232666015625,
SkinDisNet,C:\Users\tishy\Documents\Honors\SkinDisNet\Preprocessed\Scabies (SC)\SC (14).jpg,Other,0.82623291015625,
SkinDisNet,C:\Users\tishy\Documents\Honors\SkinDisNet\Preprocessed\Scabies (SC)\SC (140).jpg,Other,0.904541015625,
SkinDisNet,C:\Users\tishy\Documents\Honors\SkinDisNet\Preprocessed\Scabies (SC)\SC (141).jpg,Other,0.94451904296875,
SkinDisNet,C:\Users\tishy\Documents\Honors\SkinDisNet\Preprocessed\Scabies (SC)\SC (142).jpg,Other,0.9285888671875,
SkinDisNet,C:\Users\tishy\Documents\Honors\SkinDisNet\Preprocessed\Scabies (SC)\SC (143).jpg,Other,0.77703857421875,
SkinDisNet,C:\Users\tishy\Documents\Honors\SkinDisNet\Preprocessed\Scabies (SC)\SC (144).jpg,Other,0.6337890625,
SkinDisNet,C:\Users\tishy\Documents\Honors\SkinDisNet\Preprocessed\Scabies (SC)\SC (145).jpg,Other,0.6324462890625,
SkinDisNet,C:\Users\tishy\Documents\Honors\SkinDisNet\Preprocessed\Scabies (SC)\SC (146).jpg,Other,0.772216796875,
SkinDisNet,C:\Users\tishy\Documents\Honors\SkinDisNet\Preprocessed\Scabies (SC)\SC (147).jpg,Other,0.7633056640625,
SkinDisNet,C:\Users\tishy\Documents\Honors\SkinDisNet\Preprocessed\Scabies (SC)\SC (148).jpg,Other,0.77386474609375,
SkinDisNet,C:\Users\tishy\Documents\Honors\SkinDisNet\Preprocessed\Scabies (SC)\SC (149).jpg,Other,0.159912109375,
SkinDisNet,C:\Users\tishy\Documents\Honors\SkinDisNet\Preprocessed\Scabies (SC)\SC (15).jpg,Other,0.85626220703125,
SkinDisNet,C:\Users\tishy\Documents\Honors\SkinDisNet\Preprocessed\Scabies (SC)\SC (150).jpg,Other,0.247314453125,
SkinDisNet,C:\Users\tishy\Documents\Honors\SkinDisNet\Preprocessed\Scabies (SC)\SC (151).jpg,Other,1.0,
SkinDisNet,C:\Users\tishy\Documents\Honors\SkinDisNet\Preprocessed\Scabies (SC)\SC (152).jpg,Other,0.936767578125,
SkinDisNet,C:\Users\tishy\Documents\Honors\SkinDisNet\Preprocessed\Scabies (SC)\SC (153).jpg,Other,0.99993896484375,
SkinDisNet,C:\Users\tishy\Documents\Honors\SkinDisNet\Preprocessed\Scabies (SC)\SC (154).jpg,Other,0.8037109375,
SkinDisNet,C:\Users\tishy\Documents\Honors\SkinDisNet\Preprocessed\Scabies (SC)\SC (155).jpg,Other,0.96295166015625,
SkinDisNet,C:\Users\tishy\Documents\Honors\SkinDisNet\Preprocessed\Scabies (SC)\SC (156).jpg,Other,0.90509033203125,
SkinDisNet,C:\Users\tishy\Documents\Honors\SkinDisNet\Preprocessed\Scabies (SC)\SC (157).jpg,Other,0.87109375,
SkinDisNet,C:\Users\tishy\Documents\Honors\SkinDisNet\Preprocessed\Scabies (SC)\SC (158).jpg,Other,0.69366455078125,
SkinDisNet,C:\Users\tishy\Documents\Honors\SkinDisNet\Preprocessed\Scabies (SC)\SC (159).jpg,Other,0.4072265625,
SkinDisNet,C:\Users\tishy\Documents\Honors\SkinDisNet\Preprocessed\Scabies (SC)\SC (16).jpg,Other,0.81365966796875,
SkinDisNet,C:\Users\tishy\Documents\Honors\SkinDisNet\Preprocessed\Scabies (SC)\SC (160).jpg,Other,0.5428466796875,
SkinDisNet,C:\Users\tishy\Documents\Honors\SkinDisNet\Preprocessed\Scabies (SC)\SC (161).jpg,Other,0.40386962890625,
SkinDisNet,C:\Users\tishy\Documents\Honors\SkinDisNet\Preprocessed\Scabies (SC)\SC (162).jpg,Other,0.3634033203125,
SkinDisNet,C:\Users\tishy\Documents\Honors\SkinDisNet\Preprocessed\Scabies (SC)\SC (163).jpg,Other,0.83453369140625,
SkinDisNet,C:\Users\tishy\Documents\Honors\SkinDisNet\Preprocessed\Scabies (SC)\SC (164).jpg,Other,0.63555908203125,
SkinDisNet,C:\Users\tishy\Documents\Honors\SkinDisNet\Preprocessed\Scabies (SC)\SC (165).jpg,Other,0.7552490234375,
SkinDisNet,C:\Users\tishy\Documents\Honors\SkinDisNet\Preprocessed\Scabies (SC)\SC (166).jpg,Other,0.71734619140625,
SkinDisNet,C:\Users\tishy\Documents\Honors\SkinDisNet\Preprocessed\Scabies (SC)\SC (167).jpg,Other,0.7391357421875,
SkinDisNet,C:\Users\tishy\Documents\Honors\SkinDisNet\Preprocessed\Scabies (SC)\SC (168).jpg,Other,0.807373046875,
SkinDisNet,C:\Users\tishy\Documents\Honors\SkinDisNet\Preprocessed\Scabies (SC)\SC (169).jpg,Other,0.39990234375,
SkinDisNet,C:\Users\tishy\Documents\Honors\SkinDisNet\Preprocessed\Scabies (SC)\SC (17).jpg,Other,0.71258544921875,
SkinDisNet,C:\Users\tishy\Documents\Honors\SkinDisNet\Preprocessed\Scabies (SC)\SC (170).jpg,Other,0.7730712890625,
SkinDisNet,C:\Users\tishy\Documents\Honors\SkinDisNet\Preprocessed\Scabies (SC)\SC (171).jpg,Other,0.84173583984375,
SkinDisNet,C:\Users\tishy\Documents\Honors\SkinDisNet\Preprocessed\Scabies (SC)\SC (172).jpg,Other,0.8316650390625,
SkinDisNet,C:\Users\tishy\Documents\Honors\SkinDisNet\Preprocessed\Scabies (SC)\SC (173).jpg,Other,1.0,
SkinDisNet,C:\Users\tishy\Documents\Honors\SkinDisNet\Preprocessed\Scabies (SC)\SC (174).jpg,Other,1.0,
SkinDisNet,C:\Users\tishy\Documents\Honors\SkinDisNet\Preprocessed\Scabies (SC)\SC (175).jpg,Other,0.4210205078125,
SkinDisNet,C:\Users\tishy\Documents\Honors\SkinDisNet\Preprocessed\Scabies (SC)\SC (176).jpg,Other,0.45843505859375,
SkinDisNet,C:\Users\tishy\Documents\Honors\SkinDisNet\Preprocessed\Scabies (SC)\SC (177).jpg,Other,0.6865234375,
SkinDisNet,C:\Users\tishy\Documents\Honors\SkinDisNet\Preprocessed\Scabies (SC)\SC (178).jpg,Other,0.70538330078125,
SkinDisNet,C:\Users\tishy\Documents\Honors\SkinDisNet\Preprocessed\Scabies (SC)\SC (179).jpg,Other,0.7181396484375,
SkinDisNet,C:\Users\tishy\Documents\Honors\SkinDisNet\Preprocessed\Scabies (SC)\SC (18).jpg,Other,0.96856689453125,
SkinDisNet,C:\Users\tishy\Documents\Honors\SkinDisNet\Preprocessed\Scabies (SC)\SC (180).jpg,Other,0.73773193359375,
SkinDisNet,C:\Users\tishy\Documents\Honors\SkinDisNet\Preprocessed\Scabies (SC)\SC (181).jpg,Other,0.77947998046875,
SkinDisNet,C:\Users\tishy\Documents\Honors\SkinDisNet\Preprocessed\Scabies (SC)\SC (182).jpg,Other,0.16290283203125,
SkinDisNet,C:\Users\tishy\Documents\Honors\SkinDisNet\Preprocessed\Scabies (SC)\SC (183).jpg,Other,0.9998779296875,
SkinDisNet,C:\Users\tishy\Documents\Honors\SkinDisNet\Preprocessed\Scabies (SC)\SC (184).jpg,Other,0.53070068359375,
SkinDisNet,C:\Users\tishy\Documents\Honors\SkinDisNet\Preprocessed\Scabies (SC)\SC (185).jpg,Other,0.50762939453125,
SkinDisNet,C:\Users\tishy\Documents\Honors\SkinDisNet\Preprocessed\Scabies (SC)\SC (186).jpg,Other,0.8978271484375,
SkinDisNet,C:\Users\tishy\Documents\Honors\SkinDisNet\Preprocessed\Scabies (SC)\SC (187).jpg,Other,0.6820068359375,
SkinDisNet,C:\Users\tishy\Documents\Honors\SkinDisNet\Preprocessed\Scabies (SC)\SC (188).jpg,Other,0.80938720703125,
SkinDisNet,C:\Users\tishy\Documents\Honors\SkinDisNet\Preprocessed\Scabies (SC)\SC (189).jpg,Other,0.70654296875,
SkinDisNet,C:\Users\tishy\Documents\Honors\SkinDisNet\Preprocessed\Scabies (SC)\SC (19).jpg,Other,0.93511962890625,
SkinDisNet,C:\Users\tishy\Documents\Honors\SkinDisNet\Preprocessed\Scabies (SC)\SC (190).jpg,Other,0.37939453125,
SkinDisNet,C:\Users\tishy\Documents\Honors\SkinDisNet\Preprocessed\Scabies (SC)\SC (191).jpg,Other,0.55419921875,
SkinDisNet,C:\Users\tishy\Documents\Honors\SkinDisNet\Preprocessed\Scabies (SC)\SC (192).jpg,Other,0.7088623046875,
SkinDisNet,C:\Users\tishy\Documents\Honors\SkinDisNet\Preprocessed\Scabies (SC)\SC (193).jpg,Other,0.62408447265625,
SkinDisNet,C:\Users\tishy\Documents\Honors\SkinDisNet\Preprocessed\Scabies (SC)\SC (194).jpg,Other,0.8121337890625,
SkinDisNet,C:\Users\tishy\Documents\Honors\SkinDisNet\Preprocessed\Scabies (SC)\SC (195).jpg,Other,0.817138671875,
SkinDisNet,C:\Users\tishy\Documents\Honors\SkinDisNet\Preprocessed\Scabies (SC)\SC (196).jpg,Other,0.675537109375,
SkinDisNet,C:\Users\tishy\Documents\Honors\SkinDisNet\Preprocessed\Scabies (SC)\SC (197).jpg,Other,0.720947265625,
SkinDisNet,C:\Users\tishy\Documents\Honors\SkinDisNet\Preprocessed\Scabies (SC)\SC (198).jpg,Other,0.712158203125,
SkinDisNet,C:\Users\tishy\Documents\Honors\SkinDisNet\Preprocessed\Scabies (SC)\SC (199).jpg,Other,0.56317138671875,
SkinDisNet,C:\Users\tishy\Documents\Honors\SkinDisNet\Preprocessed\Scabies (SC)\SC (2).jpg,Other,0.7916259765625,
SkinDisNet,C:\Users\tishy\Documents\Honors\SkinDisNet\Preprocessed\Scabies (SC)\SC (20).jpg,Other,0.89453125,
SkinDisNet,C:\Users\tishy\Documents\Honors\SkinDisNet\Preprocessed\Scabies (SC)\SC (200).jpg,Other,0.50079345703125,
SkinDisNet,C:\Users\tishy\Documents\Honors\SkinDisNet\Preprocessed\Scabies (SC)\SC (201).jpg,Other,0.4085693359375,
SkinDisNet,C:\Users\tishy\Documents\Honors\SkinDisNet\Preprocessed\Scabies (SC)\SC (202).jpg,Other,0.37274169921875,
SkinDisNet,C:\Users\tishy\Documents\Honors\SkinDisNet\Preprocessed\Scabies (SC)\SC (203).jpg,Other,0.41693115234375,
SkinDisNet,C:\Users\tishy\Documents\Honors\SkinDisNet\Preprocessed\Scabies (SC)\SC (204).jpg,Other,0.57415771484375,
SkinDisNet,C:\Users\tishy\Documents\Honors\SkinDisNet\Preprocessed\Scabies (SC)\SC (205).jpg,Other,0.42071533203125,
SkinDisNet,C:\Users\tishy\Documents\Honors\SkinDisNet\Preprocessed\Scabies (SC)\SC (206).jpg,Other,0.45526123046875,
SkinDisNet,C:\Users\tishy\Documents\Honors\SkinDisNet\Preprocessed\Scabies (SC)\SC (207).jpg,Other,0.7581787109375,
SkinDisNet,C:\Users\tishy\Documents\Honors\SkinDisNet\Preprocessed\Scabies (SC)\SC (208).jpg,Other,0.61053466796875,
SkinDisNet,C:\Users\tishy\Documents\Honors\SkinDisNet\Preprocessed\Scabies (SC)\SC (209).jpg,Other,0.58001708984375,
SkinDisNet,C:\Users\tishy\Documents\Honors\SkinDisNet\Preprocessed\Scabies (SC)\SC (21).jpg,Other,0.958984375,
SkinDisNet,C:\Users\tishy\Documents\Honors\SkinDisNet\Preprocessed\Scabies (SC)\SC (210).jpg,Other,0.6553955078125,
SkinDisNet,C:\Users\tishy\Documents\Honors\SkinDisNet\Preprocessed\Scabies (SC)\SC (211).jpg,Other,0.66156005859375,
SkinDisNet,C:\Users\tishy\Documents\Honors\SkinDisNet\Preprocessed\Scabies (SC)\SC (212).jpg,Other,0.5184326171875,
SkinDisNet,C:\Users\tishy\Documents\Honors\SkinDisNet\Preprocessed\Scabies (SC)\SC (213).jpg,Other,0.7391357421875,
SkinDisNet,C:\Users\tishy\Documents\Honors\SkinDisNet\Preprocessed\Scabies (SC)\SC (214).jpg,Other,0.63238525390625,
SkinDisNet,C:\Users\tishy\Documents\Honors\SkinDisNet\Preprocessed\Scabies (SC)\SC (215).jpg,Other,0.54022216796875,
SkinDisNet,C:\Users\tishy\Documents\Honors\SkinDisNet\Preprocessed\Scabies (SC)\SC (216).jpg,Other,0.7425537109375,
SkinDisNet,C:\Users\tishy\Documents\Honors\SkinDisNet\Preprocessed\Scabies (SC)\SC (217).jpg,Other,0.66400146484375,
SkinDisNet,C:\Users\tishy\Documents\Honors\SkinDisNet\Preprocessed\Scabies (SC)\SC (218).jpg,Other,0.4403076171875,
SkinDisNet,C:\Users\tishy\Documents\Honors\SkinDisNet\Preprocessed\Scabies (SC)\SC (219).jpg,Other,0.75421142578125,
SkinDisNet,C:\Users\tishy\Documents\Honors\SkinDisNet\Preprocessed\Scabies (SC)\SC (22).jpg,Other,0.979248046875,
SkinDisNet,C:\Users\tishy\Documents\Honors\SkinDisNet\Preprocessed\Scabies (SC)\SC (220).jpg,Other,0.75628662109375,
SkinDisNet,C:\Users\tishy\Documents\Honors\SkinDisNet\Preprocessed\Scabies (SC)\SC (221).jpg,Other,0.75262451171875,
SkinDisNet,C:\Users\tishy\Documents\Honors\SkinDisNet\Preprocessed\Scabies (SC)\SC (222).jpg,Other,0.488037109375,
SkinDisNet,C:\Users\tishy\Documents\Honors\SkinDisNet\Preprocessed\Scabies (SC)\SC (223).jpg,Other,0.7939453125,
SkinDisNet,C:\Users\tishy\Documents\Honors\SkinDisNet\Preprocessed\Scabies (SC)\SC (224).jpg,Other,0.822998046875,
SkinDisNet,C:\Users\tishy\Documents\Honors\SkinDisNet\Preprocessed\Scabies (SC)\SC (225).jpg,Other,0.8135986328125,
SkinDisNet,C:\Users\tishy\Documents\Honors\SkinDisNet\Preprocessed\Scabies (SC)\SC (226).jpg,Other,0.843017578125,
SkinDisNet,C:\Users\tishy\Documents\Honors\SkinDisNet\Preprocessed\Scabies (SC)\SC (227).jpg,Other,0.89385986328125,
SkinDisNet,C:\Users\tishy\Documents\Honors\SkinDisNet\Preprocessed\Scabies (SC)\SC (228).jpg,Other,0.9150390625,
SkinDisNet,C:\Users\tishy\Documents\Honors\SkinDisNet\Preprocessed\Scabies (SC)\SC (229).jpg,Other,0.92901611328125,
SkinDisNet,C:\Users\tishy\Documents\Honors\SkinDisNet\Preprocessed\Scabies (SC)\SC (23).jpg,Other,0.9837646484375,
SkinDisNet,C:\Users\tishy\Documents\Honors\SkinDisNet\Preprocessed\Scabies (SC)\SC (230).jpg,Other,0.92608642578125,
SkinDisNet,C:\Users\tishy\Documents\Honors\SkinDisNet\Preprocessed\Scabies (SC)\SC (231).jpg,Other,0.88555908203125,
SkinDisNet,C:\Users\tishy\Documents\Honors\SkinDisNet\Preprocessed\Scabies (SC)\SC (232).jpg,Other,0.69793701171875,
SkinDisNet,C:\Users\tishy\Documents\Honors\SkinDisNet\Preprocessed\Scabies (SC)\SC (233).jpg,Other,0.7569580078125,
SkinDisNet,C:\Users\tishy\Documents\Honors\SkinDisNet\Preprocessed\Scabies (SC)\SC (234).jpg,Other,0.92071533203125,
SkinDisNet,C:\Users\tishy\Documents\Honors\SkinDisNet\Preprocessed\Scabies (SC)\SC (235).jpg,Other,0.767578125,
SkinDisNet,C:\Users\tishy\Documents\Honors\SkinDisNet\Preprocessed\Scabies (SC)\SC (236).jpg,Other,0.75946044921875,
SkinDisNet,C:\Users\tishy\Documents\Honors\SkinDisNet\Preprocessed\Scabies (SC)\SC (237).jpg,Other,0.9345703125,
SkinDisNet,C:\Users\tishy\Documents\Honors\SkinDisNet\Preprocessed\Scabies (SC)\SC (238).jpg,Other,0.77459716796875,
SkinDisNet,C:\Users\tishy\Documents\Honors\SkinDisNet\Preprocessed\Scabies (SC)\SC (239).jpg,Other,0.788330078125,
SkinDisNet,C:\Users\tishy\Documents\Honors\SkinDisNet\Preprocessed\Scabies (SC)\SC (24).jpg,Other,0.94854736328125,
SkinDisNet,C:\Users\tishy\Documents\Honors\SkinDisNet\Preprocessed\Scabies (SC)\SC (240).jpg,Other,0.815673828125,
SkinDisNet,C:\Users\tishy\Documents\Honors\SkinDisNet\Preprocessed\Scabies (SC)\SC (241).jpg,Other,0.82232666015625,
SkinDisNet,C:\Users\tishy\Documents\Honors\SkinDisNet\Preprocessed\Scabies (SC)\SC (242).jpg,Other,0.57421875,
SkinDisNet,C:\Users\tishy\Documents\Honors\SkinDisNet\Preprocessed\Scabies (SC)\SC (243).jpg,Other,0.603271484375,
SkinDisNet,C:\Users\tishy\Documents\Honors\SkinDisNet\Preprocessed\Scabies (SC)\SC (244).jpg,Other,0.59075927734375,
SkinDisNet,C:\Users\tishy\Documents\Honors\SkinDisNet\Preprocessed\Scabies (SC)\SC (245).jpg,Other,0.82659912109375,
SkinDisNet,C:\Users\tishy\Documents\Honors\SkinDisNet\Preprocessed\Scabies (SC)\SC (246).jpg,Other,1.0,
SkinDisNet,C:\Users\tishy\Documents\Honors\SkinDisNet\Preprocessed\Scabies (SC)\SC (247).jpg,Other,0.82818603515625,
SkinDisNet,C:\Users\tishy\Documents\Honors\SkinDisNet\Preprocessed\Scabies (SC)\SC (248).jpg,Other,0.970947265625,
SkinDisNet,C:\Users\tishy\Documents\Honors\SkinDisNet\Preprocessed\Scabies (SC)\SC (249).jpg,Other,0.89013671875,
SkinDisNet,C:\Users\tishy\Documents\Honors\SkinDisNet\Preprocessed\Scabies (SC)\SC (25).jpg,Other,0.90447998046875,
SkinDisNet,C:\Users\tishy\Documents\Honors\SkinDisNet\Preprocessed\Scabies (SC)\SC (250).jpg,Other,0.9105224609375,
SkinDisNet,C:\Users\tishy\Documents\Honors\SkinDisNet\Preprocessed\Scabies (SC)\SC (251).jpg,Other,1.0,
SkinDisNet,C:\Users\tishy\Documents\Honors\SkinDisNet\Preprocessed\Scabies (SC)\SC (252).jpg,Other,1.0,
SkinDisNet,C:\Users\tishy\Documents\Honors\SkinDisNet\Preprocessed\Scabies (SC)\SC (253).jpg,Other,1.0,
SkinDisNet,C:\Users\tishy\Documents\Honors\SkinDisNet\Preprocessed\Scabies (SC)\SC (254).jpg,Other,0.7435302734375,
SkinDisNet,C:\Users\tishy\Documents\Honors\SkinDisNet\Preprocessed\Scabies (SC)\SC (255).jpg,Other,0.9993896484375,
SkinDisNet,C:\Users\tishy\Documents\Honors\SkinDisNet\Preprocessed\Scabies (SC)\SC (256).jpg,Other,0.9652099609375,
SkinDisNet,C:\Users\tishy\Documents\Honors\SkinDisNet\Preprocessed\Scabies (SC)\SC (257).jpg,Other,0.96966552734375,
SkinDisNet,C:\Users\tishy\Documents\Honors\SkinDisNet\Preprocessed\Scabies (SC)\SC (258).jpg,Other,0.1549072265625,
SkinDisNet,C:\Users\tishy\Documents\Honors\SkinDisNet\Preprocessed\Scabies (SC)\SC (259).jpg,Other,0.90740966796875,
SkinDisNet,C:\Users\tishy\Documents\Honors\SkinDisNet\Preprocessed\Scabies (SC)\SC (26).jpg,Other,0.81304931640625,
SkinDisNet,C:\Users\tishy\Documents\Honors\SkinDisNet\Preprocessed\Scabies (SC)\SC (260).jpg,Other,0.99981689453125,
SkinDisNet,C:\Users\tishy\Documents\Honors\SkinDisNet\Preprocessed\Scabies (SC)\SC (261).jpg,Other,1.0,
SkinDisNet,C:\Users\tishy\Documents\Honors\SkinDisNet\Preprocessed\Scabies (SC)\SC (262).jpg,Other,0.99652099609375,
SkinDisNet,C:\Users\tishy\Documents\Honors\SkinDisNet\Preprocessed\Scabies (SC)\SC (263).jpg,Other,0.998291015625,
SkinDisNet,C:\Users\tishy\Documents\Honors\SkinDisNet\Preprocessed\Scabies (SC)\SC (264).jpg,Other,0.9969482421875,
SkinDisNet,C:\Users\tishy\Documents\Honors\SkinDisNet\Preprocessed\Scabies (SC)\SC (265).jpg,Other,0.99267578125,
SkinDisNet,C:\Users\tishy\Documents\Honors\SkinDisNet\Preprocessed\Scabies (SC)\SC (266).jpg,Other,0.9815673828125,
SkinDisNet,C:\Users\tishy\Documents\Honors\SkinDisNet\Preprocessed\Scabies (SC)\SC (267).jpg,Other,0.8045654296875,
SkinDisNet,C:\Users\tishy\Documents\Honors\SkinDisNet\Preprocessed\Scabies (SC)\SC (268).jpg,Other,0.949462890625,
SkinDisNet,C:\Users\tishy\Documents\Honors\SkinDisNet\Preprocessed\Scabies (SC)\SC (269).jpg,Other,0.95477294921875,
SkinDisNet,C:\Users\tishy\Documents\Honors\SkinDisNet\Preprocessed\Scabies (SC)\SC (27).jpg,Other,0.72467041015625,
SkinDisNet,C:\Users\tishy\Documents\Honors\SkinDisNet\Preprocessed\Scabies (SC)\SC (270).jpg,Other,0.4366455078125,
SkinDisNet,C:\Users\tishy\Documents\Honors\SkinDisNet\Preprocessed\Scabies (SC)\SC (271).jpg,Other,0.84588623046875,
SkinDisNet,C:\Users\tishy\Documents\Honors\SkinDisNet\Preprocessed\Scabies (SC)\SC (272).jpg,Other,0.7333984375,
SkinDisNet,C:\Users\tishy\Documents\Honors\SkinDisNet\Preprocessed\Scabies (SC)\SC (273).jpg,Other,0.7420654296875,
SkinDisNet,C:\Users\tishy\Documents\Honors\SkinDisNet\Preprocessed\Scabies (SC)\SC (274).jpg,Other,0.7413330078125,
SkinDisNet,C:\Users\tishy\Documents\Honors\SkinDisNet\Preprocessed\Scabies (SC)\SC (275).jpg,Other,0.79638671875,
SkinDisNet,C:\Users\tishy\Documents\Honors\SkinDisNet\Preprocessed\Scabies (SC)\SC (276).jpg,Other,0.99102783203125,
SkinDisNet,C:\Users\tishy\Documents\Honors\SkinDisNet\Preprocessed\Scabies (SC)\SC (277).jpg,Other,0.98046875,
SkinDisNet,C:\Users\tishy\Documents\Honors\SkinDisNet\Preprocessed\Scabies (SC)\SC (278).jpg,Other,0.89801025390625,
SkinDisNet,C:\Users\tishy\Documents\Honors\SkinDisNet\Preprocessed\Scabies (SC)\SC (279).jpg,Other,0.84930419921875,
SkinDisNet,C:\Users\tishy\Documents\Honors\SkinDisNet\Preprocessed\Scabies (SC)\SC (28).jpg,Other,1.0,
SkinDisNet,C:\Users\tishy\Documents\Honors\SkinDisNet\Preprocessed\Scabies (SC)\SC (280).jpg,Other,0.7330322265625,
SkinDisNet,C:\Users\tishy\Documents\Honors\SkinDisNet\Preprocessed\Scabies (SC)\SC (281).jpg,Other,0.90631103515625,
SkinDisNet,C:\Users\tishy\Documents\Honors\SkinDisNet\Preprocessed\Scabies (SC)\SC (282).jpg,Other,0.98370361328125,
SkinDisNet,C:\Users\tishy\Documents\Honors\SkinDisNet\Preprocessed\Scabies (SC)\SC (283).jpg,Other,0.59222412109375,
SkinDisNet,C:\Users\tishy\Documents\Honors\SkinDisNet\Preprocessed\Scabies (SC)\SC (284).jpg,Other,0.7032470703125,
SkinDisNet,C:\Users\tishy\Documents\Honors\SkinDisNet\Preprocessed\Scabies (SC)\SC (285).jpg,Other,0.7122802734375,
SkinDisNet,C:\Users\tishy\Documents\Honors\SkinDisNet\Preprocessed\Scabies (SC)\SC (286).jpg,Other,0.69207763671875,
SkinDisNet,C:\Users\tishy\Documents\Honors\SkinDisNet\Preprocessed\Scabies (SC)\SC (287).jpg,Other,0.87591552734375,
SkinDisNet,C:\Users\tishy\Documents\Honors\SkinDisNet\Preprocessed\Scabies (SC)\SC (288).jpg,Other,0.44354248046875,
SkinDisNet,C:\Users\tishy\Documents\Honors\SkinDisNet\Preprocessed\Scabies (SC)\SC (289).jpg,Other,0.73724365234375,
SkinDisNet,C:\Users\tishy\Documents\Honors\SkinDisNet\Preprocessed\Scabies (SC)\SC (29).jpg,Other,0.4688720703125,
SkinDisNet,C:\Users\tishy\Documents\Honors\SkinDisNet\Preprocessed\Scabies (SC)\SC (290).jpg,Other,0.91619873046875,
SkinDisNet,C:\Users\tishy\Documents\Honors\SkinDisNet\Preprocessed\Scabies (SC)\SC (291).jpg,Other,0.83868408203125,
SkinDisNet,C:\Users\tishy\Documents\Honors\SkinDisNet\Preprocessed\Scabies (SC)\SC (292).jpg,Other,0.775390625,
SkinDisNet,C:\Users\tishy\Documents\Honors\SkinDisNet\Preprocessed\Scabies (SC)\SC (293).jpg,Other,0.9483642578125,
SkinDisNet,C:\Users\tishy\Documents\Honors\SkinDisNet\Preprocessed\Scabies (SC)\SC (294).jpg,Other,0.9111328125,
SkinDisNet,C:\Users\tishy\Documents\Honors\SkinDisNet\Preprocessed\Scabies (SC)\SC (295).jpg,Other,0.951416015625,
SkinDisNet,C:\Users\tishy\Documents\Honors\SkinDisNet\Preprocessed\Scabies (SC)\SC (296).jpg,Other,0.66302490234375,
SkinDisNet,C:\Users\tishy\Documents\Honors\SkinDisNet\Preprocessed\Scabies (SC)\SC (297).jpg,Other,0.8359375,
SkinDisNet,C:\Users\tishy\Documents\Honors\SkinDisNet\Preprocessed\Scabies (SC)\SC (298).jpg,Other,0.3603515625,
SkinDisNet,C:\Users\tishy\Documents\Honors\SkinDisNet\Preprocessed\Scabies (SC)\SC (299).jpg,Other,0.6925048828125,
SkinDisNet,C:\Users\tishy\Documents\Honors\SkinDisNet\Preprocessed\Scabies (SC)\SC (3).jpg,Other,0.68017578125,
SkinDisNet,C:\Users\tishy\Documents\Honors\SkinDisNet\Preprocessed\Scabies (SC)\SC (30).jpg,Other,0.94110107421875,
SkinDisNet,C:\Users\tishy\Documents\Honors\SkinDisNet\Preprocessed\Scabies (SC)\SC (300).jpg,Other,0.85345458984375,
SkinDisNet,C:\Users\tishy\Documents\Honors\SkinDisNet\Preprocessed\Scabies (SC)\SC (301).jpg,Other,0.36285400390625,
SkinDisNet,C:\Users\tishy\Documents\Honors\SkinDisNet\Preprocessed\Scabies (SC)\SC (302).jpg,Other,0.690673828125,
SkinDisNet,C:\Users\tishy\Documents\Honors\SkinDisNet\Preprocessed\Scabies (SC)\SC (303).jpg,Other,0.96282958984375,
SkinDisNet,C:\Users\tishy\Documents\Honors\SkinDisNet\Preprocessed\Scabies (SC)\SC (304).jpg,Other,0.90802001953125,
SkinDisNet,C:\Users\tishy\Documents\Honors\SkinDisNet\Preprocessed\Scabies (SC)\SC (305).jpg,Other,0.9305419921875,
SkinDisNet,C:\Users\tishy\Documents\Honors\SkinDisNet\Preprocessed\Scabies (SC)\SC (306).jpg,Other,0.7069091796875,
SkinDisNet,C:\Users\tishy\Documents\Honors\SkinDisNet\Preprocessed\Scabies (SC)\SC (307).jpg,Other,0.83636474609375,
SkinDisNet,C:\Users\tishy\Documents\Honors\SkinDisNet\Preprocessed\Scabies (SC)\SC (308).jpg,Other,0.4508056640625,
SkinDisNet,C:\Users\tishy\Documents\Honors\SkinDisNet\Preprocessed\Scabies (SC)\SC (309).jpg,Other,0.4102783203125,
SkinDisNet,C:\Users\tishy\Documents\Honors\SkinDisNet\Preprocessed\Scabies (SC)\SC (31).jpg,Other,0.59625244140625,
SkinDisNet,C:\Users\tishy\Documents\Honors\SkinDisNet\Preprocessed\Scabies (SC)\SC (310).jpg,Other,0.7373046875,
SkinDisNet,C:\Users\tishy\Documents\Honors\SkinDisNet\Preprocessed\Scabies (SC)\SC (311).jpg,Other,0.582275390625,
SkinDisNet,C:\Users\tishy\Documents\Honors\SkinDisNet\Preprocessed\Scabies (SC)\SC (312).jpg,Other,0.8319091796875,
SkinDisNet,C:\Users\tishy\Documents\Honors\SkinDisNet\Preprocessed\Scabies (SC)\SC (313).jpg,Other,0.818603515625,
SkinDisNet,C:\Users\tishy\Documents\Honors\SkinDisNet\Preprocessed\Scabies (SC)\SC (314).jpg,Other,0.737060546875,
SkinDisNet,C:\Users\tishy\Documents\Honors\SkinDisNet\Preprocessed\Scabies (SC)\SC (315).jpg,Other,0.87811279296875,
SkinDisNet,C:\Users\tishy\Documents\Honors\SkinDisNet\Preprocessed\Scabies (SC)\SC (316).jpg,Other,0.952880859375,
SkinDisNet,C:\Users\tishy\Documents\Honors\SkinDisNet\Preprocessed\Scabies (SC)\SC (317).jpg,Other,0.59967041015625,
SkinDisNet,C:\Users\tishy\Documents\Honors\SkinDisNet\Preprocessed\Scabies (SC)\SC (318).jpg,Other,0.87310791015625,
SkinDisNet,C:\Users\tishy\Documents\Honors\SkinDisNet\Preprocessed\Scabies (SC)\SC (319).jpg,Other,0.796142578125,
SkinDisNet,C:\Users\tishy\Documents\Honors\SkinDisNet\Preprocessed\Scabies (SC)\SC (32).jpg,Other,0.96148681640625,
SkinDisNet,C:\Users\tishy\Documents\Honors\SkinDisNet\Preprocessed\Scabies (SC)\SC (320).jpg,Other,0.5147705078125,
SkinDisNet,C:\Users\tishy\Documents\Honors\SkinDisNet\Preprocessed\Scabies (SC)\SC (321).jpg,Other,0.3839111328125,
SkinDisNet,C:\Users\tishy\Documents\Honors\SkinDisNet\Preprocessed\Scabies (SC)\SC (322).jpg,Other,0.57330322265625,
SkinDisNet,C:\Users\tishy\Documents\Honors\SkinDisNet\Preprocessed\Scabies (SC)\SC (323).jpg,Other,0.52081298828125,
SkinDisNet,C:\Users\tishy\Documents\Honors\SkinDisNet\Preprocessed\Scabies (SC)\SC (324).jpg,Other,0.76513671875,
SkinDisNet,C:\Users\tishy\Documents\Honors\SkinDisNet\Preprocessed\Scabies (SC)\SC (325).jpg,Other,0.86236572265625,
SkinDisNet,C:\Users\tishy\Documents\Honors\SkinDisNet\Preprocessed\Scabies (SC)\SC (326).jpg,Other,0.76275634765625,
SkinDisNet,C:\Users\tishy\Documents\Honors\SkinDisNet\Preprocessed\Scabies (SC)\SC (327).jpg,Other,0.8211669921875,
SkinDisNet,C:\Users\tishy\Documents\Honors\SkinDisNet\Preprocessed\Scabies (SC)\SC (328).jpg,Other,0.82012939453125,
SkinDisNet,C:\Users\tishy\Documents\Honors\SkinDisNet\Preprocessed\Scabies (SC)\SC (329).jpg,Other,0.78369140625,
SkinDisNet,C:\Users\tishy\Documents\Honors\SkinDisNet\Preprocessed\Scabies (SC)\SC (33).jpg,Other,0.6063232421875,
SkinDisNet,C:\Users\tishy\Documents\Honors\SkinDisNet\Preprocessed\Scabies (SC)\SC (330).jpg,Other,0.66436767578125,
SkinDisNet,C:\Users\tishy\Documents\Honors\SkinDisNet\Preprocessed\Scabies (SC)\SC (331).jpg,Other,0.6204833984375,
SkinDisNet,C:\Users\tishy\Documents\Honors\SkinDisNet\Preprocessed\Scabies (SC)\SC (332).jpg,Other,0.59423828125,
SkinDisNet,C:\Users\tishy\Documents\Honors\SkinDisNet\Preprocessed\Scabies (SC)\SC (333).jpg,Other,0.566162109375,
SkinDisNet,C:\Users\tishy\Documents\Honors\SkinDisNet\Preprocessed\Scabies (SC)\SC (334).jpg,Other,0.305908203125,
SkinDisNet,C:\Users\tishy\Documents\Honors\SkinDisNet\Preprocessed\Scabies (SC)\SC (335).jpg,Other,0.5145263671875,
SkinDisNet,C:\Users\tishy\Documents\Honors\SkinDisNet\Preprocessed\Scabies (SC)\SC (336).jpg,Other,0.4263916015625,
SkinDisNet,C:\Users\tishy\Documents\Honors\SkinDisNet\Preprocessed\Scabies (SC)\SC (337).jpg,Other,0.78021240234375,
SkinDisNet,C:\Users\tishy\Documents\Honors\SkinDisNet\Preprocessed\Scabies (SC)\SC (338).jpg,Other,0.80999755859375,
SkinDisNet,C:\Users\tishy\Documents\Honors\SkinDisNet\Preprocessed\Scabies (SC)\SC (339).jpg,Other,0.7808837890625,
SkinDisNet,C:\Users\tishy\Documents\Honors\SkinDisNet\Preprocessed\Scabies (SC)\SC (34).jpg,Other,0.97283935546875,
SkinDisNet,C:\Users\tishy\Documents\Honors\SkinDisNet\Preprocessed\Scabies (SC)\SC (340).jpg,Other,0.77642822265625,
SkinDisNet,C:\Users\tishy\Documents\Honors\SkinDisNet\Preprocessed\Scabies (SC)\SC (341).jpg,Other,0.51531982421875,
SkinDisNet,C:\Users\tishy\Documents\Honors\SkinDisNet\Preprocessed\Scabies (SC)\SC (342).jpg,Other,0.83160400390625,
SkinDisNet,C:\Users\tishy\Documents\Honors\SkinDisNet\Preprocessed\Scabies (SC)\SC (343).jpg,Other,0.79437255859375,
SkinDisNet,C:\Users\tishy\Documents\Honors\SkinDisNet\Preprocessed\Scabies (SC)\SC (35).jpg,Other,0.5631103515625,
SkinDisNet,C:\Users\tishy\Documents\Honors\SkinDisNet\Preprocessed\Scabies (SC)\SC (36).jpg,Other,0.64788818359375,
SkinDisNet,C:\Users\tishy\Documents\Honors\SkinDisNet\Preprocessed\Scabies (SC)\SC (37).jpg,Other,0.5843505859375,
SkinDisNet,C:\Users\tishy\Documents\Honors\SkinDisNet\Preprocessed\Scabies (SC)\SC (38).jpg,Other,0.54437255859375,
SkinDisNet,C:\Users\tishy\Documents\Honors\SkinDisNet\Preprocessed\Scabies (SC)\SC (39).jpg,Other,0.48675537109375,
SkinDisNet,C:\Users\tishy\Documents\Honors\SkinDisNet\Preprocessed\Scabies (SC)\SC (4).jpg,Other,0.75799560546875,
SkinDisNet,C:\Users\tishy\Documents\Honors\SkinDisNet\Preprocessed\Scabies (SC)\SC (40).jpg,Other,0.48504638671875,
SkinDisNet,C:\Users\tishy\Documents\Honors\SkinDisNet\Preprocessed\Scabies (SC)\SC (41).jpg,Other,0.75006103515625,
SkinDisNet,C:\Users\tishy\Documents\Honors\SkinDisNet\Preprocessed\Scabies (SC)\SC (42).jpg,Other,0.87646484375,
SkinDisNet,C:\Users\tishy\Documents\Honors\SkinDisNet\Preprocessed\Scabies (SC)\SC (43).jpg,Other,0.85968017578125,
SkinDisNet,C:\Users\tishy\Documents\Honors\SkinDisNet\Preprocessed\Scabies (SC)\SC (44).jpg,Other,0.9127197265625,
SkinDisNet,C:\Users\tishy\Documents\Honors\SkinDisNet\Preprocessed\Scabies (SC)\SC (45).jpg,Other,0.8687744140625,
SkinDisNet,C:\Users\tishy\Documents\Honors\SkinDisNet\Preprocessed\Scabies (SC)\SC (46).jpg,Other,0.94580078125,
SkinDisNet,C:\Users\tishy\Documents\Honors\SkinDisNet\Preprocessed\Scabies (SC)\SC (47).jpg,Other,0.87701416015625,
SkinDisNet,C:\Users\tishy\Documents\Honors\SkinDisNet\Preprocessed\Scabies (SC)\SC (48).jpg,Other,0.6693115234375,
SkinDisNet,C:\Users\tishy\Documents\Honors\SkinDisNet\Preprocessed\Scabies (SC)\SC (49).jpg,Other,0.89837646484375,
SkinDisNet,C:\Users\tishy\Documents\Honors\SkinDisNet\Preprocessed\Scabies (SC)\SC (5).jpg,Other,0.802001953125,
SkinDisNet,C:\Users\tishy\Documents\Honors\SkinDisNet\Preprocessed\Scabies (SC)\SC (50).jpg,Other,0.6790771484375,
SkinDisNet,C:\Users\tishy\Documents\Honors\SkinDisNet\Preprocessed\Scabies (SC)\SC (51).jpg,Other,0.883544921875,
SkinDisNet,C:\Users\tishy\Documents\Honors\SkinDisNet\Preprocessed\Scabies (SC)\SC (52).jpg,Other,0.86505126953125,
SkinDisNet,C:\Users\tishy\Documents\Honors\SkinDisNet\Preprocessed\Scabies (SC)\SC (53).jpg,Other,0.9188232421875,
SkinDisNet,C:\Users\tishy\Documents\Honors\SkinDisNet\Preprocessed\Scabies (SC)\SC (54).jpg,Other,0.95098876953125,
SkinDisNet,C:\Users\tishy\Documents\Honors\SkinDisNet\Preprocessed\Scabies (SC)\SC (55).jpg,Other,0.5706787109375,
SkinDisNet,C:\Users\tishy\Documents\Honors\SkinDisNet\Preprocessed\Scabies (SC)\SC (56).jpg,Other,0.56298828125,
SkinDisNet,C:\Users\tishy\Documents\Honors\SkinDisNet\Preprocessed\Scabies (SC)\SC (57).jpg,Other,0.78704833984375,
SkinDisNet,C:\Users\tishy\Documents\Honors\SkinDisNet\Preprocessed\Scabies (SC)\SC (58).jpg,Other,0.8590087890625,
SkinDisNet,C:\Users\tishy\Documents\Honors\SkinDisNet\Preprocessed\Scabies (SC)\SC (59).jpg,Other,0.99566650390625,
SkinDisNet,C:\Users\tishy\Documents\Honors\SkinDisNet\Preprocessed\Scabies (SC)\SC (6).jpg,Other,0.9049072265625,
SkinDisNet,C:\Users\tishy\Documents\Honors\SkinDisNet\Preprocessed\Scabies (SC)\SC (60).jpg,Other,0.97760009765625,
SkinDisNet,C:\Users\tishy\Documents\Honors\SkinDisNet\Preprocessed\Scabies (SC)\SC (61).jpg,Other,0.83917236328125,
SkinDisNet,C:\Users\tishy\Documents\Honors\SkinDisNet\Preprocessed\Scabies (SC)\SC (62).jpg,Other,0.83135986328125,
SkinDisNet,C:\Users\tishy\Documents\Honors\SkinDisNet\Preprocessed\Scabies (SC)\SC (63).jpg,Other,0.84283447265625,
SkinDisNet,C:\Users\tishy\Documents\Honors\SkinDisNet\Preprocessed\Scabies (SC)\SC (64).jpg,Other,0.79681396484375,
SkinDisNet,C:\Users\tishy\Documents\Honors\SkinDisNet\Preprocessed\Scabies (SC)\SC (65).jpg,Other,0.84423828125,
SkinDisNet,C:\Users\tishy\Documents\Honors\SkinDisNet\Preprocessed\Scabies (SC)\SC (66).jpg,Other,0.70037841796875,
SkinDisNet,C:\Users\tishy\Documents\Honors\SkinDisNet\Preprocessed\Scabies (SC)\SC (67).jpg,Other,0.71087646484375,
SkinDisNet,C:\Users\tishy\Documents\Honors\SkinDisNet\Preprocessed\Scabies (SC)\SC (68).jpg,Other,0.63153076171875,
SkinDisNet,C:\Users\tishy\Documents\Honors\SkinDisNet\Preprocessed\Scabies (SC)\SC (69).jpg,Other,0.62384033203125,
SkinDisNet,C:\Users\tishy\Documents\Honors\SkinDisNet\Preprocessed\Scabies (SC)\SC (7).jpg,Other,0.7105712890625,
SkinDisNet,C:\Users\tishy\Documents\Honors\SkinDisNet\Preprocessed\Scabies (SC)\SC (70).jpg,Other,0.91864013671875,
SkinDisNet,C:\Users\tishy\Documents\Honors\SkinDisNet\Preprocessed\Scabies (SC)\SC (71).jpg,Other,0.9193115234375,
SkinDisNet,C:\Users\tishy\Documents\Honors\SkinDisNet\Preprocessed\Scabies (SC)\SC (72).jpg,Other,0.74212646484375,
SkinDisNet,C:\Users\tishy\Documents\Honors\SkinDisNet\Preprocessed\Scabies (SC)\SC (73).jpg,Other,0.740478515625,
SkinDisNet,C:\Users\tishy\Documents\Honors\SkinDisNet\Preprocessed\Scabies (SC)\SC (74).jpg,Other,0.7044677734375,
SkinDisNet,C:\Users\tishy\Documents\Honors\SkinDisNet\Preprocessed\Scabies (SC)\SC (75).jpg,Other,0.75225830078125,
SkinDisNet,C:\Users\tishy\Documents\Honors\SkinDisNet\Preprocessed\Scabies (SC)\SC (76).jpg,Other,0.99395751953125,
SkinDisNet,C:\Users\tishy\Documents\Honors\SkinDisNet\Preprocessed\Scabies (SC)\SC (77).jpg,Other,1.0,
SkinDisNet,C:\Users\tishy\Documents\Honors\SkinDisNet\Preprocessed\Scabies (SC)\SC (78).jpg,Other,0.99700927734375,
SkinDisNet,C:\Users\tishy\Documents\Honors\SkinDisNet\Preprocessed\Scabies (SC)\SC (79).jpg,Other,0.99322509765625,
SkinDisNet,C:\Users\tishy\Documents\Honors\SkinDisNet\Preprocessed\Scabies (SC)\SC (8).jpg,Other,0.81268310546875,
SkinDisNet,C:\Users\tishy\Documents\Honors\SkinDisNet\Preprocessed\Scabies (SC)\SC (80).jpg,Other,0.84405517578125,
SkinDisNet,C:\Users\tishy\Documents\Honors\SkinDisNet\Preprocessed\Scabies (SC)\SC (81).jpg,Other,0.96124267578125,
SkinDisNet,C:\Users\tishy\Documents\Honors\SkinDisNet\Preprocessed\Scabies (SC)\SC (82).jpg,Other,0.9696044921875,
SkinDisNet,C:\Users\tishy\Documents\Honors\SkinDisNet\Preprocessed\Scabies (SC)\SC (83).jpg,Other,0.8482666015625,
SkinDisNet,C:\Users\tishy\Documents\Honors\SkinDisNet\Preprocessed\Scabies (SC)\SC (84).jpg,Other,0.77191162109375,
SkinDisNet,C:\Users\tishy\Documents\Honors\SkinDisNet\Preprocessed\Scabies (SC)\SC (85).jpg,Other,0.72015380859375,
SkinDisNet,C:\Users\tishy\Documents\Honors\SkinDisNet\Preprocessed\Scabies (SC)\SC (86).jpg,Other,0.70672607421875,
SkinDisNet,C:\Users\tishy\Documents\Honors\SkinDisNet\Preprocessed\Scabies (SC)\SC (87).jpg,Other,0.6986083984375,
SkinDisNet,C:\Users\tishy\Documents\Honors\SkinDisNet\Preprocessed\Scabies (SC)\SC (88).jpg,Other,0.7161865234375,
SkinDisNet,C:\Users\tishy\Documents\Honors\SkinDisNet\Preprocessed\Scabies (SC)\SC (89).jpg,Other,0.953369140625,
SkinDisNet,C:\Users\tishy\Documents\Honors\SkinDisNet\Preprocessed\Scabies (SC)\SC (9).jpg,Other,0.8311767578125,
SkinDisNet,C:\Users\tishy\Documents\Honors\SkinDisNet\Preprocessed\Scabies (SC)\SC (90).jpg,Other,0.99920654296875,
SkinDisNet,C:\Users\tishy\Documents\Honors\SkinDisNet\Preprocessed\Scabies (SC)\SC (91).jpg,Other,0.6744384765625,
SkinDisNet,C:\Users\tishy\Documents\Honors\SkinDisNet\Preprocessed\Scabies (SC)\SC (92).jpg,Other,0.9853515625,
SkinDisNet,C:\Users\tishy\Documents\Honors\SkinDisNet\Preprocessed\Scabies (SC)\SC (93).jpg,Other,0.6231689453125,
SkinDisNet,C:\Users\tishy\Documents\Honors\SkinDisNet\Preprocessed\Scabies (SC)\SC (94).jpg,Other,0.50396728515625,
SkinDisNet,C:\Users\tishy\Documents\Honors\SkinDisNet\Preprocessed\Scabies (SC)\SC (95).jpg,Other,0.73333740234375,
SkinDisNet,C:\Users\tishy\Documents\Honors\SkinDisNet\Preprocessed\Scabies (SC)\SC (96).jpg,Other,0.80859375,
SkinDisNet,C:\Users\tishy\Documents\Honors\SkinDisNet\Preprocessed\Scabies (SC)\SC (97).jpg,Other,0.75860595703125,
SkinDisNet,C:\Users\tishy\Documents\Honors\SkinDisNet\Preprocessed\Scabies (SC)\SC (98).jpg,Other,0.58270263671875,
SkinDisNet,C:\Users\tishy\Documents\Honors\SkinDisNet\Preprocessed\Scabies (SC)\SC (99).jpg,Other,0.62158203125,
SkinDisNet,C:\Users\tishy\Documents\Honors\SkinDisNet\Preprocessed\Seborrheic Dermatitis (SD)\SD (1).jpg,Other,0.0947265625,
SkinDisNet,C:\Users\tishy\Documents\Honors\SkinDisNet\Preprocessed\Seborrheic Dermatitis (SD)\SD (10).jpg,Other,0.8524169921875,
SkinDisNet,C:\Users\tishy\Documents\Honors\SkinDisNet\Preprocessed\Seborrheic Dermatitis (SD)\SD (11).jpg,Other,0.810791015625,
SkinDisNet,C:\Users\tishy\Documents\Honors\SkinDisNet\Preprocessed\Seborrheic Dermatitis (SD)\SD (12).jpg,Other,0.926025390625,
SkinDisNet,C:\Users\tishy\Documents\Honors\SkinDisNet\Preprocessed\Seborrheic Dermatitis (SD)\SD (13).jpg,Other,0.85357666015625,
SkinDisNet,C:\Users\tishy\Documents\Honors\SkinDisNet\Preprocessed\Seborrheic Dermatitis (SD)\SD (14).jpg,Other,0.92034912109375,
SkinDisNet,C:\Users\tishy\Documents\Honors\SkinDisNet\Preprocessed\Seborrheic Dermatitis (SD)\SD (15).jpg,Other,0.94659423828125,
SkinDisNet,C:\Users\tishy\Documents\Honors\SkinDisNet\Preprocessed\Seborrheic Dermatitis (SD)\SD (16).jpg,Other,0.7386474609375,
SkinDisNet,C:\Users\tishy\Documents\Honors\SkinDisNet\Preprocessed\Seborrheic Dermatitis (SD)\SD (17).jpg,Other,0.89483642578125,
SkinDisNet,C:\Users\tishy\Documents\Honors\SkinDisNet\Preprocessed\Seborrheic Dermatitis (SD)\SD (18).jpg,Other,0.68756103515625,
SkinDisNet,C:\Users\tishy\Documents\Honors\SkinDisNet\Preprocessed\Seborrheic Dermatitis (SD)\SD (19).jpg,Other,0.773681640625,
SkinDisNet,C:\Users\tishy\Documents\Honors\SkinDisNet\Preprocessed\Seborrheic Dermatitis (SD)\SD (2).jpg,Other,0.4923095703125,
SkinDisNet,C:\Users\tishy\Documents\Honors\SkinDisNet\Preprocessed\Seborrheic Dermatitis (SD)\SD (20).jpg,Other,0.7928466796875,
SkinDisNet,C:\Users\tishy\Documents\Honors\SkinDisNet\Preprocessed\Seborrheic Dermatitis (SD)\SD (21).jpg,Other,0.5814208984375,
SkinDisNet,C:\Users\tishy\Documents\Honors\SkinDisNet\Preprocessed\Seborrheic Dermatitis (SD)\SD (22).jpg,Other,0.95562744140625,
SkinDisNet,C:\Users\tishy\Documents\Honors\SkinDisNet\Preprocessed\Seborrheic Dermatitis (SD)\SD (23).jpg,Other,0.76806640625,
SkinDisNet,C:\Users\tishy\Documents\Honors\SkinDisNet\Preprocessed\Seborrheic Dermatitis (SD)\SD (24).jpg,Other,0.8409423828125,
SkinDisNet,C:\Users\tishy\Documents\Honors\SkinDisNet\Preprocessed\Seborrheic Dermatitis (SD)\SD (25).jpg,Other,0.8631591796875,
SkinDisNet,C:\Users\tishy\Documents\Honors\SkinDisNet\Preprocessed\Seborrheic Dermatitis (SD)\SD (26).jpg,Other,0.74786376953125,
SkinDisNet,C:\Users\tishy\Documents\Honors\SkinDisNet\Preprocessed\Seborrheic Dermatitis (SD)\SD (27).jpg,Other,0.69488525390625,
SkinDisNet,C:\Users\tishy\Documents\Honors\SkinDisNet\Preprocessed\Seborrheic Dermatitis (SD)\SD (28).jpg,Other,0.56549072265625,
SkinDisNet,C:\Users\tishy\Documents\Honors\SkinDisNet\Preprocessed\Seborrheic Dermatitis (SD)\SD (29).jpg,Other,0.99066162109375,
SkinDisNet,C:\Users\tishy\Documents\Honors\SkinDisNet\Preprocessed\Seborrheic Dermatitis (SD)\SD (3).jpg,Other,0.23248291015625,
SkinDisNet,C:\Users\tishy\Documents\Honors\SkinDisNet\Preprocessed\Seborrheic Dermatitis (SD)\SD (30).jpg,Other,0.99615478515625,
SkinDisNet,C:\Users\tishy\Documents\Honors\SkinDisNet\Preprocessed\Seborrheic Dermatitis (SD)\SD (31).jpg,Other,0.53057861328125,
SkinDisNet,C:\Users\tishy\Documents\Honors\SkinDisNet\Preprocessed\Seborrheic Dermatitis (SD)\SD (32).jpg,Other,0.08074951171875,
SkinDisNet,C:\Users\tishy\Documents\Honors\SkinDisNet\Preprocessed\Seborrheic Dermatitis (SD)\SD (33).jpg,Other,0.5716552734375,
SkinDisNet,C:\Users\tishy\Documents\Honors\SkinDisNet\Preprocessed\Seborrheic Dermatitis (SD)\SD (34).jpg,Other,0.5128173828125,
SkinDisNet,C:\Users\tishy\Documents\Honors\SkinDisNet\Preprocessed\Seborrheic Dermatitis (SD)\SD (35).jpg,Other,0.98016357421875,
SkinDisNet,C:\Users\tishy\Documents\Honors\SkinDisNet\Preprocessed\Seborrheic Dermatitis (SD)\SD (36).jpg,Other,0.976318359375,
SkinDisNet,C:\Users\tishy\Documents\Honors\SkinDisNet\Preprocessed\Seborrheic Dermatitis (SD)\SD (37).jpg,Other,0.91790771484375,
SkinDisNet,C:\Users\tishy\Documents\Honors\SkinDisNet\Preprocessed\Seborrheic Dermatitis (SD)\SD (38).jpg,Other,0.884033203125,
SkinDisNet,C:\Users\tishy\Documents\Honors\SkinDisNet\Preprocessed\Seborrheic Dermatitis (SD)\SD (39).jpg,Other,0.954833984375,
SkinDisNet,C:\Users\tishy\Documents\Honors\SkinDisNet\Preprocessed\Seborrheic Dermatitis (SD)\SD (4).jpg,Other,0.70635986328125,
SkinDisNet,C:\Users\tishy\Documents\Honors\SkinDisNet\Preprocessed\Seborrheic Dermatitis (SD)\SD (40).jpg,Other,0.82305908203125,
SkinDisNet,C:\Users\tishy\Documents\Honors\SkinDisNet\Preprocessed\Seborrheic Dermatitis (SD)\SD (41).jpg,Other,0.87353515625,
SkinDisNet,C:\Users\tishy\Documents\Honors\SkinDisNet\Preprocessed\Seborrheic Dermatitis (SD)\SD (42).jpg,Other,0.98126220703125,
SkinDisNet,C:\Users\tishy\Documents\Honors\SkinDisNet\Preprocessed\Seborrheic Dermatitis (SD)\SD (43).jpg,Other,0.93499755859375,
SkinDisNet,C:\Users\tishy\Documents\Honors\SkinDisNet\Preprocessed\Seborrheic Dermatitis (SD)\SD (44).jpg,Other,0.861083984375,
SkinDisNet,C:\Users\tishy\Documents\Honors\SkinDisNet\Preprocessed\Seborrheic Dermatitis (SD)\SD (45).jpg,Other,0.9368896484375,
SkinDisNet,C:\Users\tishy\Documents\Honors\SkinDisNet\Preprocessed\Seborrheic Dermatitis (SD)\SD (46).jpg,Other,0.9454345703125,
SkinDisNet,C:\Users\tishy\Documents\Honors\SkinDisNet\Preprocessed\Seborrheic Dermatitis (SD)\SD (47).jpg,Other,0.87347412109375,
SkinDisNet,C:\Users\tishy\Documents\Honors\SkinDisNet\Preprocessed\Seborrheic Dermatitis (SD)\SD (48).jpg,Other,0.9290771484375,
SkinDisNet,C:\Users\tishy\Documents\Honors\SkinDisNet\Preprocessed\Seborrheic Dermatitis (SD)\SD (49).jpg,Other,0.9400634765625,
SkinDisNet,C:\Users\tishy\Documents\Honors\SkinDisNet\Preprocessed\Seborrheic Dermatitis (SD)\SD (5).jpg,Other,0.63433837890625,
SkinDisNet,C:\Users\tishy\Documents\Honors\SkinDisNet\Preprocessed\Seborrheic Dermatitis (SD)\SD (50).jpg,Other,0.9722900390625,
SkinDisNet,C:\Users\tishy\Documents\Honors\SkinDisNet\Preprocessed\Seborrheic Dermatitis (SD)\SD (51).jpg,Other,0.955078125,
SkinDisNet,C:\Users\tishy\Documents\Honors\SkinDisNet\Preprocessed\Seborrheic Dermatitis (SD)\SD (52).jpg,Other,0.71795654296875,
SkinDisNet,C:\Users\tishy\Documents\Honors\SkinDisNet\Preprocessed\Seborrheic Dermatitis (SD)\SD (53).jpg,Other,0.73187255859375,
SkinDisNet,C:\Users\tishy\Documents\Honors\SkinDisNet\Preprocessed\Seborrheic Dermatitis (SD)\SD (54).jpg,Other,0.72607421875,
SkinDisNet,C:\Users\tishy\Documents\Honors\SkinDisNet\Preprocessed\Seborrheic Dermatitis (SD)\SD (55).jpg,Other,0.8311767578125,
SkinDisNet,C:\Users\tishy\Documents\Honors\SkinDisNet\Preprocessed\Seborrheic Dermatitis (SD)\SD (56).jpg,Other,1.0,
SkinDisNet,C:\Users\tishy\Documents\Honors\SkinDisNet\Preprocessed\Seborrheic Dermatitis (SD)\SD (57).jpg,Other,0.99847412109375,
SkinDisNet,C:\Users\tishy\Documents\Honors\SkinDisNet\Preprocessed\Seborrheic Dermatitis (SD)\SD (58).jpg,Other,0.8978271484375,
SkinDisNet,C:\Users\tishy\Documents\Honors\SkinDisNet\Preprocessed\Seborrheic Dermatitis (SD)\SD (59).jpg,Other,0.93438720703125,
SkinDisNet,C:\Users\tishy\Documents\Honors\SkinDisNet\Preprocessed\Seborrheic Dermatitis (SD)\SD (6).jpg,Other,0.04278564453125,
SkinDisNet,C:\Users\tishy\Documents\Honors\SkinDisNet\Preprocessed\Seborrheic Dermatitis (SD)\SD (60).jpg,Other,0.8624267578125,
SkinDisNet,C:\Users\tishy\Documents\Honors\SkinDisNet\Preprocessed\Seborrheic Dermatitis (SD)\SD (61).jpg,Other,0.92669677734375,
SkinDisNet,C:\Users\tishy\Documents\Honors\SkinDisNet\Preprocessed\Seborrheic Dermatitis (SD)\SD (62).jpg,Other,0.37164306640625,
SkinDisNet,C:\Users\tishy\Documents\Honors\SkinDisNet\Preprocessed\Seborrheic Dermatitis (SD)\SD (63).jpg,Other,0.21234130859375,
SkinDisNet,C:\Users\tishy\Documents\Honors\SkinDisNet\Preprocessed\Seborrheic Dermatitis (SD)\SD (64).jpg,Other,0.95806884765625,
SkinDisNet,C:\Users\tishy\Documents\Honors\SkinDisNet\Preprocessed\Seborrheic Dermatitis (SD)\SD (65).jpg,Other,0.927001953125,
SkinDisNet,C:\Users\tishy\Documents\Honors\SkinDisNet\Preprocessed\Seborrheic Dermatitis (SD)\SD (66).jpg,Other,0.90032958984375,
SkinDisNet,C:\Users\tishy\Documents\Honors\SkinDisNet\Preprocessed\Seborrheic Dermatitis (SD)\SD (67).jpg,Other,0.97607421875,
SkinDisNet,C:\Users\tishy\Documents\Honors\SkinDisNet\Preprocessed\Seborrheic Dermatitis (SD)\SD (68).jpg,Other,0.96441650390625,
SkinDisNet,C:\Users\tishy\Documents\Honors\SkinDisNet\Preprocessed\Seborrheic Dermatitis (SD)\SD (69).jpg,Other,0.94158935546875,
SkinDisNet,C:\Users\tishy\Documents\Honors\SkinDisNet\Preprocessed\Seborrheic Dermatitis (SD)\SD (7).jpg,Other,1.0,
SkinDisNet,C:\Users\tishy\Documents\Honors\SkinDisNet\Preprocessed\Seborrheic Dermatitis (SD)\SD (70).jpg,Other,0.9571533203125,
SkinDisNet,C:\Users\tishy\Documents\Honors\SkinDisNet\Preprocessed\Seborrheic Dermatitis (SD)\SD (71).jpg,Other,0.96514892578125,
SkinDisNet,C:\Users\tishy\Documents\Honors\SkinDisNet\Preprocessed\Seborrheic Dermatitis (SD)\SD (72).jpg,Other,0.45733642578125,
SkinDisNet,C:\Users\tishy\Documents\Honors\SkinDisNet\Preprocessed\Seborrheic Dermatitis (SD)\SD (73).jpg,Other,0.87982177734375,
SkinDisNet,C:\Users\tishy\Documents\Honors\SkinDisNet\Preprocessed\Seborrheic Dermatitis (SD)\SD (74).jpg,Other,0.708740234375,
SkinDisNet,C:\Users\tishy\Documents\Honors\SkinDisNet\Preprocessed\Seborrheic Dermatitis (SD)\SD (75).jpg,Other,0.8363037109375,
SkinDisNet,C:\Users\tishy\Documents\Honors\SkinDisNet\Preprocessed\Seborrheic Dermatitis (SD)\SD (76).jpg,Other,0.11456298828125,
SkinDisNet,C:\Users\tishy\Documents\Honors\SkinDisNet\Preprocessed\Seborrheic Dermatitis (SD)\SD (77).jpg,Other,0.0936279296875,
SkinDisNet,C:\Users\tishy\Documents\Honors\SkinDisNet\Preprocessed\Seborrheic Dermatitis (SD)\SD (78).jpg,Other,0.09912109375,
SkinDisNet,C:\Users\tishy\Documents\Honors\SkinDisNet\Preprocessed\Seborrheic Dermatitis (SD)\SD (79).jpg,Other,0.1259765625,
SkinDisNet,C:\Users\tishy\Documents\Honors\SkinDisNet\Preprocessed\Seborrheic Dermatitis (SD)\SD (8).jpg,Other,0.881103515625,
SkinDisNet,C:\Users\tishy\Documents\Honors\SkinDisNet\Preprocessed\Seborrheic Dermatitis (SD)\SD (9).jpg,Other,0.81231689453125,
SkinDisNet,C:\Users\tishy\Documents\Honors\SkinDisNet\Preprocessed\Tinea Corporis (TC)\TC (1).jpg,Other,0.82928466796875,
SkinDisNet,C:\Users\tishy\Documents\Honors\SkinDisNet\Preprocessed\Tinea Corporis (TC)\TC (10).jpg,Other,0.91912841796875,
SkinDisNet,C:\Users\tishy\Documents\Honors\SkinDisNet\Preprocessed\Tinea Corporis (TC)\TC (100).jpg,Other,0.264404296875,
SkinDisNet,C:\Users\tishy\Documents\Honors\SkinDisNet\Preprocessed\Tinea Corporis (TC)\TC (101).jpg,Other,0.30413818359375,
SkinDisNet,C:\Users\tishy\Documents\Honors\SkinDisNet\Preprocessed\Tinea Corporis (TC)\TC (102).jpg,Other,0.49090576171875,
SkinDisNet,C:\Users\tishy\Documents\Honors\SkinDisNet\Preprocessed\Tinea Corporis (TC)\TC (103).jpg,Other,0.3011474609375,
SkinDisNet,C:\Users\tishy\Documents\Honors\SkinDisNet\Preprocessed\Tinea Corporis (TC)\TC (104).jpg,Other,0.45123291015625,
SkinDisNet,C:\Users\tishy\Documents\Honors\SkinDisNet\Preprocessed\Tinea Corporis (TC)\TC (105).jpg,Other,0.6971435546875,
SkinDisNet,C:\Users\tishy\Documents\Honors\SkinDisNet\Preprocessed\Tinea Corporis (TC)\TC (106).jpg,Other,0.964111328125,
SkinDisNet,C:\Users\tishy\Documents\Honors\SkinDisNet\Preprocessed\Tinea Corporis (TC)\TC (107).jpg,Other,0.84130859375,
SkinDisNet,C:\Users\tishy\Documents\Honors\SkinDisNet\Preprocessed\Tinea Corporis (TC)\TC (108).jpg,Other,0.9573974609375,
SkinDisNet,C:\Users\tishy\Documents\Honors\SkinDisNet\Preprocessed\Tinea Corporis (TC)\TC (109).jpg,Other,0.8394775390625,
SkinDisNet,C:\Users\tishy\Documents\Honors\SkinDisNet\Preprocessed\Tinea Corporis (TC)\TC (11).jpg,Other,0.99993896484375,
SkinDisNet,C:\Users\tishy\Documents\Honors\SkinDisNet\Preprocessed\Tinea Corporis (TC)\TC (110).jpg,Other,0.98175048828125,
SkinDisNet,C:\Users\tishy\Documents\Honors\SkinDisNet\Preprocessed\Tinea Corporis (TC)\TC (111).jpg,Other,0.87017822265625,
SkinDisNet,C:\Users\tishy\Documents\Honors\SkinDisNet\Preprocessed\Tinea Corporis (TC)\TC (112).jpg,Other,0.96063232421875,
SkinDisNet,C:\Users\tishy\Documents\Honors\SkinDisNet\Preprocessed\Tinea Corporis (TC)\TC (113).jpg,Other,0.9921875,
SkinDisNet,C:\Users\tishy\Documents\Honors\SkinDisNet\Preprocessed\Tinea Corporis (TC)\TC (114).jpg,Other,0.901123046875,
SkinDisNet,C:\Users\tishy\Documents\Honors\SkinDisNet\Preprocessed\Tinea Corporis (TC)\TC (115).jpg,Other,0.9638671875,
SkinDisNet,C:\Users\tishy\Documents\Honors\SkinDisNet\Preprocessed\Tinea Corporis (TC)\TC (116).jpg,Other,0.91259765625,
SkinDisNet,C:\Users\tishy\Documents\Honors\SkinDisNet\Preprocessed\Tinea Corporis (TC)\TC (117).jpg,Other,0.84442138671875,
SkinDisNet,C:\Users\tishy\Documents\Honors\SkinDisNet\Preprocessed\Tinea Corporis (TC)\TC (118).jpg,Other,0.85748291015625,
SkinDisNet,C:\Users\tishy\Documents\Honors\SkinDisNet\Preprocessed\Tinea Corporis (TC)\TC (119).jpg,Other,0.67108154296875,
SkinDisNet,C:\Users\tishy\Documents\Honors\SkinDisNet\Preprocessed\Tinea Corporis (TC)\TC (12).jpg,Other,0.95166015625,
SkinDisNet,C:\Users\tishy\Documents\Honors\SkinDisNet\Preprocessed\Tinea Corporis (TC)\TC (120).jpg,Other,0.696533203125,
SkinDisNet,C:\Users\tishy\Documents\Honors\SkinDisNet\Preprocessed\Tinea Corporis (TC)\TC (121).jpg,Other,0.99700927734375,
SkinDisNet,C:\Users\tishy\Documents\Honors\SkinDisNet\Preprocessed\Tinea Corporis (TC)\TC (122).jpg,Other,0.85552978515625,
SkinDisNet,C:\Users\tishy\Documents\Honors\SkinDisNet\Preprocessed\Tinea Corporis (TC)\TC (123).jpg,Other,0.99835205078125,
SkinDisNet,C:\Users\tishy\Documents\Honors\SkinDisNet\Preprocessed\Tinea Corporis (TC)\TC (124).jpg,Other,0.77545166015625,
SkinDisNet,C:\Users\tishy\Documents\Honors\SkinDisNet\Preprocessed\Tinea Corporis (TC)\TC (125).jpg,Other,0.6826171875,
SkinDisNet,C:\Users\tishy\Documents\Honors\SkinDisNet\Preprocessed\Tinea Corporis (TC)\TC (126).jpg,Other,0.9847412109375,
SkinDisNet,C:\Users\tishy\Documents\Honors\SkinDisNet\Preprocessed\Tinea Corporis (TC)\TC (127).jpg,Other,0.96600341796875,
SkinDisNet,C:\Users\tishy\Documents\Honors\SkinDisNet\Preprocessed\Tinea Corporis (TC)\TC (128).jpg,Other,0.9609375,
SkinDisNet,C:\Users\tishy\Documents\Honors\SkinDisNet\Preprocessed\Tinea Corporis (TC)\TC (129).jpg,Other,1.0,
SkinDisNet,C:\Users\tishy\Documents\Honors\SkinDisNet\Preprocessed\Tinea Corporis (TC)\TC (13).jpg,Other,0.998291015625,
SkinDisNet,C:\Users\tishy\Documents\Honors\SkinDisNet\Preprocessed\Tinea Corporis (TC)\TC (130).jpg,Other,0.99993896484375,
SkinDisNet,C:\Users\tishy\Documents\Honors\SkinDisNet\Preprocessed\Tinea Corporis (TC)\TC (131).jpg,Other,0.99395751953125,
SkinDisNet,C:\Users\tishy\Documents\Honors\SkinDisNet\Preprocessed\Tinea Corporis (TC)\TC (132).jpg,Other,0.98590087890625,
SkinDisNet,C:\Users\tishy\Documents\Honors\SkinDisNet\Preprocessed\Tinea Corporis (TC)\TC (133).jpg,Other,0.80340576171875,
SkinDisNet,C:\Users\tishy\Documents\Honors\SkinDisNet\Preprocessed\Tinea Corporis (TC)\TC (134).jpg,Other,0.8509521484375,
SkinDisNet,C:\Users\tishy\Documents\Honors\SkinDisNet\Preprocessed\Tinea Corporis (TC)\TC (135).jpg,Other,0.59771728515625,
SkinDisNet,C:\Users\tishy\Documents\Honors\SkinDisNet\Preprocessed\Tinea Corporis (TC)\TC (136).jpg,Other,0.6688232421875,
SkinDisNet,C:\Users\tishy\Documents\Honors\SkinDisNet\Preprocessed\Tinea Corporis (TC)\TC (137).jpg,Other,0.69195556640625,
SkinDisNet,C:\Users\tishy\Documents\Honors\SkinDisNet\Preprocessed\Tinea Corporis (TC)\TC (138).jpg,Other,0.9969482421875,
SkinDisNet,C:\Users\tishy\Documents\Honors\SkinDisNet\Preprocessed\Tinea Corporis (TC)\TC (139).jpg,Other,0.9508056640625,
SkinDisNet,C:\Users\tishy\Documents\Honors\SkinDisNet\Preprocessed\Tinea Corporis (TC)\TC (14).jpg,Other,0.7625732421875,
SkinDisNet,C:\Users\tishy\Documents\Honors\SkinDisNet\Preprocessed\Tinea Corporis (TC)\TC (140).jpg,Other,0.58233642578125,
SkinDisNet,C:\Users\tishy\Documents\Honors\SkinDisNet\Preprocessed\Tinea Corporis (TC)\TC (141).jpg,Other,0.53900146484375,
SkinDisNet,C:\Users\tishy\Documents\Honors\SkinDisNet\Preprocessed\Tinea Corporis (TC)\TC (142).jpg,Other,0.8759765625,
SkinDisNet,C:\Users\tishy\Documents\Honors\SkinDisNet\Preprocessed\Tinea Corporis (TC)\TC (143).jpg,Other,0.72271728515625,
SkinDisNet,C:\Users\tishy\Documents\Honors\SkinDisNet\Preprocessed\Tinea Corporis (TC)\TC (144).jpg,Other,0.99993896484375,
SkinDisNet,C:\Users\tishy\Documents\Honors\SkinDisNet\Preprocessed\Tinea Corporis (TC)\TC (145).jpg,Other,0.99993896484375,
SkinDisNet,C:\Users\tishy\Documents\Honors\SkinDisNet\Preprocessed\Tinea Corporis (TC)\TC (146).jpg,Other,0.2806396484375,
SkinDisNet,C:\Users\tishy\Documents\Honors\SkinDisNet\Preprocessed\Tinea Corporis (TC)\TC (147).jpg,Other,0.287841796875,
SkinDisNet,C:\Users\tishy\Documents\Honors\SkinDisNet\Preprocessed\Tinea Corporis (TC)\TC (148).jpg,Other,0.9833984375,
SkinDisNet,C:\Users\tishy\Documents\Honors\SkinDisNet\Preprocessed\Tinea Corporis (TC)\TC (149).jpg,Other,0.91064453125,
SkinDisNet,C:\Users\tishy\Documents\Honors\SkinDisNet\Preprocessed\Tinea Corporis (TC)\TC (15).jpg,Other,0.69842529296875,
SkinDisNet,C:\Users\tishy\Documents\Honors\SkinDisNet\Preprocessed\Tinea Corporis (TC)\TC (150).jpg,Other,0.814697265625,
SkinDisNet,C:\Users\tishy\Documents\Honors\SkinDisNet\Preprocessed\Tinea Corporis (TC)\TC (151).jpg,Other,0.99951171875,
SkinDisNet,C:\Users\tishy\Documents\Honors\SkinDisNet\Preprocessed\Tinea Corporis (TC)\TC (152).jpg,Other,0.993408203125,
SkinDisNet,C:\Users\tishy\Documents\Honors\SkinDisNet\Preprocessed\Tinea Corporis (TC)\TC (153).jpg,Other,1.0,
SkinDisNet,C:\Users\tishy\Documents\Honors\SkinDisNet\Preprocessed\Tinea Corporis (TC)\TC (154).jpg,Other,1.0,
SkinDisNet,C:\Users\tishy\Documents\Honors\SkinDisNet\Preprocessed\Tinea Corporis (TC)\TC (155).jpg,Other,0.961181640625,
SkinDisNet,C:\Users\tishy\Documents\Honors\SkinDisNet\Preprocessed\Tinea Corporis (TC)\TC (156).jpg,Other,0.9869384765625,
SkinDisNet,C:\Users\tishy\Documents\Honors\SkinDisNet\Preprocessed\Tinea Corporis (TC)\TC (157).jpg,Other,0.919677734375,
SkinDisNet,C:\Users\tishy\Documents\Honors\SkinDisNet\Preprocessed\Tinea Corporis (TC)\TC (158).jpg,Other,0.832275390625,
SkinDisNet,C:\Users\tishy\Documents\Honors\SkinDisNet\Preprocessed\Tinea Corporis (TC)\TC (159).jpg,Other,0.65301513671875,
SkinDisNet,C:\Users\tishy\Documents\Honors\SkinDisNet\Preprocessed\Tinea Corporis (TC)\TC (16).jpg,Other,0.50372314453125,
SkinDisNet,C:\Users\tishy\Documents\Honors\SkinDisNet\Preprocessed\Tinea Corporis (TC)\TC (160).jpg,Other,0.66119384765625,
SkinDisNet,C:\Users\tishy\Documents\Honors\SkinDisNet\Preprocessed\Tinea Corporis (TC)\TC (161).jpg,Other,0.66510009765625,
SkinDisNet,C:\Users\tishy\Documents\Honors\SkinDisNet\Preprocessed\Tinea Corporis (TC)\TC (162).jpg,Other,0.49200439453125,
SkinDisNet,C:\Users\tishy\Documents\Honors\SkinDisNet\Preprocessed\Tinea Corporis (TC)\TC (163).jpg,Other,0.51715087890625,
SkinDisNet,C:\Users\tishy\Documents\Honors\SkinDisNet\Preprocessed\Tinea Corporis (TC)\TC (164).jpg,Other,0.52215576171875,
SkinDisNet,C:\Users\tishy\Documents\Honors\SkinDisNet\Preprocessed\Tinea Corporis (TC)\TC (165).jpg,Other,0.28204345703125,
SkinDisNet,C:\Users\tishy\Documents\Honors\SkinDisNet\Preprocessed\Tinea Corporis (TC)\TC (166).jpg,Other,0.365966796875,
SkinDisNet,C:\Users\tishy\Documents\Honors\SkinDisNet\Preprocessed\Tinea Corporis (TC)\TC (167).jpg,Other,0.15313720703125,
SkinDisNet,C:\Users\tishy\Documents\Honors\SkinDisNet\Preprocessed\Tinea Corporis (TC)\TC (168).jpg,Other,0.345947265625,
SkinDisNet,C:\Users\tishy\Documents\Honors\SkinDisNet\Preprocessed\Tinea Corporis (TC)\TC (169).jpg,Other,0.793701171875,
SkinDisNet,C:\Users\tishy\Documents\Honors\SkinDisNet\Preprocessed\Tinea Corporis (TC)\TC (17).jpg,Other,0.47265625,
SkinDisNet,C:\Users\tishy\Documents\Honors\SkinDisNet\Preprocessed\Tinea Corporis (TC)\TC (170).jpg,Other,0.75115966796875,
SkinDisNet,C:\Users\tishy\Documents\Honors\SkinDisNet\Preprocessed\Tinea Corporis (TC)\TC (171).jpg,Other,0.82745361328125,
SkinDisNet,C:\Users\tishy\Documents\Honors\SkinDisNet\Preprocessed\Tinea Corporis (TC)\TC (172).jpg,Other,0.7333984375,
SkinDisNet,C:\Users\tishy\Documents\Honors\SkinDisNet\Preprocessed\Tinea Corporis (TC)\TC (173).jpg,Other,0.5577392578125,
SkinDisNet,C:\Users\tishy\Documents\Honors\SkinDisNet\Preprocessed\Tinea Corporis (TC)\TC (174).jpg,Other,0.54534912109375,
SkinDisNet,C:\Users\tishy\Documents\Honors\SkinDisNet\Preprocessed\Tinea Corporis (TC)\TC (175).jpg,Other,0.2781982421875,
SkinDisNet,C:\Users\tishy\Documents\Honors\SkinDisNet\Preprocessed\Tinea Corporis (TC)\TC (176).jpg,Other,0.5936279296875,
SkinDisNet,C:\Users\tishy\Documents\Honors\SkinDisNet\Preprocessed\Tinea Corporis (TC)\TC (177).jpg,Other,0.63287353515625,
SkinDisNet,C:\Users\tishy\Documents\Honors\SkinDisNet\Preprocessed\Tinea Corporis (TC)\TC (178).jpg,Other,0.55084228515625,
SkinDisNet,C:\Users\tishy\Documents\Honors\SkinDisNet\Preprocessed\Tinea Corporis (TC)\TC (179).jpg,Other,0.66729736328125,
SkinDisNet,C:\Users\tishy\Documents\Honors\SkinDisNet\Preprocessed\Tinea Corporis (TC)\TC (18).jpg,Other,0.43353271484375,
SkinDisNet,C:\Users\tishy\Documents\Honors\SkinDisNet\Preprocessed\Tinea Corporis (TC)\TC (180).jpg,Other,0.73687744140625,
SkinDisNet,C:\Users\tishy\Documents\Honors\SkinDisNet\Preprocessed\Tinea Corporis (TC)\TC (181).jpg,Other,0.74383544921875,
SkinDisNet,C:\Users\tishy\Documents\Honors\SkinDisNet\Preprocessed\Tinea Corporis (TC)\TC (182).jpg,Other,0.68560791015625,
SkinDisNet,C:\Users\tishy\Documents\Honors\SkinDisNet\Preprocessed\Tinea Corporis (TC)\TC (183).jpg,Other,0.93408203125,
SkinDisNet,C:\Users\tishy\Documents\Honors\SkinDisNet\Preprocessed\Tinea Corporis (TC)\TC (184).jpg,Other,0.935302734375,
SkinDisNet,C:\Users\tishy\Documents\Honors\SkinDisNet\Preprocessed\Tinea Corporis (TC)\TC (185).jpg,Other,0.90606689453125,
SkinDisNet,C:\Users\tishy\Documents\Honors\SkinDisNet\Preprocessed\Tinea Corporis (TC)\TC (186).jpg,Other,0.9129638671875,
SkinDisNet,C:\Users\tishy\Documents\Honors\SkinDisNet\Preprocessed\Tinea Corporis (TC)\TC (187).jpg,Other,1.0,
SkinDisNet,C:\Users\tishy\Documents\Honors\SkinDisNet\Preprocessed\Tinea Corporis (TC)\TC (188).jpg,Other,0.93426513671875,
SkinDisNet,C:\Users\tishy\Documents\Honors\SkinDisNet\Preprocessed\Tinea Corporis (TC)\TC (189).jpg,Other,0.89373779296875,
SkinDisNet,C:\Users\tishy\Documents\Honors\SkinDisNet\Preprocessed\Tinea Corporis (TC)\TC (19).jpg,Other,0.52545166015625,
SkinDisNet,C:\Users\tishy\Documents\Honors\SkinDisNet\Preprocessed\Tinea Corporis (TC)\TC (190).jpg,Other,0.85479736328125,
SkinDisNet,C:\Users\tishy\Documents\Honors\SkinDisNet\Preprocessed\Tinea Corporis (TC)\TC (191).jpg,Other,0.5687255859375,
SkinDisNet,C:\Users\tishy\Documents\Honors\SkinDisNet\Preprocessed\Tinea Corporis (TC)\TC (192).jpg,Other,0.91607666015625,
SkinDisNet,C:\Users\tishy\Documents\Honors\SkinDisNet\Preprocessed\Tinea Corporis (TC)\TC (193).jpg,Other,1.0,
SkinDisNet,C:\Users\tishy\Documents\Honors\SkinDisNet\Preprocessed\Tinea Corporis (TC)\TC (194).jpg,Other,1.0,
SkinDisNet,C:\Users\tishy\Documents\Honors\SkinDisNet\Preprocessed\Tinea Corporis (TC)\TC (195).jpg,Other,0.8399658203125,
SkinDisNet,C:\Users\tishy\Documents\Honors\SkinDisNet\Preprocessed\Tinea Corporis (TC)\TC (196).jpg,Other,0.83587646484375,
SkinDisNet,C:\Users\tishy\Documents\Honors\SkinDisNet\Preprocessed\Tinea Corporis (TC)\TC (197).jpg,Other,0.9752197265625,
SkinDisNet,C:\Users\tishy\Documents\Honors\SkinDisNet\Preprocessed\Tinea Corporis (TC)\TC (198).jpg,Other,0.85833740234375,
SkinDisNet,C:\Users\tishy\Documents\Honors\SkinDisNet\Preprocessed\Tinea Corporis (TC)\TC (199).jpg,Other,0.98779296875,
SkinDisNet,C:\Users\tishy\Documents\Honors\SkinDisNet\Preprocessed\Tinea Corporis (TC)\TC (2).jpg,Other,0.83544921875,
SkinDisNet,C:\Users\tishy\Documents\Honors\SkinDisNet\Preprocessed\Tinea Corporis (TC)\TC (20).jpg,Other,0.9998779296875,
SkinDisNet,C:\Users\tishy\Documents\Honors\SkinDisNet\Preprocessed\Tinea Corporis (TC)\TC (200).jpg,Other,1.0,
SkinDisNet,C:\Users\tishy\Documents\Honors\SkinDisNet\Preprocessed\Tinea Corporis (TC)\TC (201).jpg,Other,0.91314697265625,
SkinDisNet,C:\Users\tishy\Documents\Honors\SkinDisNet\Preprocessed\Tinea Corporis (TC)\TC (202).jpg,Other,0.9854736328125,
SkinDisNet,C:\Users\tishy\Documents\Honors\SkinDisNet\Preprocessed\Tinea Corporis (TC)\TC (203).jpg,Other,0.98516845703125,
SkinDisNet,C:\Users\tishy\Documents\Honors\SkinDisNet\Preprocessed\Tinea Corporis (TC)\TC (204).jpg,Other,1.0,
SkinDisNet,C:\Users\tishy\Documents\Honors\SkinDisNet\Preprocessed\Tinea Corporis (TC)\TC (205).jpg,Other,0.99530029296875,
SkinDisNet,C:\Users\tishy\Documents\Honors\SkinDisNet\Preprocessed\Tinea Corporis (TC)\TC (206).jpg,Other,1.0,
SkinDisNet,C:\Users\tishy\Documents\Honors\SkinDisNet\Preprocessed\Tinea Corporis (TC)\TC (207).jpg,Other,1.0,
SkinDisNet,C:\Users\tishy\Documents\Honors\SkinDisNet\Preprocessed\Tinea Corporis (TC)\TC (208).jpg,Other,1.0,
SkinDisNet,C:\Users\tishy\Documents\Honors\SkinDisNet\Preprocessed\Tinea Corporis (TC)\TC (209).jpg,Other,1.0,
SkinDisNet,C:\Users\tishy\Documents\Honors\SkinDisNet\Preprocessed\Tinea Corporis (TC)\TC (21).jpg,Other,0.7589111328125,
SkinDisNet,C:\Users\tishy\Documents\Honors\SkinDisNet\Preprocessed\Tinea Corporis (TC)\TC (210).jpg,Other,0.97540283203125,
SkinDisNet,C:\Users\tishy\Documents\Honors\SkinDisNet\Preprocessed\Tinea Corporis (TC)\TC (211).jpg,Other,0.99053955078125,
SkinDisNet,C:\Users\tishy\Documents\Honors\SkinDisNet\Preprocessed\Tinea Corporis (TC)\TC (212).jpg,Other,1.0,
SkinDisNet,C:\Users\tishy\Documents\Honors\SkinDisNet\Preprocessed\Tinea Corporis (TC)\TC (213).jpg,Other,1.0,
SkinDisNet,C:\Users\tishy\Documents\Honors\SkinDisNet\Preprocessed\Tinea Corporis (TC)\TC (214).jpg,Other,1.0,
SkinDisNet,C:\Users\tishy\Documents\Honors\SkinDisNet\Preprocessed\Tinea Corporis (TC)\TC (215).jpg,Other,0.396728515625,
SkinDisNet,C:\Users\tishy\Documents\Honors\SkinDisNet\Preprocessed\Tinea Corporis (TC)\TC (216).jpg,Other,0.53363037109375,
SkinDisNet,C:\Users\tishy\Documents\Honors\SkinDisNet\Preprocessed\Tinea Corporis (TC)\TC (217).jpg,Other,1.0,
SkinDisNet,C:\Users\tishy\Documents\Honors\SkinDisNet\Preprocessed\Tinea Corporis (TC)\TC (218).jpg,Other,1.0,
SkinDisNet,C:\Users\tishy\Documents\Honors\SkinDisNet\Preprocessed\Tinea Corporis (TC)\TC (219).jpg,Other,0.5579833984375,
SkinDisNet,C:\Users\tishy\Documents\Honors\SkinDisNet\Preprocessed\Tinea Corporis (TC)\TC (22).jpg,Other,0.505859375,
SkinDisNet,C:\Users\tishy\Documents\Honors\SkinDisNet\Preprocessed\Tinea Corporis (TC)\TC (220).jpg,Other,0.61077880859375,
SkinDisNet,C:\Users\tishy\Documents\Honors\SkinDisNet\Preprocessed\Tinea Corporis (TC)\TC (221).jpg,Other,0.46417236328125,
SkinDisNet,C:\Users\tishy\Documents\Honors\SkinDisNet\Preprocessed\Tinea Corporis (TC)\TC (222).jpg,Other,0.49005126953125,
SkinDisNet,C:\Users\tishy\Documents\Honors\SkinDisNet\Preprocessed\Tinea Corporis (TC)\TC (223).jpg,Other,0.983642578125,
SkinDisNet,C:\Users\tishy\Documents\Honors\SkinDisNet\Preprocessed\Tinea Corporis (TC)\TC (224).jpg,Other,0.99493408203125,
SkinDisNet,C:\Users\tishy\Documents\Honors\SkinDisNet\Preprocessed\Tinea Corporis (TC)\TC (225).jpg,Other,0.97467041015625,
SkinDisNet,C:\Users\tishy\Documents\Honors\SkinDisNet\Preprocessed\Tinea Corporis (TC)\TC (226).jpg,Other,0.9459228515625,
SkinDisNet,C:\Users\tishy\Documents\Honors\SkinDisNet\Preprocessed\Tinea Corporis (TC)\TC (227).jpg,Other,0.93365478515625,
SkinDisNet,C:\Users\tishy\Documents\Honors\SkinDisNet\Preprocessed\Tinea Corporis (TC)\TC (228).jpg,Other,0.49407958984375,
SkinDisNet,C:\Users\tishy\Documents\Honors\SkinDisNet\Preprocessed\Tinea Corporis (TC)\TC (229).jpg,Other,0.45709228515625,
SkinDisNet,C:\Users\tishy\Documents\Honors\SkinDisNet\Preprocessed\Tinea Corporis (TC)\TC (23).jpg,Other,0.61590576171875,
SkinDisNet,C:\Users\tishy\Documents\Honors\SkinDisNet\Preprocessed\Tinea Corporis (TC)\TC (230).jpg,Other,0.40570068359375,
SkinDisNet,C:\Users\tishy\Documents\Honors\SkinDisNet\Preprocessed\Tinea Corporis (TC)\TC (231).jpg,Other,0.4677734375,
SkinDisNet,C:\Users\tishy\Documents\Honors\SkinDisNet\Preprocessed\Tinea Corporis (TC)\TC (232).jpg,Other,0.58709716796875,
SkinDisNet,C:\Users\tishy\Documents\Honors\SkinDisNet\Preprocessed\Tinea Corporis (TC)\TC (233).jpg,Other,0.930419921875,
SkinDisNet,C:\Users\tishy\Documents\Honors\SkinDisNet\Preprocessed\Tinea Corporis (TC)\TC (234).jpg,Other,0.9476318359375,
SkinDisNet,C:\Users\tishy\Documents\Honors\SkinDisNet\Preprocessed\Tinea Corporis (TC)\TC (235).jpg,Other,0.77587890625,
SkinDisNet,C:\Users\tishy\Documents\Honors\SkinDisNet\Preprocessed\Tinea Corporis (TC)\TC (236).jpg,Other,0.88482666015625,
SkinDisNet,C:\Users\tishy\Documents\Honors\SkinDisNet\Preprocessed\Tinea Corporis (TC)\TC (237).jpg,Other,0.6864013671875,
SkinDisNet,C:\Users\tishy\Documents\Honors\SkinDisNet\Preprocessed\Tinea Corporis (TC)\TC (238).jpg,Other,0.74261474609375,
SkinDisNet,C:\Users\tishy\Documents\Honors\SkinDisNet\Preprocessed\Tinea Corporis (TC)\TC (239).jpg,Other,0.4874267578125,
SkinDisNet,C:\Users\tishy\Documents\Honors\SkinDisNet\Preprocessed\Tinea Corporis (TC)\TC (24).jpg,Other,0.13714599609375,
SkinDisNet,C:\Users\tishy\Documents\Honors\SkinDisNet\Preprocessed\Tinea Corporis (TC)\TC (240).jpg,Other,0.55841064453125,
SkinDisNet,C:\Users\tishy\Documents\Honors\SkinDisNet\Preprocessed\Tinea Corporis (TC)\TC (241).jpg,Other,0.96881103515625,
SkinDisNet,C:\Users\tishy\Documents\Honors\SkinDisNet\Preprocessed\Tinea Corporis (TC)\TC (242).jpg,Other,0.97125244140625,
SkinDisNet,C:\Users\tishy\Documents\Honors\SkinDisNet\Preprocessed\Tinea Corporis (TC)\TC (243).jpg,Other,0.99755859375,
SkinDisNet,C:\Users\tishy\Documents\Honors\SkinDisNet\Preprocessed\Tinea Corporis (TC)\TC (244).jpg,Other,0.98809814453125,
SkinDisNet,C:\Users\tishy\Documents\Honors\SkinDisNet\Preprocessed\Tinea Corporis (TC)\TC (245).jpg,Other,0.99554443359375,
SkinDisNet,C:\Users\tishy\Documents\Honors\SkinDisNet\Preprocessed\Tinea Corporis (TC)\TC (246).jpg,Other,0.96746826171875,
SkinDisNet,C:\Users\tishy\Documents\Honors\SkinDisNet\Preprocessed\Tinea Corporis (TC)\TC (247).jpg,Other,0.659423828125,
SkinDisNet,C:\Users\tishy\Documents\Honors\SkinDisNet\Preprocessed\Tinea Corporis (TC)\TC (248).jpg,Other,0.73095703125,
SkinDisNet,C:\Users\tishy\Documents\Honors\SkinDisNet\Preprocessed\Tinea Corporis (TC)\TC (249).jpg,Other,0.6690673828125,
SkinDisNet,C:\Users\tishy\Documents\Honors\SkinDisNet\Preprocessed\Tinea Corporis (TC)\TC (25).jpg,Other,0.9964599609375,
SkinDisNet,C:\Users\tishy\Documents\Honors\SkinDisNet\Preprocessed\Tinea Corporis (TC)\TC (250).jpg,Other,1.0,
SkinDisNet,C:\Users\tishy\Documents\Honors\SkinDisNet\Preprocessed\Tinea Corporis (TC)\TC (251).jpg,Other,1.0,
SkinDisNet,C:\Users\tishy\Documents\Honors\SkinDisNet\Preprocessed\Tinea Corporis (TC)\TC (252).jpg,Other,0.35931396484375,
SkinDisNet,C:\Users\tishy\Documents\Honors\SkinDisNet\Preprocessed\Tinea Corporis (TC)\TC (253).jpg,Other,0.5093994140625,
SkinDisNet,C:\Users\tishy\Documents\Honors\SkinDisNet\Preprocessed\Tinea Corporis (TC)\TC (254).jpg,Other,0.49078369140625,
SkinDisNet,C:\Users\tishy\Documents\Honors\SkinDisNet\Preprocessed\Tinea Corporis (TC)\TC (255).jpg,Other,0.6387939453125,
SkinDisNet,C:\Users\tishy\Documents\Honors\SkinDisNet\Preprocessed\Tinea Corporis (TC)\TC (256).jpg,Other,0.367919921875,
SkinDisNet,C:\Users\tishy\Documents\Honors\SkinDisNet\Preprocessed\Tinea Corporis (TC)\TC (257).jpg,Other,0.71929931640625,
SkinDisNet,C:\Users\tishy\Documents\Honors\SkinDisNet\Preprocessed\Tinea Corporis (TC)\TC (258).jpg,Other,0.6875,
SkinDisNet,C:\Users\tishy\Documents\Honors\SkinDisNet\Preprocessed\Tinea Corporis (TC)\TC (259).jpg,Other,0.32891845703125,
SkinDisNet,C:\Users\tishy\Documents\Honors\SkinDisNet\Preprocessed\Tinea Corporis (TC)\TC (26).jpg,Other,0.9996337890625,
SkinDisNet,C:\Users\tishy\Documents\Honors\SkinDisNet\Preprocessed\Tinea Corporis (TC)\TC (260).jpg,Other,0.71624755859375,
SkinDisNet,C:\Users\tishy\Documents\Honors\SkinDisNet\Preprocessed\Tinea Corporis (TC)\TC (261).jpg,Other,0.823486328125,
SkinDisNet,C:\Users\tishy\Documents\Honors\SkinDisNet\Preprocessed\Tinea Corporis (TC)\TC (262).jpg,Other,0.58514404296875,
SkinDisNet,C:\Users\tishy\Documents\Honors\SkinDisNet\Preprocessed\Tinea Corporis (TC)\TC (263).jpg,Other,0.83203125,
SkinDisNet,C:\Users\tishy\Documents\Honors\SkinDisNet\Preprocessed\Tinea Corporis (TC)\TC (264).jpg,Other,0.6187744140625,
SkinDisNet,C:\Users\tishy\Documents\Honors\SkinDisNet\Preprocessed\Tinea Corporis (TC)\TC (265).jpg,Other,0.68890380859375,
SkinDisNet,C:\Users\tishy\Documents\Honors\SkinDisNet\Preprocessed\Tinea Corporis (TC)\TC (266).jpg,Other,0.73907470703125,
SkinDisNet,C:\Users\tishy\Documents\Honors\SkinDisNet\Preprocessed\Tinea Corporis (TC)\TC (267).jpg,Other,0.78118896484375,
SkinDisNet,C:\Users\tishy\Documents\Honors\SkinDisNet\Preprocessed\Tinea Corporis (TC)\TC (268).jpg,Other,0.70379638671875,
SkinDisNet,C:\Users\tishy\Documents\Honors\SkinDisNet\Preprocessed\Tinea Corporis (TC)\TC (269).jpg,Other,0.869140625,
SkinDisNet,C:\Users\tishy\Documents\Honors\SkinDisNet\Preprocessed\Tinea Corporis (TC)\TC (27).jpg,Other,1.0,
SkinDisNet,C:\Users\tishy\Documents\Honors\SkinDisNet\Preprocessed\Tinea Corporis (TC)\TC (270).jpg,Other,0.9171142578125,
SkinDisNet,C:\Users\tishy\Documents\Honors\SkinDisNet\Preprocessed\Tinea Corporis (TC)\TC (271).jpg,Other,0.86126708984375,
SkinDisNet,C:\Users\tishy\Documents\Honors\SkinDisNet\Preprocessed\Tinea Corporis (TC)\TC (272).jpg,Other,0.9041748046875,
SkinDisNet,C:\Users\tishy\Documents\Honors\SkinDisNet\Preprocessed\Tinea Corporis (TC)\TC (273).jpg,Other,0.92034912109375,
SkinDisNet,C:\Users\tishy\Documents\Honors\SkinDisNet\Preprocessed\Tinea Corporis (TC)\TC (274).jpg,Other,0.854736328125,
SkinDisNet,C:\Users\tishy\Documents\Honors\SkinDisNet\Preprocessed\Tinea Corporis (TC)\TC (275).jpg,Other,0.85797119140625,
SkinDisNet,C:\Users\tishy\Documents\Honors\SkinDisNet\Preprocessed\Tinea Corporis (TC)\TC (28).jpg,Other,0.6605224609375,
SkinDisNet,C:\Users\tishy\Documents\Honors\SkinDisNet\Preprocessed\Tinea Corporis (TC)\TC (29).jpg,Other,0.93035888671875,
SkinDisNet,C:\Users\tishy\Documents\Honors\SkinDisNet\Preprocessed\Tinea Corporis (TC)\TC (3).jpg,Other,0.9080810546875,
SkinDisNet,C:\Users\tishy\Documents\Honors\SkinDisNet\Preprocessed\Tinea Corporis (TC)\TC (30).jpg,Other,1.0,
SkinDisNet,C:\Users\tishy\Documents\Honors\SkinDisNet\Preprocessed\Tinea Corporis (TC)\TC (31).jpg,Other,1.0,
SkinDisNet,C:\Users\tishy\Documents\Honors\SkinDisNet\Preprocessed\Tinea Corporis (TC)\TC (32).jpg,Other,0.853515625,
SkinDisNet,C:\Users\tishy\Documents\Honors\SkinDisNet\Preprocessed\Tinea Corporis (TC)\TC (33).jpg,Other,0.99932861328125,
SkinDisNet,C:\Users\tishy\Documents\Honors\SkinDisNet\Preprocessed\Tinea Corporis (TC)\TC (34).jpg,Other,0.80328369140625,
SkinDisNet,C:\Users\tishy\Documents\Honors\SkinDisNet\Preprocessed\Tinea Corporis (TC)\TC (35).jpg,Other,0.83758544921875,
SkinDisNet,C:\Users\tishy\Documents\Honors\SkinDisNet\Preprocessed\Tinea Corporis (TC)\TC (36).jpg,Other,0.6661376953125,
SkinDisNet,C:\Users\tishy\Documents\Honors\SkinDisNet\Preprocessed\Tinea Corporis (TC)\TC (37).jpg,Other,0.99188232421875,
SkinDisNet,C:\Users\tishy\Documents\Honors\SkinDisNet\Preprocessed\Tinea Corporis (TC)\TC (38).jpg,Other,0.99810791015625,
SkinDisNet,C:\Users\tishy\Documents\Honors\SkinDisNet\Preprocessed\Tinea Corporis (TC)\TC (39).jpg,Other,0.99481201171875,
SkinDisNet,C:\Users\tishy\Documents\Honors\SkinDisNet\Preprocessed\Tinea Corporis (TC)\TC (4).jpg,Other,0.87347412109375,
SkinDisNet,C:\Users\tishy\Documents\Honors\SkinDisNet\Preprocessed\Tinea Corporis (TC)\TC (40).jpg,Other,0.99456787109375,
SkinDisNet,C:\Users\tishy\Documents\Honors\SkinDisNet\Preprocessed\Tinea Corporis (TC)\TC (41).jpg,Other,0.9970703125,
SkinDisNet,C:\Users\tishy\Documents\Honors\SkinDisNet\Preprocessed\Tinea Corporis (TC)\TC (42).jpg,Other,0.98529052734375,
SkinDisNet,C:\Users\tishy\Documents\Honors\SkinDisNet\Preprocessed\Tinea Corporis (TC)\TC (43).jpg,Other,0.95989990234375,
SkinDisNet,C:\Users\tishy\Documents\Honors\SkinDisNet\Preprocessed\Tinea Corporis (TC)\TC (44).jpg,Other,0.84051513671875,
SkinDisNet,C:\Users\tishy\Documents\Honors\SkinDisNet\Preprocessed\Tinea Corporis (TC)\TC (45).jpg,Other,0.93487548828125,
SkinDisNet,C:\Users\tishy\Documents\Honors\SkinDisNet\Preprocessed\Tinea Corporis (TC)\TC (46).jpg,Other,0.73382568359375,
SkinDisNet,C:\Users\tishy\Documents\Honors\SkinDisNet\Preprocessed\Tinea Corporis (TC)\TC (47).jpg,Other,0.925537109375,
SkinDisNet,C:\Users\tishy\Documents\Honors\SkinDisNet\Preprocessed\Tinea Corporis (TC)\TC (48).jpg,Other,0.60162353515625,
SkinDisNet,C:\Users\tishy\Documents\Honors\SkinDisNet\Preprocessed\Tinea Corporis (TC)\TC (49).jpg,Other,1.0,
SkinDisNet,C:\Users\tishy\Documents\Honors\SkinDisNet\Preprocessed\Tinea Corporis (TC)\TC (5).jpg,Other,0.76580810546875,
SkinDisNet,C:\Users\tishy\Documents\Honors\SkinDisNet\Preprocessed\Tinea Corporis (TC)\TC (50).jpg,Other,1.0,
SkinDisNet,C:\Users\tishy\Documents\Honors\SkinDisNet\Preprocessed\Tinea Corporis (TC)\TC (51).jpg,Other,1.0,
SkinDisNet,C:\Users\tishy\Documents\Honors\SkinDisNet\Preprocessed\Tinea Corporis (TC)\TC (52).jpg,Other,1.0,
SkinDisNet,C:\Users\tishy\Documents\Honors\SkinDisNet\Preprocessed\Tinea Corporis (TC)\TC (53).jpg,Other,0.6126708984375,
SkinDisNet,C:\Users\tishy\Documents\Honors\SkinDisNet\Preprocessed\Tinea Corporis (TC)\TC (54).jpg,Other,0.72991943359375,
SkinDisNet,C:\Users\tishy\Documents\Honors\SkinDisNet\Preprocessed\Tinea Corporis (TC)\TC (55).jpg,Other,0.6016845703125,
SkinDisNet,C:\Users\tishy\Documents\Honors\SkinDisNet\Preprocessed\Tinea Corporis (TC)\TC (56).jpg,Other,0.9117431640625,
SkinDisNet,C:\Users\tishy\Documents\Honors\SkinDisNet\Preprocessed\Tinea Corporis (TC)\TC (57).jpg,Other,0.921142578125,
SkinDisNet,C:\Users\tishy\Documents\Honors\SkinDisNet\Preprocessed\Tinea Corporis (TC)\TC (58).jpg,Other,0.96868896484375,
SkinDisNet,C:\Users\tishy\Documents\Honors\SkinDisNet\Preprocessed\Tinea Corporis (TC)\TC (59).jpg,Other,0.062255859375,
SkinDisNet,C:\Users\tishy\Documents\Honors\SkinDisNet\Preprocessed\Tinea Corporis (TC)\TC (6).jpg,Other,0.74627685546875,
SkinDisNet,C:\Users\tishy\Documents\Honors\SkinDisNet\Preprocessed\Tinea Corporis (TC)\TC (60).jpg,Other,0.33782958984375,
SkinDisNet,C:\Users\tishy\Documents\Honors\SkinDisNet\Preprocessed\Tinea Corporis (TC)\TC (61).jpg,Other,0.843017578125,
SkinDisNet,C:\Users\tishy\Documents\Honors\SkinDisNet\Preprocessed\Tinea Corporis (TC)\TC (62).jpg,Other,0.10986328125,
SkinDisNet,C:\Users\tishy\Documents\Honors\SkinDisNet\Preprocessed\Tinea Corporis (TC)\TC (63).jpg,Other,0.84954833984375,
SkinDisNet,C:\Users\tishy\Documents\Honors\SkinDisNet\Preprocessed\Tinea Corporis (TC)\TC (64).jpg,Other,0.8541259765625,
SkinDisNet,C:\Users\tishy\Documents\Honors\SkinDisNet\Preprocessed\Tinea Corporis (TC)\TC (65).jpg,Other,0.97479248046875,
SkinDisNet,C:\Users\tishy\Documents\Honors\SkinDisNet\Preprocessed\Tinea Corporis (TC)\TC (66).jpg,Other,0.38177490234375,
SkinDisNet,C:\Users\tishy\Documents\Honors\SkinDisNet\Preprocessed\Tinea Corporis (TC)\TC (67).jpg,Other,0.6412353515625,
SkinDisNet,C:\Users\tishy\Documents\Honors\SkinDisNet\Preprocessed\Tinea Corporis (TC)\TC (68).jpg,Other,0.62725830078125,
SkinDisNet,C:\Users\tishy\Documents\Honors\SkinDisNet\Preprocessed\Tinea Corporis (TC)\TC (69).jpg,Other,0.56817626953125,
SkinDisNet,C:\Users\tishy\Documents\Honors\SkinDisNet\Preprocessed\Tinea Corporis (TC)\TC (7).jpg,Other,0.79534912109375,
SkinDisNet,C:\Users\tishy\Documents\Honors\SkinDisNet\Preprocessed\Tinea Corporis (TC)\TC (70).jpg,Other,0.6751708984375,
SkinDisNet,C:\Users\tishy\Documents\Honors\SkinDisNet\Preprocessed\Tinea Corporis (TC)\TC (71).jpg,Other,0.70458984375,
SkinDisNet,C:\Users\tishy\Documents\Honors\SkinDisNet\Preprocessed\Tinea Corporis (TC)\TC (72).jpg,Other,0.97674560546875,
SkinDisNet,C:\Users\tishy\Documents\Honors\SkinDisNet\Preprocessed\Tinea Corporis (TC)\TC (73).jpg,Other,0.94189453125,
SkinDisNet,C:\Users\tishy\Documents\Honors\SkinDisNet\Preprocessed\Tinea Corporis (TC)\TC (74).jpg,Other,0.12908935546875,
SkinDisNet,C:\Users\tishy\Documents\Honors\SkinDisNet\Preprocessed\Tinea Corporis (TC)\TC (75).jpg,Other,0.17120361328125,
SkinDisNet,C:\Users\tishy\Documents\Honors\SkinDisNet\Preprocessed\Tinea Corporis (TC)\TC (76).jpg,Other,0.05615234375,
SkinDisNet,C:\Users\tishy\Documents\Honors\SkinDisNet\Preprocessed\Tinea Corporis (TC)\TC (77).jpg,Other,0.093505859375,
SkinDisNet,C:\Users\tishy\Documents\Honors\SkinDisNet\Preprocessed\Tinea Corporis (TC)\TC (78).jpg,Other,0.17535400390625,
SkinDisNet,C:\Users\tishy\Documents\Honors\SkinDisNet\Preprocessed\Tinea Corporis (TC)\TC (79).jpg,Other,0.11224365234375,
SkinDisNet,C:\Users\tishy\Documents\Honors\SkinDisNet\Preprocessed\Tinea Corporis (TC)\TC (8).jpg,Other,0.96441650390625,
SkinDisNet,C:\Users\tishy\Documents\Honors\SkinDisNet\Preprocessed\Tinea Corporis (TC)\TC (80).jpg,Other,0.12811279296875,
SkinDisNet,C:\Users\tishy\Documents\Honors\SkinDisNet\Preprocessed\Tinea Corporis (TC)\TC (81).jpg,Other,0.9986572265625,
SkinDisNet,C:\Users\tishy\Documents\Honors\SkinDisNet\Preprocessed\Tinea Corporis (TC)\TC (82).jpg,Other,0.99462890625,
SkinDisNet,C:\Users\tishy\Documents\Honors\SkinDisNet\Preprocessed\Tinea Corporis (TC)\TC (83).jpg,Other,0.761962890625,
SkinDisNet,C:\Users\tishy\Documents\Honors\SkinDisNet\Preprocessed\Tinea Corporis (TC)\TC (84).jpg,Other,0.729248046875,
SkinDisNet,C:\Users\tishy\Documents\Honors\SkinDisNet\Preprocessed\Tinea Corporis (TC)\TC (85).jpg,Other,0.964599609375,
SkinDisNet,C:\Users\tishy\Documents\Honors\SkinDisNet\Preprocessed\Tinea Corporis (TC)\TC (86).jpg,Other,0.26531982421875,
SkinDisNet,C:\Users\tishy\Documents\Honors\SkinDisNet\Preprocessed\Tinea Corporis (TC)\TC (87).jpg,Other,0.75640869140625,
SkinDisNet,C:\Users\tishy\Documents\Honors\SkinDisNet\Preprocessed\Tinea Corporis (TC)\TC (88).jpg,Other,0.79876708984375,
SkinDisNet,C:\Users\tishy\Documents\Honors\SkinDisNet\Preprocessed\Tinea Corporis (TC)\TC (89).jpg,Other,0.911865234375,
SkinDisNet,C:\Users\tishy\Documents\Honors\SkinDisNet\Preprocessed\Tinea Corporis (TC)\TC (9).jpg,Other,0.944091796875,
SkinDisNet,C:\Users\tishy\Documents\Honors\SkinDisNet\Preprocessed\Tinea Corporis (TC)\TC (90).jpg,Other,0.85406494140625,
SkinDisNet,C:\Users\tishy\Documents\Honors\SkinDisNet\Preprocessed\Tinea Corporis (TC)\TC (91).jpg,Other,0.67437744140625,
SkinDisNet,C:\Users\tishy\Documents\Honors\SkinDisNet\Preprocessed\Tinea Corporis (TC)\TC (92).jpg,Other,0.06011962890625,
SkinDisNet,C:\Users\tishy\Documents\Honors\SkinDisNet\Preprocessed\Tinea Corporis (TC)\TC (93).jpg,Other,0.6124267578125,
SkinDisNet,C:\Users\tishy\Documents\Honors\SkinDisNet\Preprocessed\Tinea Corporis (TC)\TC (94).jpg,Other,0.60211181640625,
SkinDisNet,C:\Users\tishy\Documents\Honors\SkinDisNet\Preprocessed\Tinea Corporis (TC)\TC (95).jpg,Other,0.70697021484375,
SkinDisNet,C:\Users\tishy\Documents\Honors\SkinDisNet\Preprocessed\Tinea Corporis (TC)\TC (96).jpg,Other,0.67901611328125,
SkinDisNet,C:\Users\tishy\Documents\Honors\SkinDisNet\Preprocessed\Tinea Corporis (TC)\TC (97).jpg,Other,0.49658203125,
SkinDisNet,C:\Users\tishy\Documents\Honors\SkinDisNet\Preprocessed\Tinea Corporis (TC)\TC (98).jpg,Other,0.236572265625,
SkinDisNet,C:\Users\tishy\Documents\Honors\SkinDisNet\Preprocessed\Tinea Corporis (TC)\TC (99).jpg,Other,0.51318359375,
